{"stats":{"minecraft:killed_by":{"minecraft:player":2,"minecraft:spider":1,"minecraft:skeleton":5,"minecraft:zombie":5},"minecraft:crafted":{"minecraft:oak_planks":24,"minecraft:stone_shovel":1,"minecraft:iron_nugget":1,"minecraft:cooked_chicken":1,"minecraft:furnace":1,"minecraft:cooked_mutton":9,"minecraft:iron_boots":2,"minecraft:stone_pickaxe":5,"minecraft:cooked_beef":4,"minecraft:cooked_cod":7,"minecraft:crafting_table":3,"minecraft:iron_helmet":2,"minecraft:cooked_salmon":8,"minecraft:birch_planks":16,"minecraft:stone_axe":2,"minecraft:iron_chestplate":2,"minecraft:shield":2,"minecraft:stick":32,"minecraft:iron_ingot":41,"minecraft:stone_sword":1,"minecraft:iron_leggings":2,"minecraft:torch":24},"minecraft:broken":{"minecraft:stone_pickaxe":1,"minecraft:shield":1,"minecraft:stone_axe":1,"minecraft:iron_pickaxe":1,"minecraft:stone_shovel":1},"minecraft:used":{"minecraft:stone_sword":192,"minecraft:acacia_log":1,"minecraft:stone_shovel":132,"minecraft:chest":1,"minecraft:shield":19,"minecraft:iron_sword":115,"minecraft:cooked_salmon":9,"minecraft:cooked_chicken":18,"minecraft:orange_bed":1,"minecraft:torch":104,"minecraft:dirt":92,"minecraft:jungle_planks":1,"minecraft:acacia_sapling":9,"minecraft:tuff":1,"minecraft:iron_axe":104,"minecraft:iron_block":1,"minecraft:cooked_cod":15,"minecraft:furnace":4,"minecraft:egg":14,"minecraft:cooked_beef":15,"minecraft:acacia_planks":1,"minecraft:wheat_seeds":77,"minecraft:cooked_mutton":6,"minecraft:water_bucket":47,"minecraft:stone_pickaxe":215,"minecraft:crafting_table":9,"minecraft:blast_furnace":1,"minecraft:spruce_log":15,"minecraft:smoker":1,"minecraft:oak_log":1,"minecraft:diamond_pickaxe":24,"minecraft:apple":2,"minecraft:chicken":1,"minecraft:bread":10,"minecraft:iron_pickaxe":89,"minecraft:spruce_sapling":4,"minecraft:stone_axe":175,"minecraft:cobblestone":39,"minecraft:bucket":48,"minecraft:birch_log":13,"minecraft:bone_meal":24},"minecraft:mined":{"minecraft:tuff":1,"minecraft:deepslate_diamond_ore":5,"minecraft:acacia_log":61,"minecraft:grass_block":72,"minecraft:jungle_planks":1,"minecraft:furnace":4,"minecraft:iron_ore":26,"minecraft:cobbled_deepslate":6,"minecraft:andesite":4,"minecraft:deepslate_iron_ore":55,"minecraft:vine":1,"minecraft:stone":46,"minecraft:iron_block":1,"minecraft:orange_bed":2,"minecraft:acacia_leaves":4,"minecraft:smoker":1,"minecraft:crafting_table":8,"minecraft:torch":18,"minecraft:short_grass":117,"minecraft:chest":4,"minecraft:cobblestone":20,"minecraft:deepslate_gold_ore":18,"minecraft:sugar_cane":1,"minecraft:oak_planks":2,"minecraft:wall_torch":10,"minecraft:birch_log":33,"minecraft:spruce_log":103,"minecraft:birch_leaves":2,"minecraft:oak_log":1,"minecraft:coal_ore":58,"minecraft:sand":148,"minecraft:dirt":96,"minecraft:cobweb":1,"minecraft:acacia_planks":1,"minecraft:oak_leaves":9,"minecraft:deepslate":60},"minecraft:custom":{"minecraft:interact_with_anvil":2,"minecraft:mob_kills":48,"minecraft:animals_bred":1,"minecraft:interact_with_crafting_table":32,"minecraft:interact_with_campfire":1,"minecraft:leave_game":3,"minecraft:time_since_death":12146,"minecraft:climb_one_cm":942,"minecraft:sprint_one_cm":1429985,"minecraft:walk_one_cm":803549,"minecraft:damage_blocked_by_shield":916,"minecraft:drop":29,"minecraft:play_time":326261,"minecraft:deaths":14,"minecraft:sneak_time":11746,"minecraft:walk_under_water_one_cm":28628,"minecraft:boat_one_cm":91358,"minecraft:jump":3463,"minecraft:interact_with_blast_furnace":10,"minecraft:walk_on_water_one_cm":54713,"minecraft:total_world_time":326261,"minecraft:interact_with_furnace":40,"minecraft:interact_with_grindstone":1,"minecraft:sleep_in_bed":7,"minecraft:time_since_rest":12188,"minecraft:damage_taken":7251,"minecraft:damage_dealt":5988,"minecraft:swim_one_cm":26720,"minecraft:fly_one_cm":462091,"minecraft:player_kills":1,"minecraft:open_chest":103,"minecraft:crouch_one_cm":39393,"minecraft:interact_with_smoker":17,"minecraft:fall_one_cm":84344},"minecraft:picked_up":{"minecraft:crafting_table":11,"minecraft:iron_chestplate":8,"minecraft:wheat":9,"minecraft:chicken":59,"minecraft:clay_ball":24,"minecraft:enchanted_book":3,"minecraft:shield":3,"minecraft:string":17,"minecraft:iron_axe":1,"minecraft:cooked_salmon":9,"minecraft:iron_leggings":5,"minecraft:cobbled_deepslate":171,"minecraft:bucket":1,"minecraft:beef":25,"minecraft:iron_nugget":1,"minecraft:iron_pickaxe":3,"minecraft:sugar_cane":2,"minecraft:chest":4,"minecraft:furnace":6,"minecraft:iron_boots":3,"minecraft:egg":37,"minecraft:stick":148,"minecraft:raw_iron":434,"minecraft:acacia_fence":2,"minecraft:torch":360,"minecraft:acacia_log":58,"minecraft:porkchop":36,"minecraft:redstone":52,"minecraft:orange_bed":2,"minecraft:rotten_flesh":82,"minecraft:stone_sword":5,"minecraft:arrow":14,"minecraft:cooked_cod":24,"minecraft:hay_block":9,"minecraft:iron_block":3,"minecraft:mutton":41,"minecraft:white_wool":19,"minecraft:cobblestone":107,"minecraft:birch_log":137,"minecraft:feather":91,"minecraft:cooked_beef":24,"minecraft:andesite":4,"minecraft:water_bucket":3,"minecraft:salmon":17,"minecraft:leather":7,"minecraft:smoker":1,"minecraft:tuff":2,"minecraft:oak_log":16,"minecraft:gunpowder":4,"minecraft:dirt":496,"minecraft:cooked_mutton":2,"minecraft:bone":22,"minecraft:acacia_planks":8,"minecraft:apple":4,"minecraft:bow":7,"minecraft:wheat_seeds":115,"minecraft:raw_gold":43,"minecraft:iron_ingot":124,"minecraft:stone_pickaxe":8,"minecraft:acacia_sapling":20,"minecraft:iron_sword":4,"minecraft:oak_planks":17,"minecraft:gravel":2,"minecraft:jungle_planks":41,"minecraft:sand":182,"minecraft:spruce_sapling":15,"minecraft:blast_furnace":2,"minecraft:spruce_log":102,"minecraft:spider_eye":16,"minecraft:diamond":12,"minecraft:stone_axe":7,"minecraft:iron_helmet":3,"minecraft:bone_meal":39,"minecraft:bread":10,"minecraft:melon_seeds":1,"minecraft:black_wool":1,"minecraft:coal":182,"minecraft:diamond_pickaxe":2},"minecraft:dropped":{"minecraft:enchanted_book":1,"minecraft:water_bucket":1,"minecraft:iron_ingot":1,"minecraft:wheat_seeds":65,"minecraft:oak_log":7,"minecraft:diamond":3,"minecraft:cobblestone":25,"minecraft:acacia_log":57,"minecraft:coal":44,"minecraft:iron_axe":1,"minecraft:sand":22,"minecraft:orange_bed":1,"minecraft:string":1,"minecraft:birch_log":32,"minecraft:sugar_cane":2,"minecraft:wheat":2,"minecraft:rotten_flesh":2,"minecraft:oak_planks":66,"minecraft:blast_furnace":1,"minecraft:chest":2,"minecraft:acacia_sapling":4,"minecraft:arrow":1,"minecraft:egg":1},"minecraft:killed":{"minecraft:spider":2,"minecraft:skeleton":5,"minecraft:chicken":16,"minecraft:drowned":1,"minecraft:pig":3,"minecraft:zombie_villager":1,"minecraft:salmon":1,"minecraft:sheep":8,"minecraft:zombie":7,"minecraft:cow":3}},"DataVersion":3953}