{"stats":{"minecraft:killed":{"minecraft:spider":1,"minecraft:skeleton":3,"minecraft:chicken":15,"minecraft:pig":2,"minecraft:zombie_villager":1,"minecraft:sheep":8,"minecraft:zombie":6,"minecraft:cow":3},"minecraft:picked_up":{"minecraft:crafting_table":8,"minecraft:iron_chestplate":7,"minecraft:wheat":5,"minecraft:chicken":57,"minecraft:clay_ball":24,"minecraft:enchanted_book":2,"minecraft:shield":2,"minecraft:string":15,"minecraft:cooked_salmon":8,"minecraft:iron_axe":1,"minecraft:iron_leggings":4,"minecraft:cobbled_deepslate":165,"minecraft:bucket":1,"minecraft:beef":22,"minecraft:iron_nugget":1,"minecraft:iron_pickaxe":3,"minecraft:chest":4,"minecraft:egg":36,"minecraft:iron_boots":2,"minecraft:furnace":6,"minecraft:stick":127,"minecraft:raw_iron":434,"minecraft:acacia_fence":2,"minecraft:torch":358,"minecraft:acacia_log":58,"minecraft:porkchop":28,"minecraft:redstone":52,"minecraft:orange_bed":2,"minecraft:rotten_flesh":80,"minecraft:stone_sword":4,"minecraft:arrow":10,"minecraft:cooked_cod":24,"minecraft:hay_block":9,"minecraft:iron_block":3,"minecraft:mutton":41,"minecraft:white_wool":19,"minecraft:cobblestone":73,"minecraft:birch_log":137,"minecraft:feather":91,"minecraft:cooked_beef":15,"minecraft:salmon":16,"minecraft:water_bucket":3,"minecraft:andesite":4,"minecraft:leather":7,"minecraft:smoker":1,"minecraft:tuff":1,"minecraft:oak_log":16,"minecraft:gunpowder":4,"minecraft:dirt":494,"minecraft:cooked_mutton":1,"minecraft:bone":18,"minecraft:acacia_planks":8,"minecraft:apple":4,"minecraft:bow":6,"minecraft:wheat_seeds":113,"minecraft:raw_gold":43,"minecraft:stone_pickaxe":6,"minecraft:iron_ingot":124,"minecraft:iron_sword":3,"minecraft:oak_planks":13,"minecraft:acacia_sapling":20,"minecraft:gravel":2,"minecraft:sand":44,"minecraft:jungle_planks":41,"minecraft:blast_furnace":2,"minecraft:spider_eye":16,"minecraft:diamond":10,"minecraft:stone_axe":6,"minecraft:iron_helmet":2,"minecraft:bone_meal":21,"minecraft:bread":10,"minecraft:coal":182,"minecraft:black_wool":1,"minecraft:melon_seeds":1},"minecraft:broken":{"minecraft:stone_pickaxe":1,"minecraft:shield":1,"minecraft:iron_pickaxe":1},"minecraft:custom":{"minecraft:mob_kills":40,"minecraft:animals_bred":1,"minecraft:interact_with_crafting_table":29,"minecraft:leave_game":2,"minecraft:time_since_death":18936,"minecraft:climb_one_cm":942,"minecraft:sprint_one_cm":1106791,"minecraft:walk_one_cm":660221,"minecraft:damage_blocked_by_shield":525,"minecraft:drop":24,"minecraft:play_time":266866,"minecraft:deaths":13,"minecraft:sneak_time":10448,"minecraft:walk_under_water_one_cm":18592,"minecraft:jump":2527,"minecraft:interact_with_blast_furnace":10,"minecraft:walk_on_water_one_cm":43961,"minecraft:total_world_time":266866,"minecraft:interact_with_furnace":36,"minecraft:sleep_in_bed":3,"minecraft:time_since_rest":18971,"minecraft:damage_taken":6247,"minecraft:damage_dealt":4929,"minecraft:swim_one_cm":5904,"minecraft:fly_one_cm":329239,"minecraft:player_kills":1,"minecraft:open_chest":87,"minecraft:crouch_one_cm":36739,"minecraft:interact_with_smoker":17,"minecraft:fall_one_cm":61926},"minecraft:used":{"minecraft:stone_sword":192,"minecraft:acacia_log":1,"minecraft:chest":1,"minecraft:shield":11,"minecraft:iron_sword":68,"minecraft:cooked_salmon":3,"minecraft:cooked_chicken":18,"minecraft:orange_bed":1,"minecraft:torch":88,"minecraft:dirt":92,"minecraft:jungle_planks":1,"minecraft:acacia_sapling":9,"minecraft:tuff":1,"minecraft:iron_block":1,"minecraft:iron_axe":104,"minecraft:furnace":4,"minecraft:cooked_cod":15,"minecraft:egg":14,"minecraft:cooked_beef":9,"minecraft:acacia_planks":1,"minecraft:wheat_seeds":77,"minecraft:cooked_mutton":5,"minecraft:water_bucket":47,"minecraft:stone_pickaxe":198,"minecraft:crafting_table":7,"minecraft:blast_furnace":1,"minecraft:smoker":1,"minecraft:oak_log":1,"minecraft:apple":2,"minecraft:chicken":1,"minecraft:bread":10,"minecraft:iron_pickaxe":89,"minecraft:stone_axe":70,"minecraft:cobblestone":34,"minecraft:bucket":48,"minecraft:birch_log":13,"minecraft:bone_meal":21},"minecraft:dropped":{"minecraft:water_bucket":1,"minecraft:iron_ingot":1,"minecraft:wheat_seeds":65,"minecraft:oak_log":7,"minecraft:cobblestone":25,"minecraft:acacia_log":57,"minecraft:coal":44,"minecraft:sand":22,"minecraft:iron_axe":1,"minecraft:orange_bed":1,"minecraft:string":1,"minecraft:birch_log":32,"minecraft:wheat":2,"minecraft:rotten_flesh":2,"minecraft:oak_planks":64,"minecraft:blast_furnace":1,"minecraft:chest":2,"minecraft:acacia_sapling":4,"minecraft:egg":1},"minecraft:crafted":{"minecraft:oak_planks":24,"minecraft:iron_nugget":1,"minecraft:cooked_chicken":1,"minecraft:furnace":1,"minecraft:cooked_mutton":9,"minecraft:iron_boots":2,"minecraft:stone_pickaxe":3,"minecraft:cooked_beef":4,"minecraft:cooked_cod":7,"minecraft:crafting_table":2,"minecraft:iron_helmet":2,"minecraft:cooked_salmon":8,"minecraft:birch_planks":16,"minecraft:stone_axe":1,"minecraft:iron_chestplate":2,"minecraft:shield":2,"minecraft:stick":32,"minecraft:iron_ingot":41,"minecraft:stone_sword":1,"minecraft:iron_leggings":2,"minecraft:torch":24},"minecraft:mined":{"minecraft:tuff":1,"minecraft:deepslate_diamond_ore":5,"minecraft:acacia_log":61,"minecraft:grass_block":70,"minecraft:jungle_planks":1,"minecraft:furnace":4,"minecraft:iron_ore":26,"minecraft:andesite":4,"minecraft:deepslate_iron_ore":55,"minecraft:vine":1,"minecraft:stone":30,"minecraft:iron_block":1,"minecraft:orange_bed":2,"minecraft:acacia_leaves":4,"minecraft:smoker":1,"minecraft:crafting_table":6,"minecraft:torch":16,"minecraft:short_grass":108,"minecraft:chest":4,"minecraft:cobblestone":20,"minecraft:deepslate_gold_ore":18,"minecraft:oak_planks":1,"minecraft:wall_torch":9,"minecraft:birch_log":33,"minecraft:birch_leaves":2,"minecraft:oak_log":1,"minecraft:coal_ore":58,"minecraft:sand":13,"minecraft:dirt":96,"minecraft:cobweb":1,"minecraft:acacia_planks":1,"minecraft:oak_leaves":4,"minecraft:deepslate":60},"minecraft:killed_by":{"minecraft:player":2,"minecraft:skeleton":5,"minecraft:zombie":5}},"DataVersion":3953}