{"stats":{"minecraft:killed_by":{"minecraft:player":3,"minecraft:spider":1,"minecraft:skeleton":5,"minecraft:guardian":1,"minecraft:zombie":5},"minecraft:crafted":{"minecraft:oak_planks":24,"minecraft:stone_shovel":1,"minecraft:iron_nugget":1,"minecraft:cooked_chicken":1,"minecraft:furnace":1,"minecraft:cooked_mutton":9,"minecraft:iron_boots":2,"minecraft:stone_pickaxe":5,"minecraft:cooked_beef":4,"minecraft:cooked_cod":7,"minecraft:crafting_table":3,"minecraft:iron_helmet":2,"minecraft:cooked_salmon":8,"minecraft:birch_planks":16,"minecraft:stone_axe":2,"minecraft:iron_chestplate":2,"minecraft:shield":2,"minecraft:stick":32,"minecraft:iron_ingot":41,"minecraft:stone_sword":1,"minecraft:iron_leggings":2,"minecraft:torch":32},"minecraft:broken":{"minecraft:stone_pickaxe":1,"minecraft:shield":1,"minecraft:stone_axe":1,"minecraft:iron_pickaxe":1,"minecraft:stone_shovel":1},"minecraft:used":{"minecraft:stone_sword":192,"minecraft:acacia_log":1,"minecraft:stone_shovel":132,"minecraft:chest":1,"minecraft:shield":23,"minecraft:iron_sword":153,"minecraft:cooked_salmon":9,"minecraft:cooked_chicken":18,"minecraft:orange_bed":1,"minecraft:torch":110,"minecraft:dirt":92,"minecraft:jungle_planks":1,"minecraft:acacia_sapling":9,"minecraft:tuff":1,"minecraft:iron_axe":104,"minecraft:iron_block":1,"minecraft:cooked_cod":15,"minecraft:furnace":4,"minecraft:egg":14,"minecraft:cooked_beef":21,"minecraft:acacia_planks":1,"minecraft:wheat_seeds":77,"minecraft:cooked_mutton":6,"minecraft:water_bucket":47,"minecraft:diorite":1,"minecraft:iron_ore":3,"minecraft:stone_pickaxe":317,"minecraft:sand":4,"minecraft:crafting_table":9,"minecraft:blast_furnace":1,"minecraft:spruce_log":15,"minecraft:smoker":1,"minecraft:oak_log":1,"minecraft:diamond_pickaxe":24,"minecraft:apple":2,"minecraft:chicken":1,"minecraft:bread":10,"minecraft:iron_pickaxe":89,"minecraft:spruce_sapling":4,"minecraft:stone_axe":179,"minecraft:cobblestone":39,"minecraft:bucket":48,"minecraft:birch_log":13,"minecraft:oak_boat":1,"minecraft:bone_meal":24},"minecraft:mined":{"minecraft:tuff":1,"minecraft:deepslate_diamond_ore":5,"minecraft:acacia_log":61,"minecraft:grass_block":72,"minecraft:jungle_planks":1,"minecraft:spawner":1,"minecraft:furnace":4,"minecraft:iron_ore":59,"minecraft:cobbled_deepslate":6,"minecraft:andesite":5,"minecraft:rail":1,"minecraft:deepslate_iron_ore":55,"minecraft:vine":1,"minecraft:stone":51,"minecraft:iron_block":1,"minecraft:orange_bed":2,"minecraft:acacia_leaves":4,"minecraft:smoker":1,"minecraft:crafting_table":8,"minecraft:torch":19,"minecraft:short_grass":117,"minecraft:chest":4,"minecraft:copper_ore":1,"minecraft:cobblestone":22,"minecraft:deepslate_gold_ore":18,"minecraft:sugar_cane":1,"minecraft:oak_planks":6,"minecraft:diorite":1,"minecraft:wall_torch":12,"minecraft:birch_log":33,"minecraft:spruce_log":103,"minecraft:birch_leaves":2,"minecraft:oak_log":1,"minecraft:coal_ore":81,"minecraft:sand":148,"minecraft:dirt":96,"minecraft:cobweb":2,"minecraft:acacia_planks":1,"minecraft:oak_leaves":9,"minecraft:deepslate":94},"minecraft:custom":{"minecraft:interact_with_anvil":2,"minecraft:mob_kills":50,"minecraft:animals_bred":1,"minecraft:interact_with_crafting_table":33,"minecraft:interact_with_campfire":1,"minecraft:leave_game":3,"minecraft:time_since_death":25862,"minecraft:climb_one_cm":942,"minecraft:sprint_one_cm":1525918,"minecraft:walk_one_cm":888404,"minecraft:damage_blocked_by_shield":1036,"minecraft:drop":32,"minecraft:play_time":386261,"minecraft:deaths":17,"minecraft:sneak_time":11747,"minecraft:walk_under_water_one_cm":32914,"minecraft:boat_one_cm":370255,"minecraft:jump":3907,"minecraft:interact_with_blast_furnace":10,"minecraft:walk_on_water_one_cm":71831,"minecraft:total_world_time":386261,"minecraft:interact_with_furnace":40,"minecraft:interact_with_grindstone":1,"minecraft:sleep_in_bed":7,"minecraft:time_since_rest":25931,"minecraft:damage_taken":8569,"minecraft:damage_dealt":6720,"minecraft:swim_one_cm":27148,"minecraft:fly_one_cm":509634,"minecraft:player_kills":1,"minecraft:open_chest":103,"minecraft:crouch_one_cm":39393,"minecraft:interact_with_smoker":17,"minecraft:fall_one_cm":94963},"minecraft:picked_up":{"minecraft:crafting_table":14,"minecraft:iron_chestplate":11,"minecraft:wheat":21,"minecraft:chicken":62,"minecraft:clay_ball":24,"minecraft:packed_ice":3,"minecraft:enchanted_book":3,"minecraft:shield":6,"minecraft:string":28,"minecraft:iron_axe":1,"minecraft:cooked_salmon":9,"minecraft:iron_leggings":8,"minecraft:cobbled_deepslate":171,"minecraft:bucket":1,"minecraft:spruce_planks":2,"minecraft:beef":28,"minecraft:oak_boat":1,"minecraft:iron_nugget":1,"minecraft:iron_pickaxe":3,"minecraft:sugar_cane":2,"minecraft:chest":4,"minecraft:furnace":6,"minecraft:iron_boots":6,"minecraft:egg":40,"minecraft:stick":208,"minecraft:raw_iron":493,"minecraft:acacia_fence":2,"minecraft:oak_fence":3,"minecraft:torch":365,"minecraft:acacia_log":58,"minecraft:porkchop":54,"minecraft:diorite":6,"minecraft:redstone":52,"minecraft:orange_bed":2,"minecraft:rotten_flesh":91,"minecraft:stone_sword":8,"minecraft:arrow":25,"minecraft:cooked_cod":24,"minecraft:hay_block":9,"minecraft:iron_block":3,"minecraft:mutton":41,"minecraft:rail":6,"minecraft:snowball":12,"minecraft:white_wool":19,"minecraft:cobblestone":164,"minecraft:birch_log":137,"minecraft:feather":91,"minecraft:cooked_beef":53,"minecraft:glow_ink_sac":4,"minecraft:andesite":7,"minecraft:water_bucket":3,"minecraft:salmon":17,"minecraft:leather":7,"minecraft:smoker":1,"minecraft:tuff":5,"minecraft:oak_log":16,"minecraft:gunpowder":4,"minecraft:dirt":496,"minecraft:cooked_mutton":2,"minecraft:bone":32,"minecraft:acacia_planks":8,"minecraft:apple":4,"minecraft:bow":10,"minecraft:wheat_seeds":116,"minecraft:raw_gold":43,"minecraft:iron_ingot":124,"minecraft:stone_pickaxe":14,"minecraft:iron_ore":3,"minecraft:acacia_sapling":20,"minecraft:iron_sword":8,"minecraft:oak_planks":35,"minecraft:gravel":2,"minecraft:jungle_planks":131,"minecraft:sand":189,"minecraft:spruce_sapling":15,"minecraft:blast_furnace":2,"minecraft:spruce_log":102,"minecraft:spider_eye":20,"minecraft:diamond":18,"minecraft:stone_axe":10,"minecraft:iron_helmet":6,"minecraft:granite":6,"minecraft:bone_meal":39,"minecraft:bread":10,"minecraft:melon_seeds":1,"minecraft:black_wool":1,"minecraft:coal":236,"minecraft:diamond_pickaxe":5},"minecraft:dropped":{"minecraft:enchanted_book":1,"minecraft:water_bucket":1,"minecraft:iron_ingot":1,"minecraft:iron_sword":1,"minecraft:wheat_seeds":66,"minecraft:oak_log":7,"minecraft:diamond":3,"minecraft:cobblestone":25,"minecraft:acacia_log":57,"minecraft:rail":2,"minecraft:coal":44,"minecraft:iron_axe":1,"minecraft:sand":22,"minecraft:orange_bed":1,"minecraft:string":1,"minecraft:birch_log":32,"minecraft:sugar_cane":2,"minecraft:wheat":2,"minecraft:rotten_flesh":2,"minecraft:oak_planks":66,"minecraft:blast_furnace":1,"minecraft:chest":2,"minecraft:acacia_sapling":4,"minecraft:arrow":1,"minecraft:egg":1},"minecraft:killed":{"minecraft:spider":2,"minecraft:skeleton":5,"minecraft:chicken":16,"minecraft:drowned":1,"minecraft:pig":3,"minecraft:zombie_villager":1,"minecraft:salmon":1,"minecraft:sheep":8,"minecraft:zombie":9,"minecraft:cow":3}},"DataVersion":3953}