{"stats":{"minecraft:killed_by":{"minecraft:player":3,"minecraft:creeper":1,"minecraft:spider":1,"minecraft:skeleton":5,"minecraft:guardian":1,"minecraft:zombie":5},"minecraft:crafted":{"minecraft:oak_planks":24,"minecraft:stone_shovel":1,"minecraft:iron_nugget":1,"minecraft:cooked_chicken":2,"minecraft:furnace":1,"minecraft:cooked_mutton":9,"minecraft:diamond_helmet":1,"minecraft:diamond_leggings":1,"minecraft:iron_boots":2,"minecraft:stone_pickaxe":5,"minecraft:diamond_boots":1,"minecraft:cooked_beef":4,"minecraft:cooked_cod":7,"minecraft:cooked_porkchop":3,"minecraft:crafting_table":5,"minecraft:iron_helmet":2,"minecraft:cooked_salmon":8,"minecraft:birch_planks":16,"minecraft:stone_axe":2,"minecraft:air":0,"minecraft:iron_chestplate":2,"minecraft:shield":2,"minecraft:stick":60,"minecraft:iron_ingot":152,"minecraft:stone_sword":1,"minecraft:iron_leggings":2,"minecraft:torch":52,"minecraft:diamond_chestplate":1},"minecraft:broken":{"minecraft:stone_pickaxe":2,"minecraft:shield":1,"minecraft:stone_axe":1,"minecraft:iron_pickaxe":1,"minecraft:stone_shovel":1},"minecraft:used":{"minecraft:stone_sword":192,"minecraft:acacia_log":1,"minecraft:stone_shovel":132,"minecraft:chest":1,"minecraft:shield":24,"minecraft:iron_sword":190,"minecraft:cooked_salmon":9,"minecraft:cooked_chicken":19,"minecraft:orange_bed":1,"minecraft:torch":185,"minecraft:dirt":92,"minecraft:jungle_planks":1,"minecraft:acacia_sapling":9,"minecraft:tuff":1,"minecraft:iron_axe":104,"minecraft:iron_block":1,"minecraft:cooked_cod":15,"minecraft:furnace":4,"minecraft:egg":14,"minecraft:cooked_beef":27,"minecraft:cobbled_deepslate":69,"minecraft:acacia_planks":1,"minecraft:wheat_seeds":77,"minecraft:cooked_mutton":6,"minecraft:water_bucket":47,"minecraft:diorite":1,"minecraft:iron_ore":3,"minecraft:stone_pickaxe":410,"minecraft:sand":4,"minecraft:crafting_table":13,"minecraft:blast_furnace":1,"minecraft:spruce_log":15,"minecraft:smoker":1,"minecraft:oak_log":1,"minecraft:diamond_pickaxe":475,"minecraft:apple":2,"minecraft:chicken":1,"minecraft:bread":10,"minecraft:iron_pickaxe":89,"minecraft:spruce_sapling":4,"minecraft:stone_axe":183,"minecraft:cobblestone":39,"minecraft:cooked_porkchop":2,"minecraft:bucket":48,"minecraft:birch_log":13,"minecraft:oak_boat":1,"minecraft:bone_meal":24},"minecraft:mined":{"minecraft:tuff":22,"minecraft:deepslate_diamond_ore":5,"minecraft:acacia_log":61,"minecraft:grass_block":72,"minecraft:jungle_planks":1,"minecraft:spawner":1,"minecraft:furnace":6,"minecraft:iron_ore":59,"minecraft:cobbled_deepslate":11,"minecraft:andesite":5,"minecraft:rail":1,"minecraft:deepslate_iron_ore":60,"minecraft:vine":1,"minecraft:stone":51,"minecraft:iron_block":1,"minecraft:orange_bed":2,"minecraft:deepslate_redstone_ore":1,"minecraft:acacia_leaves":4,"minecraft:smoker":1,"minecraft:crafting_table":11,"minecraft:torch":19,"minecraft:short_grass":117,"minecraft:chest":4,"minecraft:copper_ore":1,"minecraft:cobblestone":22,"minecraft:deepslate_gold_ore":27,"minecraft:sugar_cane":1,"minecraft:oak_planks":6,"minecraft:diorite":1,"minecraft:wall_torch":18,"minecraft:birch_log":33,"minecraft:spruce_log":103,"minecraft:birch_leaves":2,"minecraft:oak_log":1,"minecraft:coal_ore":81,"minecraft:sand":148,"minecraft:dirt":96,"minecraft:cobweb":2,"minecraft:smooth_basalt":13,"minecraft:acacia_planks":1,"minecraft:oak_leaves":9,"minecraft:deepslate":580},"minecraft:custom":{"minecraft:interact_with_anvil":2,"minecraft:mob_kills":55,"minecraft:animals_bred":1,"minecraft:interact_with_crafting_table":46,"minecraft:interact_with_campfire":1,"minecraft:leave_game":3,"minecraft:time_since_death":57343,"minecraft:climb_one_cm":942,"minecraft:sprint_one_cm":1668601,"minecraft:walk_one_cm":1060411,"minecraft:damage_blocked_by_shield":1081,"minecraft:drop":54,"minecraft:play_time":458261,"minecraft:deaths":18,"minecraft:sneak_time":12300,"minecraft:walk_under_water_one_cm":33655,"minecraft:boat_one_cm":370255,"minecraft:jump":4546,"minecraft:interact_with_blast_furnace":10,"minecraft:walk_on_water_one_cm":79340,"minecraft:total_world_time":458261,"minecraft:interact_with_furnace":53,"minecraft:interact_with_grindstone":1,"minecraft:sleep_in_bed":7,"minecraft:time_since_rest":57399,"minecraft:damage_taken":9502,"minecraft:damage_dealt":7594,"minecraft:swim_one_cm":27783,"minecraft:fly_one_cm":557656,"minecraft:player_kills":1,"minecraft:open_chest":143,"minecraft:crouch_one_cm":39992,"minecraft:interact_with_smoker":17,"minecraft:fall_one_cm":106198,"minecraft:horse_one_cm":113607},"minecraft:picked_up":{"minecraft:crafting_table":17,"minecraft:iron_chestplate":12,"minecraft:wheat":25,"minecraft:chicken":63,"minecraft:clay_ball":24,"minecraft:packed_ice":4,"minecraft:enchanted_book":3,"minecraft:shield":7,"minecraft:string":44,"minecraft:iron_axe":1,"minecraft:cooked_salmon":9,"minecraft:iron_leggings":10,"minecraft:cobbled_deepslate":628,"minecraft:bucket":1,"minecraft:spruce_planks":3,"minecraft:beef":28,"minecraft:oak_boat":1,"minecraft:iron_nugget":1,"minecraft:iron_pickaxe":3,"minecraft:sugar_cane":2,"minecraft:chest":4,"minecraft:furnace":8,"minecraft:iron_boots":7,"minecraft:egg":41,"minecraft:stick":238,"minecraft:raw_iron":538,"minecraft:acacia_fence":2,"minecraft:oak_fence":4,"minecraft:torch":438,"minecraft:acacia_log":58,"minecraft:porkchop":60,"minecraft:diorite":16,"minecraft:redstone":52,"minecraft:orange_bed":2,"minecraft:rotten_flesh":110,"minecraft:stone_sword":9,"minecraft:arrow":37,"minecraft:cooked_cod":24,"minecraft:hay_block":9,"minecraft:iron_block":3,"minecraft:mutton":41,"minecraft:rail":6,"minecraft:snowball":16,"minecraft:white_wool":19,"minecraft:cobblestone":186,"minecraft:birch_log":137,"minecraft:feather":91,"minecraft:cooked_beef":56,"minecraft:glow_ink_sac":6,"minecraft:andesite":10,"minecraft:water_bucket":3,"minecraft:salmon":17,"minecraft:leather":7,"minecraft:smoker":1,"minecraft:tuff":34,"minecraft:oak_log":16,"minecraft:gunpowder":4,"minecraft:dirt":496,"minecraft:cooked_mutton":2,"minecraft:bone":46,"minecraft:acacia_planks":8,"minecraft:apple":4,"minecraft:bow":11,"minecraft:wheat_seeds":116,"minecraft:raw_gold":129,"minecraft:iron_ingot":124,"minecraft:stone_pickaxe":14,"minecraft:iron_ore":3,"minecraft:acacia_sapling":20,"minecraft:iron_sword":9,"minecraft:oak_planks":41,"minecraft:gravel":3,"minecraft:jungle_planks":191,"minecraft:sand":189,"minecraft:spruce_sapling":15,"minecraft:blast_furnace":2,"minecraft:spruce_log":102,"minecraft:spider_eye":22,"minecraft:diamond":131,"minecraft:stone_axe":11,"minecraft:iron_helmet":8,"minecraft:granite":15,"minecraft:bone_meal":39,"minecraft:bread":10,"minecraft:melon_seeds":1,"minecraft:black_wool":1,"minecraft:coal":262,"minecraft:diamond_pickaxe":6},"minecraft:dropped":{"minecraft:enchanted_book":1,"minecraft:water_bucket":1,"minecraft:iron_ingot":1,"minecraft:iron_sword":1,"minecraft:wheat_seeds":66,"minecraft:oak_log":7,"minecraft:diamond":3,"minecraft:crafting_table":1,"minecraft:oak_fence":1,"minecraft:cobblestone":25,"minecraft:granite":6,"minecraft:jungle_planks":30,"minecraft:acacia_log":57,"minecraft:rail":2,"minecraft:coal":70,"minecraft:stick":28,"minecraft:diorite":10,"minecraft:snowball":4,"minecraft:iron_axe":1,"minecraft:sand":22,"minecraft:orange_bed":1,"minecraft:string":16,"minecraft:birch_log":32,"minecraft:bone":10,"minecraft:sugar_cane":2,"minecraft:cobbled_deepslate":10,"minecraft:tuff":15,"minecraft:wheat":2,"minecraft:rotten_flesh":20,"minecraft:oak_planks":66,"minecraft:blast_furnace":1,"minecraft:spruce_planks":1,"minecraft:andesite":2,"minecraft:chest":2,"minecraft:acacia_sapling":4,"minecraft:arrow":12,"minecraft:egg":1},"minecraft:killed":{"minecraft:spider":3,"minecraft:skeleton":7,"minecraft:chicken":16,"minecraft:drowned":1,"minecraft:pig":3,"minecraft:zombie_villager":1,"minecraft:salmon":1,"minecraft:sheep":8,"minecraft:zombie":10,"minecraft:cow":3}},"DataVersion":3953}