{"stats":{"minecraft:dropped":{"minecraft:water_bucket":1,"minecraft:iron_ingot":1,"minecraft:wheat_seeds":65,"minecraft:wheat":2,"minecraft:rotten_flesh":2,"minecraft:acacia_log":57,"minecraft:acacia_sapling":1,"minecraft:chest":2,"minecraft:iron_axe":1,"minecraft:orange_bed":1,"minecraft:string":1,"minecraft:egg":1},"minecraft:broken":{"minecraft:shield":1},"minecraft:used":{"minecraft:wheat_seeds":77,"minecraft:water_bucket":41,"minecraft:stone_sword":72,"minecraft:acacia_log":1,"minecraft:stone_pickaxe":65,"minecraft:chest":1,"minecraft:shield":1,"minecraft:orange_bed":1,"minecraft:torch":11,"minecraft:dirt":24,"minecraft:crafting_table":3,"minecraft:acacia_sapling":9,"minecraft:smoker":1,"minecraft:iron_axe":104,"minecraft:bread":10,"minecraft:stone_axe":13,"minecraft:cobblestone":6,"minecraft:furnace":2,"minecraft:bucket":42,"minecraft:cooked_beef":4,"minecraft:bone_meal":21},"minecraft:killed_by":{"minecraft:skeleton":1},"minecraft:picked_up":{"minecraft:crafting_table":4,"minecraft:wheat":1,"minecraft:cooked_beef":2,"minecraft:water_bucket":1,"minecraft:leather":2,"minecraft:smoker":1,"minecraft:dirt":50,"minecraft:string":1,"minecraft:iron_axe":1,"minecraft:acacia_planks":6,"minecraft:wheat_seeds":90,"minecraft:bucket":1,"minecraft:beef":4,"minecraft:oak_planks":1,"minecraft:chest":4,"minecraft:acacia_sapling":14,"minecraft:furnace":2,"minecraft:egg":6,"minecraft:stick":7,"minecraft:raw_iron":17,"minecraft:torch":28,"minecraft:acacia_log":58,"minecraft:gravel":2,"minecraft:orange_bed":2,"minecraft:arrow":1,"minecraft:rotten_flesh":7,"minecraft:bone_meal":21,"minecraft:bread":10,"minecraft:mutton":10,"minecraft:coal":60,"minecraft:white_wool":5,"minecraft:cobblestone":19},"minecraft:crafted":{"minecraft:cooked_beef":3,"minecraft:oak_planks":24,"minecraft:crafting_table":1,"minecraft:iron_helmet":1,"minecraft:furnace":1,"minecraft:iron_boots":1,"minecraft:iron_chestplate":1,"minecraft:stick":4,"minecraft:iron_ingot":23,"minecraft:stone_pickaxe":2,"minecraft:iron_leggings":1},"minecraft:mined":{"minecraft:acacia_leaves":4,"minecraft:smoker":1,"minecraft:crafting_table":4,"minecraft:torch":7,"minecraft:short_grass":95,"minecraft:acacia_log":61,"minecraft:grass_block":27,"minecraft:chest":4,"minecraft:wall_torch":4,"minecraft:furnace":2,"minecraft:iron_ore":17,"minecraft:coal_ore":23,"minecraft:dirt":21,"minecraft:cobweb":1,"minecraft:stone":22,"minecraft:oak_leaves":2,"minecraft:orange_bed":2},"minecraft:custom":{"minecraft:interact_with_furnace":11,"minecraft:mob_kills":10,"minecraft:animals_bred":1,"minecraft:interact_with_crafting_table":14,"minecraft:time_since_death":41557,"minecraft:sleep_in_bed":2,"minecraft:climb_one_cm":824,"minecraft:time_since_rest":41617,"minecraft:sprint_one_cm":320258,"minecraft:damage_taken":814,"minecraft:walk_one_cm":290182,"minecraft:damage_blocked_by_shield":60,"minecraft:drop":13,"minecraft:damage_dealt":1247,"minecraft:swim_one_cm":607,"minecraft:fly_one_cm":68124,"minecraft:open_chest":22,"minecraft:crouch_one_cm":2758,"minecraft:play_time":74952,"minecraft:deaths":1,"minecraft:sneak_time":1133,"minecraft:walk_under_water_one_cm":2752,"minecraft:jump":619,"minecraft:walk_on_water_one_cm":19609,"minecraft:total_world_time":74952,"minecraft:interact_with_smoker":6,"minecraft:fall_one_cm":11274},"minecraft:killed":{"minecraft:zombie_villager":1,"minecraft:spider":1,"minecraft:sheep":5,"minecraft:skeleton":1,"minecraft:cow":2}},"DataVersion":3953}