{"stats":{"minecraft:picked_up":{"minecraft:birch_log":20,"minecraft:crafting_table":7,"minecraft:iron_chestplate":1,"minecraft:wheat":5,"minecraft:feather":13,"minecraft:cooked_beef":2,"minecraft:chicken":15,"minecraft:clay_ball":24,"minecraft:water_bucket":3,"minecraft:andesite":4,"minecraft:leather":7,"minecraft:smoker":1,"minecraft:oak_log":10,"minecraft:dirt":197,"minecraft:string":1,"minecraft:iron_axe":1,"minecraft:iron_leggings":1,"minecraft:acacia_planks":7,"minecraft:wheat_seeds":106,"minecraft:bucket":1,"minecraft:beef":7,"minecraft:stone_pickaxe":2,"minecraft:acacia_sapling":20,"minecraft:chest":4,"minecraft:oak_planks":1,"minecraft:furnace":4,"minecraft:iron_boots":1,"minecraft:egg":36,"minecraft:raw_iron":23,"minecraft:stick":12,"minecraft:acacia_fence":2,"minecraft:torch":35,"minecraft:acacia_log":58,"minecraft:gravel":2,"minecraft:porkchop":4,"minecraft:sand":44,"minecraft:orange_bed":2,"minecraft:stone_sword":2,"minecraft:arrow":1,"minecraft:rotten_flesh":9,"minecraft:hay_block":9,"minecraft:iron_helmet":1,"minecraft:iron_block":3,"minecraft:bone_meal":21,"minecraft:bread":10,"minecraft:black_wool":1,"minecraft:melon_seeds":1,"minecraft:mutton":25,"minecraft:coal":91,"minecraft:white_wool":19,"minecraft:cobblestone":64},"minecraft:used":{"minecraft:cooked_mutton":2,"minecraft:wheat_seeds":77,"minecraft:water_bucket":47,"minecraft:stone_sword":139,"minecraft:acacia_log":1,"minecraft:stone_pickaxe":131,"minecraft:chest":1,"minecraft:shield":1,"minecraft:cooked_chicken":9,"minecraft:orange_bed":1,"minecraft:torch":17,"minecraft:dirt":50,"minecraft:crafting_table":4,"minecraft:acacia_sapling":9,"minecraft:smoker":1,"minecraft:iron_block":1,"minecraft:iron_axe":104,"minecraft:bread":10,"minecraft:stone_axe":52,"minecraft:cobblestone":26,"minecraft:furnace":2,"minecraft:bucket":48,"minecraft:egg":14,"minecraft:cooked_beef":6,"minecraft:bone_meal":21},"minecraft:custom":{"minecraft:interact_with_furnace":11,"minecraft:mob_kills":31,"minecraft:animals_bred":1,"minecraft:interact_with_crafting_table":21,"minecraft:leave_game":2,"minecraft:time_since_death":47141,"minecraft:sleep_in_bed":3,"minecraft:climb_one_cm":942,"minecraft:time_since_rest":29909,"minecraft:sprint_one_cm":610614,"minecraft:damage_taken":2938,"minecraft:walk_one_cm":430875,"minecraft:damage_blocked_by_shield":60,"minecraft:drop":16,"minecraft:damage_dealt":2511,"minecraft:swim_one_cm":3853,"minecraft:fly_one_cm":164427,"minecraft:open_chest":54,"minecraft:crouch_one_cm":3273,"minecraft:play_time":156254,"minecraft:deaths":7,"minecraft:sneak_time":1491,"minecraft:walk_under_water_one_cm":12748,"minecraft:jump":1433,"minecraft:walk_on_water_one_cm":33232,"minecraft:total_world_time":156254,"minecraft:interact_with_smoker":14,"minecraft:fall_one_cm":36634},"minecraft:mined":{"minecraft:acacia_leaves":4,"minecraft:smoker":1,"minecraft:crafting_table":5,"minecraft:torch":9,"minecraft:short_grass":108,"minecraft:acacia_log":61,"minecraft:grass_block":41,"minecraft:chest":4,"minecraft:cobblestone":20,"minecraft:wall_torch":5,"minecraft:furnace":2,"minecraft:birch_log":20,"minecraft:iron_ore":24,"minecraft:andesite":4,"minecraft:birch_leaves":2,"minecraft:coal_ore":54,"minecraft:vine":1,"minecraft:sand":13,"minecraft:dirt":31,"minecraft:cobweb":1,"minecraft:stone":24,"minecraft:iron_block":1,"minecraft:oak_leaves":4,"minecraft:orange_bed":2},"minecraft:crafted":{"minecraft:cooked_beef":4,"minecraft:oak_planks":24,"minecraft:crafting_table":1,"minecraft:iron_helmet":1,"minecraft:cooked_chicken":1,"minecraft:furnace":1,"minecraft:stone_axe":1,"minecraft:cooked_mutton":5,"minecraft:iron_boots":1,"minecraft:iron_chestplate":2,"minecraft:stick":12,"minecraft:iron_ingot":41,"minecraft:stone_pickaxe":3,"minecraft:stone_sword":1,"minecraft:iron_leggings":2,"minecraft:torch":8},"minecraft:dropped":{"minecraft:water_bucket":1,"minecraft:iron_ingot":1,"minecraft:wheat_seeds":65,"minecraft:wheat":2,"minecraft:rotten_flesh":2,"minecraft:acacia_log":57,"minecraft:acacia_sapling":4,"minecraft:chest":2,"minecraft:iron_axe":1,"minecraft:sand":22,"minecraft:orange_bed":1,"minecraft:string":1,"minecraft:egg":1},"minecraft:killed":{"minecraft:pig":2,"minecraft:zombie_villager":1,"minecraft:spider":1,"minecraft:sheep":8,"minecraft:skeleton":1,"minecraft:chicken":15,"minecraft:cow":3},"minecraft:broken":{"minecraft:shield":1},"minecraft:killed_by":{"minecraft:player":1,"minecraft:skeleton":2,"minecraft:zombie":3}},"DataVersion":3953}