{"stats":{"minecraft:killed_by":{"minecraft:player":4,"minecraft:creeper":2,"minecraft:spider":1,"minecraft:skeleton":5,"minecraft:guardian":1,"minecraft:zombie":5},"minecraft:crafted":{"minecraft:oak_planks":24,"minecraft:stone_shovel":1,"minecraft:iron_nugget":1,"minecraft:cooked_chicken":2,"minecraft:furnace":1,"minecraft:spruce_fence":6,"minecraft:cooked_mutton":33,"minecraft:diamond_helmet":1,"minecraft:diamond_leggings":1,"minecraft:iron_boots":2,"minecraft:stone_pickaxe":5,"minecraft:diamond_boots":1,"minecraft:cooked_beef":5,"minecraft:cooked_cod":7,"minecraft:diamond_sword":1,"minecraft:cooked_porkchop":3,"minecraft:crafting_table":5,"minecraft:spruce_planks":160,"minecraft:iron_helmet":2,"minecraft:cooked_salmon":8,"minecraft:birch_planks":16,"minecraft:stone_axe":4,"minecraft:jungle_planks":4,"minecraft:bread":1,"minecraft:air":0,"minecraft:iron_chestplate":2,"minecraft:diamond_pickaxe":1,"minecraft:shield":2,"minecraft:stick":64,"minecraft:iron_ingot":199,"minecraft:stone_sword":1,"minecraft:gold_ingot":5,"minecraft:iron_leggings":2,"minecraft:torch":52,"minecraft:diamond_chestplate":1},"minecraft:broken":{"minecraft:stone_pickaxe":2,"minecraft:shield":1,"minecraft:stone_axe":2,"minecraft:iron_pickaxe":1,"minecraft:stone_shovel":1},"minecraft:used":{"minecraft:stone_sword":197,"minecraft:acacia_log":1,"minecraft:stone_shovel":132,"minecraft:spruce_planks":106,"minecraft:chest":1,"minecraft:shield":28,"minecraft:iron_sword":209,"minecraft:cooked_salmon":9,"minecraft:cooked_chicken":19,"minecraft:orange_bed":1,"minecraft:torch":216,"minecraft:dirt":205,"minecraft:jungle_planks":2,"minecraft:carrot":3,"minecraft:spruce_fence":4,"minecraft:acacia_sapling":9,"minecraft:tuff":1,"minecraft:snowball":11,"minecraft:iron_axe":104,"minecraft:iron_block":1,"minecraft:red_stained_glass_pane":16,"minecraft:cooked_cod":15,"minecraft:furnace":6,"minecraft:egg":14,"minecraft:cooked_beef":37,"minecraft:cobbled_deepslate":69,"minecraft:acacia_planks":1,"minecraft:wheat_seeds":77,"minecraft:cooked_mutton":17,"minecraft:water_bucket":48,"minecraft:diorite":1,"minecraft:iron_ore":3,"minecraft:oak_planks":4,"minecraft:stone_pickaxe":410,"minecraft:white_wool":1,"minecraft:sand":4,"minecraft:crafting_table":15,"minecraft:blast_furnace":1,"minecraft:white_bed":1,"minecraft:spruce_log":17,"minecraft:smoker":1,"minecraft:oak_log":1,"minecraft:diamond_pickaxe":515,"minecraft:apple":2,"minecraft:melon_slice":6,"minecraft:chicken":1,"minecraft:bread":11,"minecraft:iron_pickaxe":89,"minecraft:spruce_sapling":4,"minecraft:stone_axe":334,"minecraft:diamond_sword":140,"minecraft:cobblestone":39,"minecraft:andesite":1,"minecraft:cooked_porkchop":2,"minecraft:bucket":49,"minecraft:birch_log":13,"minecraft:yellow_bed":1,"minecraft:oak_boat":1,"minecraft:bone_meal":24},"minecraft:mined":{"minecraft:tuff":22,"minecraft:spruce_planks":34,"minecraft:deepslate_diamond_ore":5,"minecraft:spruce_fence":2,"minecraft:acacia_log":61,"minecraft:grass_block":132,"minecraft:jungle_planks":1,"minecraft:spruce_leaves":3,"minecraft:spawner":1,"minecraft:furnace":8,"minecraft:iron_ore":60,"minecraft:cobbled_deepslate":11,"minecraft:andesite":6,"minecraft:rail":1,"minecraft:deepslate_iron_ore":60,"minecraft:vine":1,"minecraft:stone":56,"minecraft:iron_block":1,"minecraft:white_wool":1,"minecraft:spruce_slab":1,"minecraft:orange_bed":2,"minecraft:deepslate_redstone_ore":1,"minecraft:acacia_leaves":4,"minecraft:smoker":1,"minecraft:crafting_table":12,"minecraft:torch":21,"minecraft:short_grass":147,"minecraft:poppy":12,"minecraft:chest":4,"minecraft:tall_grass":9,"minecraft:copper_ore":1,"minecraft:cobblestone":22,"minecraft:deepslate_gold_ore":27,"minecraft:sugar_cane":1,"minecraft:oak_planks":10,"minecraft:diorite":1,"minecraft:wall_torch":18,"minecraft:birch_log":33,"minecraft:spruce_log":202,"minecraft:birch_leaves":2,"minecraft:oak_log":1,"minecraft:coal_ore":111,"minecraft:sand":148,"minecraft:dirt":159,"minecraft:cobweb":2,"minecraft:smooth_basalt":13,"minecraft:acacia_planks":1,"minecraft:oak_leaves":9,"minecraft:deepslate":580},"minecraft:custom":{"minecraft:interact_with_anvil":2,"minecraft:mob_kills":72,"minecraft:animals_bred":1,"minecraft:interact_with_crafting_table":51,"minecraft:interact_with_campfire":1,"minecraft:leave_game":3,"minecraft:time_since_death":63805,"minecraft:climb_one_cm":1398,"minecraft:sprint_one_cm":2198694,"minecraft:walk_one_cm":1460935,"minecraft:damage_blocked_by_shield":1261,"minecraft:drop":85,"minecraft:play_time":656261,"minecraft:deaths":21,"minecraft:sneak_time":14886,"minecraft:walk_under_water_one_cm":51607,"minecraft:boat_one_cm":370255,"minecraft:jump":6144,"minecraft:interact_with_blast_furnace":10,"minecraft:walk_on_water_one_cm":98307,"minecraft:total_world_time":656261,"minecraft:interact_with_furnace":62,"minecraft:interact_with_grindstone":1,"minecraft:sleep_in_bed":10,"minecraft:time_since_rest":63837,"minecraft:damage_taken":11697,"minecraft:damage_dealt":10916,"minecraft:swim_one_cm":38030,"minecraft:fly_one_cm":782896,"minecraft:player_kills":1,"minecraft:open_chest":174,"minecraft:crouch_one_cm":46053,"minecraft:interact_with_smoker":18,"minecraft:fall_one_cm":149578,"minecraft:horse_one_cm":187875},"minecraft:picked_up":{"minecraft:crafting_table":21,"minecraft:iron_chestplate":13,"minecraft:wheat":30,"minecraft:nether_wart":34,"minecraft:chicken":63,"minecraft:clay_ball":24,"minecraft:packed_ice":6,"minecraft:diamond_sword":3,"minecraft:enchanted_book":3,"minecraft:shield":11,"minecraft:string":61,"minecraft:iron_axe":1,"minecraft:cooked_salmon":9,"minecraft:iron_leggings":12,"minecraft:diamond_leggings":3,"minecraft:cobbled_deepslate":884,"minecraft:bucket":1,"minecraft:spruce_planks":61,"minecraft:beef":30,"minecraft:poppy":16,"minecraft:spruce_slab":1,"minecraft:oak_boat":1,"minecraft:iron_nugget":1,"minecraft:iron_pickaxe":3,"minecraft:melon_slice":14,"minecraft:sugar_cane":2,"minecraft:chest":4,"minecraft:phantom_membrane":15,"minecraft:furnace":16,"minecraft:iron_boots":9,"minecraft:egg":43,"minecraft:stick":318,"minecraft:raw_iron":585,"minecraft:acacia_fence":2,"minecraft:red_stained_glass_pane":49,"minecraft:oak_fence":4,"minecraft:torch":522,"minecraft:acacia_log":68,"minecraft:spruce_fence":4,"minecraft:porkchop":60,"minecraft:diorite":16,"minecraft:carrot":3,"minecraft:redstone":52,"minecraft:orange_bed":2,"minecraft:diamond_chestplate":3,"minecraft:rotten_flesh":140,"minecraft:stone_sword":12,"minecraft:arrow":39,"minecraft:cooked_cod":24,"minecraft:diamond_boots":4,"minecraft:hay_block":9,"minecraft:iron_block":3,"minecraft:saddle":2,"minecraft:mutton":49,"minecraft:rail":12,"minecraft:snowball":57,"minecraft:white_wool":25,"minecraft:cobblestone":266,"minecraft:birch_log":137,"minecraft:jungle_log":32,"minecraft:feather":91,"minecraft:cooked_beef":71,"minecraft:glow_ink_sac":12,"minecraft:andesite":15,"minecraft:water_bucket":4,"minecraft:salmon":17,"minecraft:leather":8,"minecraft:smoker":1,"minecraft:tuff":34,"minecraft:oak_log":16,"minecraft:yellow_bed":1,"minecraft:gunpowder":13,"minecraft:dirt":727,"minecraft:cooked_mutton":39,"minecraft:bone":46,"minecraft:acacia_planks":8,"minecraft:apple":4,"minecraft:bow":15,"minecraft:wheat_seeds":121,"minecraft:raw_gold":129,"minecraft:iron_ingot":126,"minecraft:stone_pickaxe":14,"minecraft:iron_ore":3,"minecraft:diamond_helmet":4,"minecraft:acacia_sapling":20,"minecraft:iron_sword":12,"minecraft:oak_planks":45,"minecraft:cooked_porkchop":3,"minecraft:gravel":5,"minecraft:jungle_planks":191,"minecraft:sand":189,"minecraft:spruce_sapling":15,"minecraft:blast_furnace":2,"minecraft:white_bed":1,"minecraft:spruce_log":358,"minecraft:spider_eye":29,"minecraft:diamond":131,"minecraft:stone_axe":19,"minecraft:iron_helmet":11,"minecraft:granite":18,"minecraft:bone_meal":39,"minecraft:bread":10,"minecraft:netherrack":28,"minecraft:melon_seeds":1,"minecraft:black_wool":1,"minecraft:coal":382,"minecraft:diamond_pickaxe":11},"minecraft:dropped":{"minecraft:enchanted_book":1,"minecraft:water_bucket":2,"minecraft:iron_ingot":1,"minecraft:iron_sword":1,"minecraft:wheat_seeds":68,"minecraft:oak_log":7,"minecraft:diamond":3,"minecraft:crafting_table":1,"minecraft:oak_fence":1,"minecraft:cobblestone":25,"minecraft:granite":9,"minecraft:jungle_planks":30,"minecraft:acacia_log":57,"minecraft:rail":4,"minecraft:coal":70,"minecraft:stick":28,"minecraft:dirt":8,"minecraft:packed_ice":2,"minecraft:diorite":10,"minecraft:snowball":4,"minecraft:diamond_helmet":1,"minecraft:iron_axe":1,"minecraft:sand":22,"minecraft:orange_bed":1,"minecraft:string":16,"minecraft:white_wool":1,"minecraft:birch_log":32,"minecraft:bone":10,"minecraft:gravel":2,"minecraft:sugar_cane":2,"minecraft:cobbled_deepslate":10,"minecraft:tuff":15,"minecraft:wheat":2,"minecraft:rotten_flesh":27,"minecraft:oak_planks":66,"minecraft:blast_furnace":1,"minecraft:diamond_sword":1,"minecraft:poppy":16,"minecraft:shield":1,"minecraft:spruce_planks":65,"minecraft:diamond_pickaxe":1,"minecraft:andesite":3,"minecraft:jungle_log":32,"minecraft:chest":2,"minecraft:acacia_sapling":4,"minecraft:spider_eye":5,"minecraft:diamond_boots":1,"minecraft:spruce_log":143,"minecraft:bow":1,"minecraft:arrow":12,"minecraft:egg":3},"minecraft:killed":{"minecraft:spider":6,"minecraft:phantom":9,"minecraft:skeleton":8,"minecraft:chicken":16,"minecraft:drowned":1,"minecraft:pig":3,"minecraft:zombie_villager":1,"minecraft:salmon":1,"minecraft:sheep":9,"minecraft:pillager":1,"minecraft:zombie":10,"minecraft:cow":5}},"DataVersion":3953}