{"stats":{"minecraft:dropped":{"minecraft:water_bucket":1,"minecraft:iron_ingot":1,"minecraft:wheat_seeds":65,"minecraft:wheat":2,"minecraft:rotten_flesh":2,"minecraft:acacia_log":57,"minecraft:acacia_sapling":1,"minecraft:chest":2,"minecraft:iron_axe":1,"minecraft:orange_bed":1,"minecraft:string":1,"minecraft:egg":1},"minecraft:broken":{"minecraft:shield":1},"minecraft:used":{"minecraft:wheat_seeds":77,"minecraft:water_bucket":47,"minecraft:stone_sword":78,"minecraft:acacia_log":1,"minecraft:stone_pickaxe":66,"minecraft:chest":1,"minecraft:shield":1,"minecraft:cooked_chicken":1,"minecraft:orange_bed":1,"minecraft:torch":12,"minecraft:dirt":33,"minecraft:crafting_table":3,"minecraft:acacia_sapling":9,"minecraft:smoker":1,"minecraft:iron_axe":104,"minecraft:bread":10,"minecraft:stone_axe":13,"minecraft:cobblestone":6,"minecraft:furnace":2,"minecraft:bucket":48,"minecraft:cooked_beef":6,"minecraft:bone_meal":21},"minecraft:killed_by":{"minecraft:skeleton":1},"minecraft:picked_up":{"minecraft:crafting_table":4,"minecraft:wheat":2,"minecraft:cooked_beef":2,"minecraft:water_bucket":1,"minecraft:leather":2,"minecraft:smoker":1,"minecraft:dirt":55,"minecraft:string":1,"minecraft:iron_axe":1,"minecraft:acacia_planks":6,"minecraft:wheat_seeds":95,"minecraft:bucket":1,"minecraft:beef":4,"minecraft:oak_planks":1,"minecraft:chest":4,"minecraft:acacia_sapling":14,"minecraft:furnace":2,"minecraft:egg":6,"minecraft:stick":7,"minecraft:raw_iron":17,"minecraft:torch":29,"minecraft:acacia_log":58,"minecraft:gravel":2,"minecraft:orange_bed":2,"minecraft:arrow":1,"minecraft:rotten_flesh":7,"minecraft:bone_meal":21,"minecraft:bread":10,"minecraft:mutton":12,"minecraft:coal":60,"minecraft:white_wool":6,"minecraft:cobblestone":19},"minecraft:crafted":{"minecraft:cooked_beef":4,"minecraft:oak_planks":24,"minecraft:crafting_table":1,"minecraft:cooked_chicken":1,"minecraft:iron_helmet":1,"minecraft:furnace":1,"minecraft:iron_boots":1,"minecraft:iron_chestplate":1,"minecraft:stick":4,"minecraft:iron_ingot":23,"minecraft:stone_pickaxe":2,"minecraft:iron_leggings":1},"minecraft:mined":{"minecraft:acacia_leaves":4,"minecraft:smoker":1,"minecraft:crafting_table":4,"minecraft:torch":7,"minecraft:short_grass":95,"minecraft:acacia_log":61,"minecraft:grass_block":29,"minecraft:chest":4,"minecraft:wall_torch":5,"minecraft:furnace":2,"minecraft:iron_ore":18,"minecraft:coal_ore":23,"minecraft:dirt":26,"minecraft:cobweb":1,"minecraft:stone":22,"minecraft:oak_leaves":4,"minecraft:orange_bed":2},"minecraft:custom":{"minecraft:interact_with_furnace":11,"minecraft:mob_kills":11,"minecraft:animals_bred":1,"minecraft:interact_with_crafting_table":15,"minecraft:time_since_death":65557,"minecraft:sleep_in_bed":2,"minecraft:climb_one_cm":824,"minecraft:time_since_rest":65617,"minecraft:sprint_one_cm":369973,"minecraft:damage_taken":1064,"minecraft:walk_one_cm":323966,"minecraft:damage_blocked_by_shield":60,"minecraft:drop":13,"minecraft:damage_dealt":1328,"minecraft:swim_one_cm":607,"minecraft:fly_one_cm":78003,"minecraft:open_chest":23,"minecraft:crouch_one_cm":2863,"minecraft:play_time":98952,"minecraft:deaths":1,"minecraft:sneak_time":1144,"minecraft:walk_under_water_one_cm":4481,"minecraft:jump":823,"minecraft:walk_on_water_one_cm":25458,"minecraft:total_world_time":98952,"minecraft:interact_with_smoker":11,"minecraft:fall_one_cm":16385},"minecraft:killed":{"minecraft:zombie_villager":1,"minecraft:spider":1,"minecraft:sheep":6,"minecraft:skeleton":1,"minecraft:cow":2}},"DataVersion":3953}