{"stats":{"minecraft:dropped":{"minecraft:water_bucket":1,"minecraft:iron_ingot":1,"minecraft:wheat_seeds":65,"minecraft:wheat":2,"minecraft:rotten_flesh":2,"minecraft:acacia_log":57,"minecraft:acacia_sapling":4,"minecraft:chest":2,"minecraft:sand":22,"minecraft:iron_axe":1,"minecraft:orange_bed":1,"minecraft:string":1,"minecraft:egg":1},"minecraft:broken":{"minecraft:shield":1},"minecraft:used":{"minecraft:wheat_seeds":77,"minecraft:cooked_mutton":2,"minecraft:water_bucket":47,"minecraft:stone_sword":78,"minecraft:acacia_log":1,"minecraft:stone_pickaxe":67,"minecraft:chest":1,"minecraft:shield":1,"minecraft:cooked_chicken":1,"minecraft:orange_bed":1,"minecraft:torch":12,"minecraft:dirt":42,"minecraft:crafting_table":3,"minecraft:acacia_sapling":9,"minecraft:smoker":1,"minecraft:iron_axe":104,"minecraft:bread":10,"minecraft:stone_axe":13,"minecraft:cobblestone":6,"minecraft:furnace":2,"minecraft:bucket":48,"minecraft:cooked_beef":6,"minecraft:bone_meal":21},"minecraft:killed_by":{"minecraft:player":1,"minecraft:skeleton":2,"minecraft:zombie":3},"minecraft:crafted":{"minecraft:cooked_beef":4,"minecraft:oak_planks":24,"minecraft:crafting_table":1,"minecraft:cooked_chicken":1,"minecraft:iron_helmet":1,"minecraft:furnace":1,"minecraft:cooked_mutton":5,"minecraft:iron_boots":1,"minecraft:iron_chestplate":1,"minecraft:stick":4,"minecraft:iron_ingot":23,"minecraft:stone_pickaxe":2,"minecraft:iron_leggings":1},"minecraft:picked_up":{"minecraft:iron_chestplate":1,"minecraft:crafting_table":6,"minecraft:wheat":4,"minecraft:cooked_beef":2,"minecraft:clay_ball":24,"minecraft:water_bucket":3,"minecraft:leather":6,"minecraft:smoker":1,"minecraft:oak_log":10,"minecraft:dirt":189,"minecraft:string":1,"minecraft:iron_axe":1,"minecraft:iron_leggings":1,"minecraft:acacia_planks":6,"minecraft:wheat_seeds":102,"minecraft:bucket":1,"minecraft:beef":4,"minecraft:stone_pickaxe":2,"minecraft:oak_planks":1,"minecraft:chest":4,"minecraft:acacia_sapling":20,"minecraft:iron_boots":1,"minecraft:furnace":4,"minecraft:egg":6,"minecraft:stick":12,"minecraft:raw_iron":17,"minecraft:torch":34,"minecraft:acacia_log":58,"minecraft:gravel":2,"minecraft:sand":44,"minecraft:orange_bed":2,"minecraft:stone_sword":2,"minecraft:arrow":1,"minecraft:rotten_flesh":7,"minecraft:iron_helmet":1,"minecraft:bone_meal":21,"minecraft:bread":10,"minecraft:melon_seeds":1,"minecraft:mutton":21,"minecraft:coal":60,"minecraft:white_wool":18,"minecraft:cobblestone":43},"minecraft:mined":{"minecraft:acacia_leaves":4,"minecraft:smoker":1,"minecraft:crafting_table":4,"minecraft:torch":8,"minecraft:short_grass":95,"minecraft:acacia_log":61,"minecraft:grass_block":37,"minecraft:chest":4,"minecraft:wall_torch":5,"minecraft:furnace":2,"minecraft:iron_ore":18,"minecraft:coal_ore":23,"minecraft:sand":13,"minecraft:dirt":27,"minecraft:cobweb":1,"minecraft:stone":22,"minecraft:oak_leaves":4,"minecraft:orange_bed":2},"minecraft:custom":{"minecraft:interact_with_furnace":11,"minecraft:mob_kills":11,"minecraft:animals_bred":1,"minecraft:interact_with_crafting_table":15,"minecraft:leave_game":1,"minecraft:time_since_death":22,"minecraft:sleep_in_bed":2,"minecraft:climb_one_cm":824,"minecraft:time_since_rest":60,"minecraft:sprint_one_cm":422904,"minecraft:damage_taken":2648,"minecraft:walk_one_cm":344896,"minecraft:damage_blocked_by_shield":60,"minecraft:drop":16,"minecraft:damage_dealt":1346,"minecraft:swim_one_cm":1381,"minecraft:fly_one_cm":99211,"minecraft:open_chest":24,"minecraft:crouch_one_cm":3097,"minecraft:play_time":109135,"minecraft:deaths":7,"minecraft:sneak_time":1412,"minecraft:walk_under_water_one_cm":9807,"minecraft:jump":920,"minecraft:walk_on_water_one_cm":29928,"minecraft:total_world_time":109135,"minecraft:interact_with_smoker":14,"minecraft:fall_one_cm":27429},"minecraft:killed":{"minecraft:zombie_villager":1,"minecraft:spider":1,"minecraft:sheep":6,"minecraft:skeleton":1,"minecraft:cow":2}},"DataVersion":3953}