{"stats":{"minecraft:killed_by":{"minecraft:creeper":5,"minecraft:zombie":6,"minecraft:player":1,"minecraft:enderman":1,"minecraft:skeleton":7},"minecraft:crafted":{"minecraft:oak_planks":52,"minecraft:cooked_chicken":69,"minecraft:cooked_mutton":24,"minecraft:diamond_helmet":1,"minecraft:bow":1,"minecraft:iron_boots":3,"minecraft:golden_boots":1,"minecraft:emerald":2,"minecraft:arrow":20,"minecraft:cooked_porkchop":84,"minecraft:diamond_axe":1,"minecraft:crafting_table":5,"minecraft:spruce_planks":192,"minecraft:wooden_pickaxe":2,"minecraft:iron_helmet":3,"minecraft:iron_chestplate":3,"minecraft:charcoal":33,"minecraft:diamond_pickaxe":4,"minecraft:shield":4,"minecraft:stick":540,"minecraft:iron_ingot":269,"minecraft:iron_pickaxe":5,"minecraft:iron_block":3,"minecraft:stone_sword":2,"minecraft:gold_ingot":10,"minecraft:fishing_rod":2,"minecraft:iron_nugget":3,"minecraft:furnace":2,"minecraft:stone_pickaxe":2,"minecraft:diamond_boots":1,"minecraft:lead":4,"minecraft:cooked_beef":87,"minecraft:cooked_cod":42,"minecraft:diamond_sword":1,"minecraft:iron_sword":4,"minecraft:cooked_salmon":15,"minecraft:stone_axe":3,"minecraft:air":0,"minecraft:acacia_boat":1,"minecraft:jungle_planks":56,"minecraft:wooden_axe":3,"minecraft:iron_leggings":4,"minecraft:anvil":1,"minecraft:acacia_planks":220,"minecraft:torch":476,"minecraft:diamond_chestplate":1},"minecraft:broken":{"minecraft:iron_sword":1,"minecraft:wooden_axe":1,"minecraft:fishing_rod":1,"minecraft:iron_pickaxe":1,"minecraft:iron_helmet":1},"minecraft:mined":{"minecraft:jungle_leaves":4,"minecraft:obsidian":9,"minecraft:cave_vines_plant":1,"minecraft:acacia_log":62,"minecraft:grass_block":18,"minecraft:jungle_log":79,"minecraft:soul_soil":1,"minecraft:nether_wart":50,"minecraft:spawner":1,"minecraft:magma_block":3,"minecraft:iron_ore":95,"minecraft:cobbled_deepslate":50,"minecraft:fire":30,"minecraft:pumpkin":24,"minecraft:deepslate_lapis_ore":2,"minecraft:white_banner":1,"minecraft:orange_bed":5,"minecraft:deepslate_redstone_ore":38,"minecraft:blackstone":13,"minecraft:kelp_plant":1,"minecraft:soul_fire":1,"minecraft:torch":20,"minecraft:calcite":1,"minecraft:poppy":1,"minecraft:melon":24,"minecraft:nether_quartz_ore":327,"minecraft:sugar_cane":3,"minecraft:oak_planks":28,"minecraft:wall_torch":21,"minecraft:amethyst_block":5,"minecraft:warped_nylium":2,"minecraft:oak_log":37,"minecraft:dirt":24,"minecraft:smooth_basalt":2,"minecraft:netherrack":340,"minecraft:oak_leaves":38,"minecraft:deepslate":616,"minecraft:nether_gold_ore":71,"minecraft:tuff":23,"minecraft:deepslate_diamond_ore":41,"minecraft:glow_lichen":1,"minecraft:nether_bricks":2,"minecraft:dark_oak_fence":6,"minecraft:spruce_fence":2,"minecraft:jungle_planks":3,"minecraft:red_mushroom":9,"minecraft:acacia_stairs":4,"minecraft:andesite":4,"minecraft:stripped_spruce_log":2,"minecraft:deepslate_iron_ore":69,"minecraft:vine":35,"minecraft:bamboo":2,"minecraft:stone":216,"minecraft:ender_chest":1,"minecraft:acacia_leaves":2,"minecraft:soul_sand":2,"minecraft:basalt":45,"minecraft:crafting_table":8,"minecraft:short_grass":253,"minecraft:tall_grass":11,"minecraft:copper_ore":8,"minecraft:lapis_ore":2,"minecraft:deepslate_gold_ore":20,"minecraft:diorite":2,"minecraft:spruce_log":46,"minecraft:white_wall_banner":1,"minecraft:coal_ore":129,"minecraft:cocoa":3,"minecraft:gravel":1,"minecraft:cobweb":10,"minecraft:acacia_planks":8,"minecraft:gold_ore":12,"minecraft:fern":14},"minecraft:used":{"minecraft:iron_shovel":1,"minecraft:shield":111,"minecraft:iron_sword":771,"minecraft:nether_wart":20,"minecraft:rotten_flesh":11,"minecraft:jungle_planks":13,"minecraft:tuff":7,"minecraft:stripped_spruce_log":2,"minecraft:bow":20,"minecraft:furnace":2,"minecraft:oak_sapling":3,"minecraft:cooked_cod":48,"minecraft:egg":10,"minecraft:potato":1,"minecraft:diorite":2,"minecraft:stone_pickaxe":113,"minecraft:oak_planks":3,"minecraft:wooden_pickaxe":50,"minecraft:diamond_axe":461,"minecraft:melon_slice":31,"minecraft:diamond_sword":774,"minecraft:andesite":7,"minecraft:experience_bottle":1,"minecraft:stone_sword":52,"minecraft:acacia_log":5,"minecraft:cooked_salmon":8,"minecraft:cooked_chicken":59,"minecraft:netherrack":112,"minecraft:orange_bed":4,"minecraft:torch":333,"minecraft:dirt":7,"minecraft:anvil":1,"minecraft:spruce_fence":2,"minecraft:granite":2,"minecraft:wooden_axe":61,"minecraft:jungle_log":1,"minecraft:smooth_basalt":2,"minecraft:cooked_beef":38,"minecraft:acacia_planks":8,"minecraft:cobbled_deepslate":234,"minecraft:pumpkin":1,"minecraft:calcite":1,"minecraft:cooked_mutton":10,"minecraft:acacia_boat":1,"minecraft:amethyst_block":3,"minecraft:lead":1,"minecraft:salmon":4,"minecraft:crafting_table":11,"minecraft:cod":1,"minecraft:spruce_log":2,"minecraft:diamond_pickaxe":1260,"minecraft:iron_pickaxe":804,"minecraft:stone_axe":148,"minecraft:fishing_rod":319,"minecraft:cobblestone":98,"minecraft:white_banner":3,"minecraft:cooked_porkchop":46},"minecraft:custom":{"minecraft:interact_with_crafting_table":126,"minecraft:bell_ring":14,"minecraft:leave_game":3,"minecraft:time_since_death":11859,"minecraft:sprint_one_cm":2715390,"minecraft:damage_blocked_by_shield":5953,"minecraft:drop":493,"minecraft:talked_to_villager":38,"minecraft:play_time":816043,"minecraft:deaths":26,"minecraft:jump":9696,"minecraft:interact_with_brewingstand":2,"minecraft:walk_on_water_one_cm":64730,"minecraft:enchant_item":3,"minecraft:interact_with_furnace":168,"minecraft:traded_with_villager":3,"minecraft:sleep_in_bed":11,"minecraft:open_enderchest":7,"minecraft:damage_dealt":43670,"minecraft:player_kills":3,"minecraft:crouch_one_cm":88261,"minecraft:interact_with_smoker":70,"minecraft:horse_one_cm":316344,"minecraft:interact_with_anvil":4,"minecraft:mob_kills":298,"minecraft:interact_with_campfire":40,"minecraft:climb_one_cm":10819,"minecraft:walk_one_cm":1710888,"minecraft:sneak_time":38159,"minecraft:walk_under_water_one_cm":25253,"minecraft:boat_one_cm":76483,"minecraft:interact_with_blast_furnace":30,"minecraft:total_world_time":816043,"minecraft:interact_with_stonecutter":1,"minecraft:time_since_rest":104,"minecraft:damage_taken":37660,"minecraft:swim_one_cm":50182,"minecraft:fly_one_cm":1648288,"minecraft:open_chest":255,"minecraft:fish_caught":183,"minecraft:fall_one_cm":450520},"minecraft:dropped":{"minecraft:iron_sword":2,"minecraft:cooked_beef":34,"minecraft:ender_pearl":1,"minecraft:crafting_table":1,"minecraft:warped_roots":1,"minecraft:leather":1,"minecraft:saddle":3,"minecraft:rail":5,"minecraft:dirt":35,"minecraft:dark_oak_fence":12,"minecraft:cooked_cod":40,"minecraft:wooden_sword":1,"minecraft:iron_pickaxe":3,"minecraft:white_wool":6,"minecraft:gold_ingot":4,"minecraft:bone":14,"minecraft:gravel":2,"minecraft:stone_axe":1,"minecraft:blackstone":60,"minecraft:sugar_cane":8,"minecraft:cooked_chicken":1,"minecraft:cobbled_deepslate":143,"minecraft:rotten_flesh":35,"minecraft:oak_planks":4,"minecraft:acacia_stairs":4,"minecraft:salmon":16,"minecraft:carrot":1,"minecraft:poppy":1,"minecraft:jungle_log":20,"minecraft:basalt":3,"minecraft:arrow":3,"minecraft:beef":1,"minecraft:netherrack":226,"minecraft:egg":2,"minecraft:water_bucket":2,"minecraft:enchanted_book":2,"minecraft:iron_ingot":75,"minecraft:wheat_seeds":9,"minecraft:lead":3,"minecraft:feather":19,"minecraft:cobblestone":13,"minecraft:acacia_log":3,"minecraft:coal":6,"minecraft:stick":132,"minecraft:pufferfish":10,"minecraft:acacia_sign":1,"minecraft:torch":124,"minecraft:wooden_axe":1,"minecraft:melon_slice":54,"minecraft:rib_armor_trim_smithing_template":1,"minecraft:potion":1,"minecraft:pumpkin":32,"minecraft:orange_bed":1,"minecraft:string":8,"minecraft:tripwire_hook":2,"minecraft:acacia_planks":385,"minecraft:redstone":64,"minecraft:kelp":1,"minecraft:warped_nylium":1,"minecraft:ender_chest":1,"minecraft:nether_wart":102,"minecraft:stone_sword":2,"minecraft:bowl":1,"minecraft:tuff":9,"minecraft:raw_iron":102,"minecraft:iron_boots":1,"minecraft:acacia_leaves":1,"minecraft:diamond_sword":1,"minecraft:cobblestone_slab":64,"minecraft:spruce_boat":2,"minecraft:shield":2,"minecraft:spruce_planks":67,"minecraft:iron_chestplate":1,"minecraft:andesite":11,"minecraft:oak_sapling":3,"minecraft:spider_eye":2,"minecraft:spruce_log":2,"minecraft:slime_ball":2,"minecraft:bow":3,"minecraft:stone_pickaxe":1,"minecraft:wooden_pickaxe":2},"minecraft:picked_up":{"minecraft:iron_chestplate":6,"minecraft:ender_chest":1,"minecraft:lead":2,"minecraft:diamond_sword":5,"minecraft:potion":1,"minecraft:enchanted_book":11,"minecraft:amethyst_block":5,"minecraft:string":82,"minecraft:soul_soil":17,"minecraft:raw_copper":33,"minecraft:cooked_salmon":30,"minecraft:iron_leggings":10,"minecraft:pufferfish":18,"minecraft:diamond_leggings":3,"minecraft:gold_nugget":159,"minecraft:cobbled_deepslate":694,"minecraft:spruce_planks":15,"minecraft:acacia_sign":1,"minecraft:cobblestone_slab":64,"minecraft:calcite":1,"minecraft:iron_pickaxe":17,"minecraft:melon_slice":318,"minecraft:iron_boots":13,"minecraft:stick":371,"minecraft:torch":301,"minecraft:acacia_log":71,"minecraft:porkchop":106,"minecraft:diorite":8,"minecraft:orange_bed":5,"minecraft:stone_sword":1,"minecraft:rotten_flesh":160,"minecraft:tropical_fish":7,"minecraft:armadillo_scute":3,"minecraft:obsidian":8,"minecraft:cod":131,"minecraft:cobblestone":451,"minecraft:birch_log":16,"minecraft:feather":61,"minecraft:cooked_beef":70,"minecraft:water_bucket":4,"minecraft:andesite":49,"minecraft:jungle_log":102,"minecraft:acacia_leaves":2,"minecraft:potato":9,"minecraft:flint":1,"minecraft:tuff":71,"minecraft:acacia_boat":2,"minecraft:lapis_lazuli":196,"minecraft:dirt":87,"minecraft:name_tag":1,"minecraft:bone":51,"minecraft:acacia_planks":213,"minecraft:bow":8,"minecraft:wheat_seeds":47,"minecraft:raw_gold":65,"minecraft:diamond_helmet":3,"minecraft:bamboo":17,"minecraft:oak_planks":89,"minecraft:ghast_tear":1,"minecraft:cooked_porkchop":242,"minecraft:jungle_planks":93,"minecraft:stripped_spruce_log":2,"minecraft:acacia_stairs":4,"minecraft:diamond":73,"minecraft:spruce_boat":2,"minecraft:granite":2,"minecraft:golden_apple":1,"minecraft:emerald":4,"minecraft:oak_sapling":6,"minecraft:netherrack":926,"minecraft:dark_oak_fence":12,"minecraft:diamond_pickaxe":11,"minecraft:fishing_rod":12,"minecraft:cocoa_beans":19,"minecraft:crafting_table":9,"minecraft:ominous_bottle":1,"minecraft:chicken":49,"minecraft:nether_wart":152,"minecraft:wooden_pickaxe":1,"minecraft:shield":14,"minecraft:wooden_sword":1,"minecraft:iron_shovel":3,"minecraft:blackstone":60,"minecraft:beef":84,"minecraft:jungle_sapling":2,"minecraft:poppy":3,"minecraft:sugar_cane":8,"minecraft:phantom_membrane":1,"minecraft:egg":30,"minecraft:raw_iron":300,"minecraft:bowl":1,"minecraft:spruce_fence":2,"minecraft:carrot":1,"minecraft:redstone":330,"minecraft:diamond_chestplate":4,"minecraft:arrow":67,"minecraft:cooked_cod":150,"minecraft:diamond_boots":3,"minecraft:saddle":6,"minecraft:gold_ingot":2,"minecraft:glow_berries":16,"minecraft:mutton":40,"minecraft:white_wool":6,"minecraft:rail":5,"minecraft:basalt":133,"minecraft:tripwire_hook":3,"minecraft:glow_ink_sac":13,"minecraft:salmon":91,"minecraft:leather":44,"minecraft:red_mushroom":10,"minecraft:lily_pad":6,"minecraft:oak_log":57,"minecraft:gunpowder":21,"minecraft:white_banner":3,"minecraft:cooked_mutton":55,"minecraft:kelp":1,"minecraft:iron_ingot":73,"minecraft:cooked_chicken":25,"minecraft:iron_sword":11,"minecraft:soul_sand":6,"minecraft:smooth_basalt":2,"minecraft:pumpkin":33,"minecraft:quartz":146,"minecraft:gravel":16,"minecraft:spruce_log":52,"minecraft:spider_eye":7,"minecraft:pumpkin_seeds":1,"minecraft:slime_ball":24,"minecraft:stone_axe":3,"minecraft:rib_armor_trim_smithing_template":1,"minecraft:iron_helmet":6,"minecraft:diamond_axe":3,"minecraft:warped_roots":1,"minecraft:warped_nylium":1,"minecraft:coal":452,"minecraft:ender_pearl":3},"minecraft:killed":{"minecraft:spider":24,"minecraft:skeleton":26,"minecraft:chicken":27,"minecraft:piglin":5,"minecraft:pig":32,"minecraft:zombie_villager":2,"minecraft:creeper":5,"minecraft:sheep":23,"minecraft:pillager":4,"minecraft:zombie":83,"minecraft:ghast":1,"minecraft:glow_squid":1,"minecraft:cow":20,"minecraft:armadillo":1,"minecraft:slime":25,"minecraft:phantom":6,"minecraft:llama":1,"minecraft:drowned":2,"minecraft:bat":1,"minecraft:villager":3,"minecraft:enderman":2}},"DataVersion":3953}