{"stats":{"minecraft:killed":{"minecraft:spider":21,"minecraft:slime":25,"minecraft:phantom":2,"minecraft:skeleton":20,"minecraft:chicken":14,"minecraft:drowned":2,"minecraft:pig":13,"minecraft:zombie_villager":1,"minecraft:bat":1,"minecraft:creeper":5,"minecraft:sheep":1,"minecraft:pillager":3,"minecraft:zombie":69,"minecraft:glow_squid":1,"minecraft:enderman":2,"minecraft:cow":7},"minecraft:picked_up":{"minecraft:fishing_rod":9,"minecraft:cocoa_beans":19,"minecraft:crafting_table":7,"minecraft:iron_chestplate":6,"minecraft:ominous_bottle":1,"minecraft:chicken":36,"minecraft:diamond_sword":1,"minecraft:wooden_pickaxe":1,"minecraft:potion":1,"minecraft:enchanted_book":7,"minecraft:shield":10,"minecraft:string":80,"minecraft:raw_copper":33,"minecraft:cooked_salmon":30,"minecraft:wooden_sword":1,"minecraft:iron_leggings":10,"minecraft:iron_shovel":3,"minecraft:pufferfish":17,"minecraft:cobbled_deepslate":502,"minecraft:beef":40,"minecraft:acacia_sign":1,"minecraft:poppy":3,"minecraft:iron_pickaxe":17,"minecraft:melon_slice":291,"minecraft:iron_boots":12,"minecraft:egg":28,"minecraft:stick":24,"minecraft:raw_iron":290,"minecraft:bowl":1,"minecraft:torch":282,"minecraft:acacia_log":68,"minecraft:porkchop":60,"minecraft:diorite":8,"minecraft:carrot":1,"minecraft:redstone":261,"minecraft:orange_bed":5,"minecraft:diamond_chestplate":1,"minecraft:arrow":46,"minecraft:rotten_flesh":126,"minecraft:cooked_cod":124,"minecraft:tropical_fish":7,"minecraft:armadillo_scute":3,"minecraft:gold_ingot":2,"minecraft:saddle":4,"minecraft:glow_berries":3,"minecraft:rail":5,"minecraft:mutton":6,"minecraft:cod":103,"minecraft:white_wool":1,"minecraft:cobblestone":438,"minecraft:birch_log":16,"minecraft:feather":55,"minecraft:cooked_beef":1,"minecraft:glow_ink_sac":11,"minecraft:andesite":48,"minecraft:tripwire_hook":3,"minecraft:salmon":69,"minecraft:jungle_log":100,"minecraft:acacia_leaves":2,"minecraft:leather":27,"minecraft:potato":9,"minecraft:tuff":69,"minecraft:oak_log":51,"minecraft:lily_pad":6,"minecraft:gunpowder":21,"minecraft:acacia_boat":2,"minecraft:lapis_lazuli":54,"minecraft:dirt":57,"minecraft:white_banner":1,"minecraft:name_tag":1,"minecraft:cooked_mutton":13,"minecraft:bone":40,"minecraft:acacia_planks":213,"minecraft:bow":4,"minecraft:wheat_seeds":46,"minecraft:raw_gold":65,"minecraft:iron_ingot":73,"minecraft:cooked_chicken":1,"minecraft:bamboo":17,"minecraft:iron_sword":11,"minecraft:oak_planks":89,"minecraft:cooked_porkchop":107,"minecraft:gravel":16,"minecraft:jungle_planks":92,"minecraft:spruce_log":4,"minecraft:acacia_stairs":4,"minecraft:spider_eye":7,"minecraft:pumpkin_seeds":1,"minecraft:slime_ball":24,"minecraft:diamond":41,"minecraft:stone_axe":3,"minecraft:iron_helmet":6,"minecraft:golden_apple":1,"minecraft:oak_sapling":3,"minecraft:dark_oak_fence":12,"minecraft:coal":285,"minecraft:diamond_pickaxe":1},"minecraft:broken":{"minecraft:iron_sword":1,"minecraft:iron_pickaxe":1,"minecraft:iron_helmet":1,"minecraft:wooden_axe":1,"minecraft:fishing_rod":1},"minecraft:custom":{"minecraft:mob_kills":190,"minecraft:interact_with_campfire":40,"minecraft:interact_with_crafting_table":94,"minecraft:bell_ring":14,"minecraft:leave_game":1,"minecraft:time_since_death":53286,"minecraft:climb_one_cm":7681,"minecraft:sprint_one_cm":1517172,"minecraft:walk_one_cm":1044290,"minecraft:damage_blocked_by_shield":4956,"minecraft:drop":210,"minecraft:play_time":483055,"minecraft:sneak_time":18010,"minecraft:deaths":22,"minecraft:walk_under_water_one_cm":15254,"minecraft:boat_one_cm":76483,"minecraft:jump":5356,"minecraft:interact_with_blast_furnace":30,"minecraft:walk_on_water_one_cm":38591,"minecraft:total_world_time":483055,"minecraft:interact_with_furnace":136,"minecraft:sleep_in_bed":7,"minecraft:time_since_rest":53377,"minecraft:damage_taken":23486,"minecraft:damage_dealt":28948,"minecraft:player_kills":1,"minecraft:swim_one_cm":32415,"minecraft:fly_one_cm":874594,"minecraft:open_chest":94,"minecraft:crouch_one_cm":37867,"minecraft:interact_with_smoker":30,"minecraft:fish_caught":159,"minecraft:fall_one_cm":231206},"minecraft:used":{"minecraft:stone_sword":52,"minecraft:iron_shovel":1,"minecraft:acacia_log":5,"minecraft:shield":94,"minecraft:iron_sword":771,"minecraft:cooked_salmon":8,"minecraft:cooked_chicken":10,"minecraft:rotten_flesh":11,"minecraft:orange_bed":4,"minecraft:torch":282,"minecraft:dirt":7,"minecraft:jungle_planks":13,"minecraft:tuff":7,"minecraft:wooden_axe":61,"minecraft:jungle_log":1,"minecraft:bow":13,"minecraft:oak_sapling":3,"minecraft:furnace":2,"minecraft:cooked_cod":42,"minecraft:cooked_beef":13,"minecraft:egg":10,"minecraft:cobbled_deepslate":142,"minecraft:potato":1,"minecraft:acacia_planks":8,"minecraft:cooked_mutton":7,"minecraft:acacia_boat":1,"minecraft:diorite":2,"minecraft:oak_planks":3,"minecraft:stone_pickaxe":113,"minecraft:wooden_pickaxe":50,"minecraft:salmon":4,"minecraft:crafting_table":10,"minecraft:diamond_pickaxe":151,"minecraft:melon_slice":31,"minecraft:iron_pickaxe":773,"minecraft:stone_axe":147,"minecraft:diamond_sword":524,"minecraft:fishing_rod":236,"minecraft:cobblestone":96,"minecraft:white_banner":1,"minecraft:cooked_porkchop":39,"minecraft:andesite":7},"minecraft:dropped":{"minecraft:enchanted_book":2,"minecraft:iron_ingot":75,"minecraft:iron_sword":2,"minecraft:wheat_seeds":8,"minecraft:cooked_beef":5,"minecraft:cobblestone":2,"minecraft:feather":13,"minecraft:saddle":2,"minecraft:rail":5,"minecraft:coal":6,"minecraft:stick":4,"minecraft:pufferfish":10,"minecraft:acacia_sign":1,"minecraft:dirt":9,"minecraft:torch":124,"minecraft:dark_oak_fence":12,"minecraft:wooden_axe":1,"minecraft:cooked_cod":24,"minecraft:potion":1,"minecraft:wooden_sword":1,"minecraft:orange_bed":1,"minecraft:iron_pickaxe":3,"minecraft:string":6,"minecraft:tripwire_hook":2,"minecraft:white_wool":1,"minecraft:acacia_planks":385,"minecraft:bone":5,"minecraft:redstone":64,"minecraft:gravel":2,"minecraft:stone_sword":1,"minecraft:cobbled_deepslate":127,"minecraft:bowl":1,"minecraft:tuff":8,"minecraft:raw_iron":102,"minecraft:rotten_flesh":27,"minecraft:oak_planks":4,"minecraft:acacia_stairs":4,"minecraft:salmon":16,"minecraft:carrot":1,"minecraft:acacia_leaves":1,"minecraft:poppy":1,"minecraft:iron_chestplate":1,"minecraft:andesite":10,"minecraft:jungle_log":20,"minecraft:spider_eye":2,"minecraft:slime_ball":2,"minecraft:bow":2,"minecraft:beef":1,"minecraft:wooden_pickaxe":2,"minecraft:stone_pickaxe":1},"minecraft:crafted":{"minecraft:oak_planks":28,"minecraft:fishing_rod":2,"minecraft:iron_nugget":3,"minecraft:cooked_chicken":13,"minecraft:furnace":2,"minecraft:cooked_mutton":10,"minecraft:iron_boots":3,"minecraft:stone_pickaxe":2,"minecraft:cooked_beef":17,"minecraft:cooked_cod":33,"minecraft:diamond_sword":1,"minecraft:cooked_porkchop":38,"minecraft:crafting_table":5,"minecraft:spruce_planks":16,"minecraft:wooden_pickaxe":2,"minecraft:iron_helmet":3,"minecraft:iron_sword":4,"minecraft:cooked_salmon":15,"minecraft:stone_axe":3,"minecraft:acacia_boat":1,"minecraft:air":0,"minecraft:jungle_planks":52,"minecraft:iron_chestplate":3,"minecraft:charcoal":33,"minecraft:diamond_pickaxe":1,"minecraft:shield":3,"minecraft:stick":256,"minecraft:iron_ingot":158,"minecraft:iron_pickaxe":5,"minecraft:wooden_axe":3,"minecraft:stone_sword":2,"minecraft:iron_leggings":4,"minecraft:acacia_planks":220,"minecraft:torch":476,"minecraft:diamond_chestplate":1},"minecraft:mined":{"minecraft:tuff":16,"minecraft:deepslate_diamond_ore":31,"minecraft:jungle_leaves":4,"minecraft:obsidian":1,"minecraft:glow_lichen":1,"minecraft:dark_oak_fence":6,"minecraft:acacia_log":59,"minecraft:grass_block":4,"minecraft:jungle_planks":2,"minecraft:jungle_log":79,"minecraft:spawner":1,"minecraft:fire":1,"minecraft:iron_ore":85,"minecraft:cobbled_deepslate":16,"minecraft:acacia_stairs":4,"minecraft:andesite":3,"minecraft:deepslate_lapis_ore":2,"minecraft:deepslate_iron_ore":63,"minecraft:vine":10,"minecraft:bamboo":2,"minecraft:stone":201,"minecraft:orange_bed":5,"minecraft:deepslate_redstone_ore":34,"minecraft:acacia_leaves":2,"minecraft:crafting_table":6,"minecraft:torch":15,"minecraft:short_grass":152,"minecraft:poppy":1,"minecraft:melon":23,"minecraft:tall_grass":4,"minecraft:copper_ore":8,"minecraft:lapis_ore":2,"minecraft:deepslate_gold_ore":20,"minecraft:oak_planks":28,"minecraft:diorite":2,"minecraft:wall_torch":9,"minecraft:oak_log":31,"minecraft:coal_ore":84,"minecraft:cocoa":3,"minecraft:dirt":12,"minecraft:cobweb":10,"minecraft:acacia_planks":8,"minecraft:gold_ore":12,"minecraft:oak_leaves":10,"minecraft:deepslate":476,"minecraft:fern":13},"minecraft:killed_by":{"minecraft:creeper":5,"minecraft:enderman":1,"minecraft:skeleton":7,"minecraft:zombie":6}},"DataVersion":3953}