{"stats":{"minecraft:killed":{"minecraft:spider":12,"minecraft:slime":12,"minecraft:phantom":2,"minecraft:skeleton":11,"minecraft:chicken":14,"minecraft:drowned":2,"minecraft:pig":13,"minecraft:creeper":2,"minecraft:sheep":1,"minecraft:pillager":3,"minecraft:zombie":30,"minecraft:glow_squid":1,"minecraft:enderman":1,"minecraft:cow":7},"minecraft:picked_up":{"minecraft:fishing_rod":8,"minecraft:cocoa_beans":19,"minecraft:crafting_table":7,"minecraft:iron_chestplate":5,"minecraft:ominous_bottle":1,"minecraft:chicken":36,"minecraft:wooden_pickaxe":1,"minecraft:potion":1,"minecraft:enchanted_book":5,"minecraft:shield":9,"minecraft:string":54,"minecraft:raw_copper":33,"minecraft:cooked_salmon":30,"minecraft:wooden_sword":1,"minecraft:iron_leggings":9,"minecraft:iron_shovel":3,"minecraft:pufferfish":17,"minecraft:cobbled_deepslate":353,"minecraft:beef":40,"minecraft:acacia_sign":1,"minecraft:poppy":3,"minecraft:iron_pickaxe":15,"minecraft:melon_slice":264,"minecraft:iron_boots":11,"minecraft:egg":28,"minecraft:stick":24,"minecraft:raw_iron":194,"minecraft:bowl":1,"minecraft:torch":240,"minecraft:acacia_log":68,"minecraft:porkchop":60,"minecraft:diorite":8,"minecraft:redstone":204,"minecraft:orange_bed":5,"minecraft:arrow":37,"minecraft:rotten_flesh":95,"minecraft:cooked_cod":77,"minecraft:tropical_fish":7,"minecraft:armadillo_scute":3,"minecraft:saddle":4,"minecraft:mutton":6,"minecraft:cod":103,"minecraft:white_wool":1,"minecraft:cobblestone":394,"minecraft:feather":42,"minecraft:cooked_beef":1,"minecraft:glow_ink_sac":11,"minecraft:andesite":48,"minecraft:tripwire_hook":3,"minecraft:salmon":50,"minecraft:jungle_log":100,"minecraft:acacia_leaves":2,"minecraft:leather":27,"minecraft:potato":7,"minecraft:tuff":69,"minecraft:oak_log":31,"minecraft:lily_pad":6,"minecraft:gunpowder":13,"minecraft:acacia_boat":1,"minecraft:lapis_lazuli":39,"minecraft:dirt":48,"minecraft:white_banner":1,"minecraft:cooked_mutton":8,"minecraft:bone":20,"minecraft:acacia_planks":213,"minecraft:bow":1,"minecraft:wheat_seeds":46,"minecraft:raw_gold":65,"minecraft:iron_ingot":67,"minecraft:cooked_chicken":1,"minecraft:bamboo":17,"minecraft:iron_sword":10,"minecraft:oak_planks":1,"minecraft:cooked_porkchop":105,"minecraft:gravel":15,"minecraft:jungle_planks":92,"minecraft:spruce_log":4,"minecraft:acacia_stairs":4,"minecraft:spider_eye":5,"minecraft:slime_ball":4,"minecraft:diamond":21,"minecraft:stone_axe":2,"minecraft:iron_helmet":6,"minecraft:oak_sapling":3,"minecraft:dark_oak_fence":12,"minecraft:coal":241},"minecraft:broken":{"minecraft:iron_sword":1,"minecraft:iron_pickaxe":1,"minecraft:wooden_axe":1,"minecraft:fishing_rod":1},"minecraft:custom":{"minecraft:mob_kills":113,"minecraft:interact_with_campfire":40,"minecraft:interact_with_crafting_table":66,"minecraft:bell_ring":14,"minecraft:leave_game":1,"minecraft:time_since_death":169949,"minecraft:climb_one_cm":7681,"minecraft:sprint_one_cm":1187028,"minecraft:walk_one_cm":757376,"minecraft:damage_blocked_by_shield":3576,"minecraft:drop":97,"minecraft:play_time":387055,"minecraft:sneak_time":11092,"minecraft:deaths":21,"minecraft:walk_under_water_one_cm":15059,"minecraft:boat_one_cm":76483,"minecraft:jump":4351,"minecraft:walk_on_water_one_cm":33973,"minecraft:total_world_time":387055,"minecraft:interact_with_furnace":101,"minecraft:sleep_in_bed":7,"minecraft:time_since_rest":69315,"minecraft:damage_taken":20449,"minecraft:damage_dealt":17396,"minecraft:swim_one_cm":32415,"minecraft:fly_one_cm":734007,"minecraft:open_chest":74,"minecraft:crouch_one_cm":14303,"minecraft:interact_with_smoker":30,"minecraft:fish_caught":159,"minecraft:fall_one_cm":208519},"minecraft:used":{"minecraft:stone_sword":52,"minecraft:iron_shovel":1,"minecraft:acacia_log":5,"minecraft:shield":69,"minecraft:iron_sword":771,"minecraft:cooked_salmon":8,"minecraft:cooked_chicken":2,"minecraft:rotten_flesh":11,"minecraft:orange_bed":4,"minecraft:torch":152,"minecraft:dirt":7,"minecraft:jungle_planks":13,"minecraft:tuff":7,"minecraft:wooden_axe":61,"minecraft:jungle_log":1,"minecraft:bow":4,"minecraft:oak_sapling":3,"minecraft:furnace":1,"minecraft:cooked_cod":11,"minecraft:cooked_beef":13,"minecraft:egg":10,"minecraft:cobbled_deepslate":84,"minecraft:potato":1,"minecraft:acacia_planks":8,"minecraft:cooked_mutton":5,"minecraft:acacia_boat":1,"minecraft:diorite":2,"minecraft:stone_pickaxe":113,"minecraft:wooden_pickaxe":50,"minecraft:crafting_table":9,"minecraft:diamond_pickaxe":1,"minecraft:melon_slice":31,"minecraft:iron_pickaxe":707,"minecraft:stone_axe":102,"minecraft:diamond_sword":41,"minecraft:fishing_rod":236,"minecraft:cobblestone":81,"minecraft:white_banner":1,"minecraft:cooked_porkchop":30,"minecraft:andesite":7},"minecraft:dropped":{"minecraft:iron_ingot":7,"minecraft:iron_sword":1,"minecraft:wheat_seeds":8,"minecraft:saddle":2,"minecraft:coal":6,"minecraft:pufferfish":10,"minecraft:acacia_sign":1,"minecraft:dark_oak_fence":12,"minecraft:wooden_axe":1,"minecraft:cooked_cod":21,"minecraft:potion":1,"minecraft:wooden_sword":1,"minecraft:orange_bed":1,"minecraft:iron_pickaxe":2,"minecraft:tripwire_hook":2,"minecraft:white_wool":1,"minecraft:acacia_planks":385,"minecraft:redstone":64,"minecraft:gravel":1,"minecraft:stone_sword":1,"minecraft:cobbled_deepslate":126,"minecraft:bowl":1,"minecraft:tuff":8,"minecraft:rotten_flesh":8,"minecraft:oak_planks":1,"minecraft:acacia_stairs":4,"minecraft:acacia_leaves":1,"minecraft:poppy":1,"minecraft:andesite":10,"minecraft:jungle_log":20,"minecraft:slime_ball":2,"minecraft:beef":1,"minecraft:wooden_pickaxe":2,"minecraft:stone_pickaxe":1},"minecraft:crafted":{"minecraft:oak_planks":28,"minecraft:fishing_rod":2,"minecraft:cooked_chicken":13,"minecraft:furnace":1,"minecraft:cooked_mutton":10,"minecraft:iron_boots":2,"minecraft:stone_pickaxe":2,"minecraft:cooked_beef":17,"minecraft:cooked_cod":33,"minecraft:diamond_sword":1,"minecraft:cooked_porkchop":38,"minecraft:crafting_table":4,"minecraft:spruce_planks":16,"minecraft:wooden_pickaxe":2,"minecraft:iron_helmet":2,"minecraft:iron_sword":4,"minecraft:cooked_salmon":15,"minecraft:stone_axe":3,"minecraft:acacia_boat":1,"minecraft:air":0,"minecraft:jungle_planks":52,"minecraft:iron_chestplate":3,"minecraft:diamond_pickaxe":1,"minecraft:shield":3,"minecraft:stick":108,"minecraft:iron_ingot":83,"minecraft:iron_pickaxe":4,"minecraft:wooden_axe":3,"minecraft:stone_sword":2,"minecraft:iron_leggings":2,"minecraft:acacia_planks":220,"minecraft:torch":244,"minecraft:diamond_chestplate":1},"minecraft:mined":{"minecraft:tuff":16,"minecraft:deepslate_diamond_ore":17,"minecraft:jungle_leaves":4,"minecraft:obsidian":1,"minecraft:glow_lichen":1,"minecraft:dark_oak_fence":6,"minecraft:acacia_log":59,"minecraft:grass_block":4,"minecraft:jungle_planks":2,"minecraft:jungle_log":79,"minecraft:iron_ore":85,"minecraft:cobbled_deepslate":10,"minecraft:acacia_stairs":4,"minecraft:andesite":3,"minecraft:deepslate_iron_ore":16,"minecraft:vine":10,"minecraft:bamboo":2,"minecraft:stone":201,"minecraft:orange_bed":5,"minecraft:deepslate_redstone_ore":33,"minecraft:acacia_leaves":2,"minecraft:crafting_table":6,"minecraft:torch":8,"minecraft:short_grass":152,"minecraft:poppy":1,"minecraft:melon":23,"minecraft:tall_grass":4,"minecraft:copper_ore":8,"minecraft:lapis_ore":2,"minecraft:deepslate_gold_ore":17,"minecraft:diorite":2,"minecraft:wall_torch":8,"minecraft:oak_log":14,"minecraft:coal_ore":84,"minecraft:cocoa":3,"minecraft:dirt":12,"minecraft:cobweb":9,"minecraft:acacia_planks":8,"minecraft:gold_ore":12,"minecraft:oak_leaves":10,"minecraft:deepslate":340,"minecraft:fern":13},"minecraft:killed_by":{"minecraft:creeper":4,"minecraft:enderman":1,"minecraft:skeleton":7,"minecraft:zombie":6}},"DataVersion":3953}