{"stats":{"minecraft:killed":{"minecraft:spider":10,"minecraft:slime":12,"minecraft:skeleton":11,"minecraft:chicken":14,"minecraft:pig":13,"minecraft:creeper":1,"minecraft:sheep":1,"minecraft:pillager":3,"minecraft:zombie":30,"minecraft:glow_squid":1,"minecraft:enderman":1,"minecraft:cow":7},"minecraft:picked_up":{"minecraft:fishing_rod":7,"minecraft:cocoa_beans":19,"minecraft:crafting_table":7,"minecraft:iron_chestplate":5,"minecraft:ominous_bottle":1,"minecraft:chicken":36,"minecraft:wooden_pickaxe":1,"minecraft:potion":1,"minecraft:enchanted_book":3,"minecraft:shield":9,"minecraft:string":48,"minecraft:raw_copper":33,"minecraft:cooked_salmon":30,"minecraft:wooden_sword":1,"minecraft:iron_leggings":9,"minecraft:iron_shovel":3,"minecraft:pufferfish":7,"minecraft:cobbled_deepslate":353,"minecraft:beef":40,"minecraft:acacia_sign":1,"minecraft:poppy":3,"minecraft:iron_pickaxe":14,"minecraft:melon_slice":264,"minecraft:iron_boots":11,"minecraft:egg":28,"minecraft:stick":23,"minecraft:raw_iron":194,"minecraft:bowl":1,"minecraft:torch":239,"minecraft:acacia_log":67,"minecraft:porkchop":60,"minecraft:diorite":8,"minecraft:redstone":204,"minecraft:orange_bed":4,"minecraft:arrow":36,"minecraft:rotten_flesh":93,"minecraft:cooked_cod":28,"minecraft:tropical_fish":4,"minecraft:armadillo_scute":3,"minecraft:mutton":6,"minecraft:cod":29,"minecraft:white_wool":1,"minecraft:cobblestone":394,"minecraft:feather":42,"minecraft:cooked_beef":1,"minecraft:glow_ink_sac":11,"minecraft:andesite":48,"minecraft:tripwire_hook":1,"minecraft:salmon":35,"minecraft:jungle_log":100,"minecraft:acacia_leaves":2,"minecraft:leather":25,"minecraft:potato":7,"minecraft:tuff":69,"minecraft:oak_log":31,"minecraft:lily_pad":6,"minecraft:gunpowder":12,"minecraft:lapis_lazuli":39,"minecraft:dirt":48,"minecraft:white_banner":1,"minecraft:cooked_mutton":8,"minecraft:bone":18,"minecraft:acacia_planks":207,"minecraft:bow":1,"minecraft:wheat_seeds":46,"minecraft:raw_gold":65,"minecraft:iron_ingot":67,"minecraft:cooked_chicken":1,"minecraft:bamboo":17,"minecraft:iron_sword":10,"minecraft:oak_planks":1,"minecraft:cooked_porkchop":105,"minecraft:gravel":15,"minecraft:jungle_planks":92,"minecraft:spruce_log":4,"minecraft:spider_eye":5,"minecraft:slime_ball":4,"minecraft:diamond":21,"minecraft:stone_axe":2,"minecraft:iron_helmet":6,"minecraft:oak_sapling":3,"minecraft:dark_oak_fence":12,"minecraft:coal":241},"minecraft:broken":{"minecraft:iron_sword":1,"minecraft:iron_pickaxe":1,"minecraft:wooden_axe":1},"minecraft:custom":{"minecraft:mob_kills":106,"minecraft:interact_with_crafting_table":64,"minecraft:bell_ring":14,"minecraft:leave_game":1,"minecraft:time_since_death":73949,"minecraft:climb_one_cm":7681,"minecraft:sprint_one_cm":1089030,"minecraft:walk_one_cm":697466,"minecraft:damage_blocked_by_shield":3576,"minecraft:drop":57,"minecraft:play_time":291055,"minecraft:sneak_time":8110,"minecraft:deaths":21,"minecraft:walk_under_water_one_cm":15059,"minecraft:jump":4139,"minecraft:walk_on_water_one_cm":32922,"minecraft:total_world_time":291055,"minecraft:interact_with_furnace":92,"minecraft:sleep_in_bed":5,"minecraft:time_since_rest":74006,"minecraft:damage_taken":20062,"minecraft:damage_dealt":15975,"minecraft:swim_one_cm":32415,"minecraft:fly_one_cm":692219,"minecraft:open_chest":54,"minecraft:crouch_one_cm":12657,"minecraft:interact_with_smoker":29,"minecraft:fish_caught":52,"minecraft:fall_one_cm":204433},"minecraft:used":{"minecraft:stone_sword":52,"minecraft:iron_shovel":1,"minecraft:acacia_log":5,"minecraft:shield":69,"minecraft:iron_sword":771,"minecraft:cooked_salmon":8,"minecraft:cooked_chicken":2,"minecraft:rotten_flesh":11,"minecraft:orange_bed":4,"minecraft:torch":151,"minecraft:dirt":7,"minecraft:jungle_planks":13,"minecraft:tuff":7,"minecraft:wooden_axe":61,"minecraft:jungle_log":1,"minecraft:bow":1,"minecraft:oak_sapling":3,"minecraft:furnace":1,"minecraft:cooked_cod":10,"minecraft:cooked_beef":9,"minecraft:egg":10,"minecraft:cobbled_deepslate":84,"minecraft:potato":1,"minecraft:acacia_planks":8,"minecraft:cooked_mutton":4,"minecraft:diorite":2,"minecraft:stone_pickaxe":113,"minecraft:wooden_pickaxe":50,"minecraft:crafting_table":8,"minecraft:melon_slice":29,"minecraft:iron_pickaxe":707,"minecraft:stone_axe":90,"minecraft:fishing_rod":76,"minecraft:cobblestone":81,"minecraft:cooked_porkchop":29,"minecraft:andesite":7},"minecraft:dropped":{"minecraft:iron_ingot":7,"minecraft:wheat_seeds":7,"minecraft:coal":6,"minecraft:pufferfish":2,"minecraft:acacia_sign":1,"minecraft:dark_oak_fence":12,"minecraft:wooden_axe":1,"minecraft:potion":1,"minecraft:wooden_sword":1,"minecraft:iron_pickaxe":1,"minecraft:white_wool":1,"minecraft:acacia_planks":385,"minecraft:redstone":64,"minecraft:gravel":1,"minecraft:stone_sword":1,"minecraft:cobbled_deepslate":126,"minecraft:bowl":1,"minecraft:tuff":8,"minecraft:oak_planks":1,"minecraft:acacia_leaves":1,"minecraft:poppy":1,"minecraft:andesite":10,"minecraft:jungle_log":20,"minecraft:slime_ball":2,"minecraft:wooden_pickaxe":2,"minecraft:stone_pickaxe":1},"minecraft:crafted":{"minecraft:oak_planks":28,"minecraft:fishing_rod":2,"minecraft:cooked_chicken":13,"minecraft:furnace":1,"minecraft:cooked_mutton":10,"minecraft:iron_boots":2,"minecraft:stone_pickaxe":2,"minecraft:cooked_beef":17,"minecraft:cooked_cod":24,"minecraft:diamond_sword":1,"minecraft:cooked_porkchop":38,"minecraft:crafting_table":3,"minecraft:spruce_planks":16,"minecraft:wooden_pickaxe":2,"minecraft:iron_helmet":2,"minecraft:iron_sword":4,"minecraft:cooked_salmon":15,"minecraft:stone_axe":3,"minecraft:air":0,"minecraft:jungle_planks":52,"minecraft:iron_chestplate":3,"minecraft:diamond_pickaxe":1,"minecraft:shield":3,"minecraft:stick":108,"minecraft:iron_ingot":83,"minecraft:iron_pickaxe":4,"minecraft:wooden_axe":3,"minecraft:stone_sword":2,"minecraft:iron_leggings":2,"minecraft:acacia_planks":216,"minecraft:torch":244,"minecraft:diamond_chestplate":1},"minecraft:mined":{"minecraft:tuff":16,"minecraft:deepslate_diamond_ore":17,"minecraft:jungle_leaves":4,"minecraft:glow_lichen":1,"minecraft:dark_oak_fence":6,"minecraft:acacia_log":58,"minecraft:grass_block":4,"minecraft:jungle_planks":2,"minecraft:jungle_log":79,"minecraft:iron_ore":85,"minecraft:cobbled_deepslate":10,"minecraft:andesite":3,"minecraft:deepslate_iron_ore":16,"minecraft:vine":10,"minecraft:bamboo":2,"minecraft:stone":201,"minecraft:orange_bed":4,"minecraft:deepslate_redstone_ore":33,"minecraft:acacia_leaves":2,"minecraft:crafting_table":6,"minecraft:torch":7,"minecraft:short_grass":149,"minecraft:poppy":1,"minecraft:melon":23,"minecraft:tall_grass":4,"minecraft:copper_ore":8,"minecraft:lapis_ore":2,"minecraft:deepslate_gold_ore":17,"minecraft:diorite":2,"minecraft:wall_torch":8,"minecraft:oak_log":14,"minecraft:coal_ore":84,"minecraft:cocoa":3,"minecraft:dirt":12,"minecraft:cobweb":5,"minecraft:acacia_planks":2,"minecraft:gold_ore":12,"minecraft:oak_leaves":10,"minecraft:deepslate":340,"minecraft:fern":13},"minecraft:killed_by":{"minecraft:creeper":4,"minecraft:enderman":1,"minecraft:skeleton":7,"minecraft:zombie":6}},"DataVersion":3953}