{"stats":{"minecraft:dropped":{"minecraft:iron_ingot":6,"minecraft:wheat_seeds":7,"minecraft:coal":6,"minecraft:pufferfish":2,"minecraft:acacia_sign":1,"minecraft:wooden_axe":1,"minecraft:potion":1,"minecraft:wooden_sword":1,"minecraft:white_wool":1,"minecraft:acacia_planks":385,"minecraft:stone_sword":1,"minecraft:cobbled_deepslate":1,"minecraft:tuff":7,"minecraft:oak_planks":1,"minecraft:acacia_leaves":1,"minecraft:andesite":10,"minecraft:jungle_log":20,"minecraft:stone_pickaxe":1,"minecraft:wooden_pickaxe":2},"minecraft:broken":{"minecraft:iron_sword":1,"minecraft:wooden_axe":1},"minecraft:used":{"minecraft:stone_sword":52,"minecraft:acacia_log":5,"minecraft:iron_shovel":1,"minecraft:shield":66,"minecraft:iron_sword":673,"minecraft:cooked_salmon":8,"minecraft:cooked_chicken":2,"minecraft:rotten_flesh":11,"minecraft:orange_bed":4,"minecraft:torch":87,"minecraft:dirt":7,"minecraft:jungle_planks":13,"minecraft:tuff":7,"minecraft:wooden_axe":61,"minecraft:jungle_log":1,"minecraft:oak_sapling":3,"minecraft:furnace":1,"minecraft:cooked_cod":10,"minecraft:cooked_beef":1,"minecraft:egg":10,"minecraft:potato":1,"minecraft:acacia_planks":8,"minecraft:cobbled_deepslate":38,"minecraft:diorite":2,"minecraft:stone_pickaxe":113,"minecraft:wooden_pickaxe":50,"minecraft:crafting_table":8,"minecraft:melon_slice":25,"minecraft:iron_pickaxe":328,"minecraft:stone_axe":80,"minecraft:fishing_rod":73,"minecraft:cobblestone":13,"minecraft:cooked_porkchop":29,"minecraft:andesite":2},"minecraft:killed_by":{"minecraft:creeper":4,"minecraft:enderman":1,"minecraft:skeleton":7,"minecraft:zombie":6},"minecraft:crafted":{"minecraft:oak_planks":28,"minecraft:fishing_rod":2,"minecraft:cooked_chicken":13,"minecraft:furnace":1,"minecraft:cooked_mutton":10,"minecraft:iron_boots":2,"minecraft:stone_pickaxe":2,"minecraft:cooked_beef":17,"minecraft:cooked_cod":24,"minecraft:cooked_porkchop":38,"minecraft:crafting_table":3,"minecraft:wooden_pickaxe":2,"minecraft:iron_helmet":2,"minecraft:iron_sword":3,"minecraft:cooked_salmon":15,"minecraft:stone_axe":3,"minecraft:air":0,"minecraft:jungle_planks":52,"minecraft:iron_chestplate":3,"minecraft:shield":3,"minecraft:stick":76,"minecraft:iron_ingot":82,"minecraft:iron_pickaxe":3,"minecraft:wooden_axe":3,"minecraft:stone_sword":2,"minecraft:iron_leggings":2,"minecraft:acacia_planks":216,"minecraft:torch":144},"minecraft:picked_up":{"minecraft:fishing_rod":7,"minecraft:cocoa_beans":19,"minecraft:crafting_table":7,"minecraft:iron_chestplate":5,"minecraft:chicken":36,"minecraft:wooden_pickaxe":1,"minecraft:potion":1,"minecraft:enchanted_book":3,"minecraft:shield":8,"minecraft:string":48,"minecraft:raw_copper":33,"minecraft:cooked_salmon":30,"minecraft:wooden_sword":1,"minecraft:iron_leggings":9,"minecraft:iron_shovel":3,"minecraft:pufferfish":7,"minecraft:cobbled_deepslate":120,"minecraft:beef":39,"minecraft:acacia_sign":1,"minecraft:poppy":3,"minecraft:iron_pickaxe":14,"minecraft:melon_slice":264,"minecraft:iron_boots":10,"minecraft:egg":28,"minecraft:raw_iron":194,"minecraft:stick":22,"minecraft:torch":230,"minecraft:acacia_log":67,"minecraft:porkchop":60,"minecraft:diorite":8,"minecraft:redstone":88,"minecraft:orange_bed":4,"minecraft:rotten_flesh":87,"minecraft:arrow":34,"minecraft:cooked_cod":28,"minecraft:tropical_fish":4,"minecraft:armadillo_scute":3,"minecraft:mutton":6,"minecraft:cod":28,"minecraft:white_wool":1,"minecraft:cobblestone":393,"minecraft:feather":42,"minecraft:tripwire_hook":1,"minecraft:salmon":35,"minecraft:jungle_log":100,"minecraft:andesite":48,"minecraft:leather":25,"minecraft:acacia_leaves":2,"minecraft:potato":7,"minecraft:tuff":61,"minecraft:oak_log":31,"minecraft:lily_pad":6,"minecraft:gunpowder":12,"minecraft:lapis_lazuli":39,"minecraft:dirt":48,"minecraft:cooked_mutton":8,"minecraft:bone":15,"minecraft:acacia_planks":207,"minecraft:wheat_seeds":45,"minecraft:raw_gold":59,"minecraft:iron_ingot":64,"minecraft:cooked_chicken":1,"minecraft:bamboo":17,"minecraft:iron_sword":10,"minecraft:oak_planks":1,"minecraft:cooked_porkchop":105,"minecraft:gravel":14,"minecraft:jungle_planks":92,"minecraft:spider_eye":5,"minecraft:diamond":5,"minecraft:stone_axe":2,"minecraft:iron_helmet":6,"minecraft:oak_sapling":3,"minecraft:coal":236},"minecraft:mined":{"minecraft:tuff":6,"minecraft:deepslate_diamond_ore":1,"minecraft:jungle_leaves":4,"minecraft:acacia_log":58,"minecraft:grass_block":4,"minecraft:jungle_planks":2,"minecraft:jungle_log":79,"minecraft:iron_ore":85,"minecraft:cobbled_deepslate":6,"minecraft:andesite":3,"minecraft:deepslate_iron_ore":15,"minecraft:vine":10,"minecraft:bamboo":2,"minecraft:stone":200,"minecraft:orange_bed":4,"minecraft:deepslate_redstone_ore":11,"minecraft:acacia_leaves":2,"minecraft:crafting_table":6,"minecraft:torch":4,"minecraft:short_grass":134,"minecraft:poppy":1,"minecraft:melon":23,"minecraft:copper_ore":8,"minecraft:tall_grass":4,"minecraft:lapis_ore":2,"minecraft:deepslate_gold_ore":10,"minecraft:diorite":2,"minecraft:wall_torch":5,"minecraft:coal_ore":79,"minecraft:oak_log":14,"minecraft:cocoa":3,"minecraft:dirt":12,"minecraft:cobweb":5,"minecraft:acacia_planks":2,"minecraft:gold_ore":12,"minecraft:oak_leaves":10,"minecraft:deepslate":30,"minecraft:fern":13},"minecraft:custom":{"minecraft:mob_kills":85,"minecraft:interact_with_crafting_table":61,"minecraft:bell_ring":14,"minecraft:leave_game":1,"minecraft:time_since_death":14488,"minecraft:climb_one_cm":7681,"minecraft:sprint_one_cm":847009,"minecraft:walk_one_cm":540502,"minecraft:damage_blocked_by_shield":3381,"minecraft:drop":44,"minecraft:play_time":231594,"minecraft:deaths":21,"minecraft:sneak_time":5539,"minecraft:walk_under_water_one_cm":7049,"minecraft:jump":3352,"minecraft:walk_on_water_one_cm":24119,"minecraft:total_world_time":231594,"minecraft:interact_with_furnace":86,"minecraft:sleep_in_bed":5,"minecraft:time_since_rest":14545,"minecraft:damage_taken":19349,"minecraft:damage_dealt":13836,"minecraft:swim_one_cm":28345,"minecraft:fly_one_cm":577108,"minecraft:open_chest":32,"minecraft:crouch_one_cm":7044,"minecraft:fish_caught":51,"minecraft:interact_with_smoker":29,"minecraft:fall_one_cm":190226},"minecraft:killed":{"minecraft:spider":10,"minecraft:skeleton":9,"minecraft:chicken":14,"minecraft:pig":13,"minecraft:creeper":1,"minecraft:sheep":1,"minecraft:zombie":28,"minecraft:cow":6,"minecraft:enderman":1}},"DataVersion":3953}