{"stats":{"minecraft:dropped":{"minecraft:iron_ingot":2,"minecraft:wheat_seeds":7,"minecraft:acacia_sign":1,"minecraft:wooden_axe":1,"minecraft:potion":1,"minecraft:wooden_sword":1,"minecraft:acacia_planks":1,"minecraft:stone_sword":1,"minecraft:cobbled_deepslate":1,"minecraft:oak_planks":1,"minecraft:acacia_leaves":1,"minecraft:jungle_log":20,"minecraft:stone_pickaxe":1,"minecraft:wooden_pickaxe":2},"minecraft:broken":{"minecraft:iron_sword":1,"minecraft:wooden_axe":1},"minecraft:used":{"minecraft:stone_sword":52,"minecraft:acacia_log":5,"minecraft:iron_shovel":1,"minecraft:shield":66,"minecraft:iron_sword":619,"minecraft:cooked_salmon":8,"minecraft:cooked_chicken":1,"minecraft:rotten_flesh":11,"minecraft:orange_bed":4,"minecraft:torch":87,"minecraft:dirt":7,"minecraft:jungle_planks":13,"minecraft:tuff":7,"minecraft:wooden_axe":61,"minecraft:jungle_log":1,"minecraft:oak_sapling":3,"minecraft:furnace":1,"minecraft:cooked_cod":10,"minecraft:egg":4,"minecraft:acacia_planks":8,"minecraft:cobbled_deepslate":38,"minecraft:diorite":2,"minecraft:stone_pickaxe":113,"minecraft:wooden_pickaxe":50,"minecraft:crafting_table":7,"minecraft:melon_slice":21,"minecraft:iron_pickaxe":246,"minecraft:stone_axe":29,"minecraft:fishing_rod":73,"minecraft:cobblestone":13,"minecraft:cooked_porkchop":27,"minecraft:andesite":2},"minecraft:killed_by":{"minecraft:creeper":4,"minecraft:enderman":1,"minecraft:skeleton":7,"minecraft:zombie":6},"minecraft:crafted":{"minecraft:oak_planks":28,"minecraft:fishing_rod":2,"minecraft:cooked_chicken":1,"minecraft:furnace":1,"minecraft:iron_boots":2,"minecraft:stone_pickaxe":2,"minecraft:cooked_cod":24,"minecraft:cooked_porkchop":31,"minecraft:crafting_table":2,"minecraft:wooden_pickaxe":2,"minecraft:iron_helmet":2,"minecraft:iron_sword":3,"minecraft:cooked_salmon":15,"minecraft:stone_axe":2,"minecraft:air":0,"minecraft:jungle_planks":52,"minecraft:iron_chestplate":3,"minecraft:shield":3,"minecraft:stick":76,"minecraft:iron_ingot":82,"minecraft:iron_pickaxe":3,"minecraft:wooden_axe":3,"minecraft:stone_sword":2,"minecraft:iron_leggings":2,"minecraft:acacia_planks":20,"minecraft:torch":144},"minecraft:picked_up":{"minecraft:fishing_rod":5,"minecraft:cocoa_beans":19,"minecraft:crafting_table":7,"minecraft:iron_chestplate":3,"minecraft:chicken":20,"minecraft:wooden_pickaxe":1,"minecraft:potion":1,"minecraft:enchanted_book":3,"minecraft:shield":6,"minecraft:string":43,"minecraft:raw_copper":33,"minecraft:cooked_salmon":16,"minecraft:wooden_sword":1,"minecraft:iron_leggings":7,"minecraft:iron_shovel":3,"minecraft:pufferfish":5,"minecraft:cobbled_deepslate":120,"minecraft:beef":6,"minecraft:acacia_sign":1,"minecraft:poppy":1,"minecraft:iron_pickaxe":10,"minecraft:melon_slice":153,"minecraft:iron_boots":8,"minecraft:egg":16,"minecraft:raw_iron":182,"minecraft:stick":16,"minecraft:torch":164,"minecraft:acacia_log":18,"minecraft:porkchop":35,"minecraft:diorite":8,"minecraft:redstone":88,"minecraft:orange_bed":4,"minecraft:rotten_flesh":80,"minecraft:arrow":33,"minecraft:cooked_cod":18,"minecraft:tropical_fish":4,"minecraft:armadillo_scute":3,"minecraft:cod":28,"minecraft:cobblestone":183,"minecraft:feather":20,"minecraft:tripwire_hook":1,"minecraft:salmon":25,"minecraft:jungle_log":100,"minecraft:andesite":33,"minecraft:leather":17,"minecraft:acacia_leaves":2,"minecraft:potato":7,"minecraft:tuff":61,"minecraft:oak_log":31,"minecraft:lily_pad":2,"minecraft:gunpowder":12,"minecraft:lapis_lazuli":39,"minecraft:dirt":48,"minecraft:bone":13,"minecraft:acacia_planks":13,"minecraft:wheat_seeds":26,"minecraft:raw_gold":51,"minecraft:iron_ingot":55,"minecraft:cooked_chicken":1,"minecraft:bamboo":17,"minecraft:iron_sword":8,"minecraft:oak_planks":1,"minecraft:cooked_porkchop":93,"minecraft:gravel":14,"minecraft:jungle_planks":92,"minecraft:spider_eye":5,"minecraft:diamond":5,"minecraft:stone_axe":2,"minecraft:iron_helmet":4,"minecraft:oak_sapling":3,"minecraft:coal":178},"minecraft:mined":{"minecraft:tuff":6,"minecraft:deepslate_diamond_ore":1,"minecraft:jungle_leaves":4,"minecraft:acacia_log":10,"minecraft:grass_block":4,"minecraft:jungle_planks":2,"minecraft:jungle_log":79,"minecraft:iron_ore":82,"minecraft:cobbled_deepslate":6,"minecraft:andesite":3,"minecraft:deepslate_iron_ore":15,"minecraft:vine":10,"minecraft:bamboo":2,"minecraft:stone":129,"minecraft:orange_bed":4,"minecraft:deepslate_redstone_ore":11,"minecraft:acacia_leaves":1,"minecraft:crafting_table":6,"minecraft:torch":4,"minecraft:short_grass":115,"minecraft:poppy":1,"minecraft:melon":13,"minecraft:copper_ore":8,"minecraft:tall_grass":4,"minecraft:lapis_ore":2,"minecraft:deepslate_gold_ore":10,"minecraft:diorite":2,"minecraft:wall_torch":5,"minecraft:coal_ore":71,"minecraft:oak_log":14,"minecraft:cocoa":3,"minecraft:dirt":12,"minecraft:cobweb":5,"minecraft:acacia_planks":2,"minecraft:gold_ore":12,"minecraft:oak_leaves":10,"minecraft:deepslate":30,"minecraft:fern":4},"minecraft:custom":{"minecraft:mob_kills":80,"minecraft:interact_with_crafting_table":58,"minecraft:time_since_death":25639,"minecraft:climb_one_cm":7551,"minecraft:sprint_one_cm":715875,"minecraft:walk_one_cm":481606,"minecraft:damage_blocked_by_shield":3381,"minecraft:drop":18,"minecraft:play_time":202758,"minecraft:deaths":19,"minecraft:sneak_time":4712,"minecraft:walk_under_water_one_cm":6996,"minecraft:jump":3010,"minecraft:walk_on_water_one_cm":21993,"minecraft:total_world_time":202758,"minecraft:interact_with_furnace":82,"minecraft:sleep_in_bed":5,"minecraft:time_since_rest":25663,"minecraft:damage_taken":8999,"minecraft:damage_dealt":13205,"minecraft:swim_one_cm":27348,"minecraft:fly_one_cm":497047,"minecraft:open_chest":26,"minecraft:crouch_one_cm":5794,"minecraft:fish_caught":51,"minecraft:interact_with_smoker":9,"minecraft:fall_one_cm":76505},"minecraft:killed":{"minecraft:spider":10,"minecraft:skeleton":9,"minecraft:chicken":13,"minecraft:pig":13,"minecraft:creeper":1,"minecraft:zombie":28,"minecraft:cow":3,"minecraft:enderman":1}},"DataVersion":3953}