{"stats":{"minecraft:dropped":{"minecraft:stone_sword":1,"minecraft:wooden_axe":1,"minecraft:jungle_log":20,"minecraft:potion":1,"minecraft:wooden_sword":1,"minecraft:stone_pickaxe":1,"minecraft:wooden_pickaxe":2},"minecraft:broken":{"minecraft:wooden_axe":1},"minecraft:used":{"minecraft:stone_sword":52,"minecraft:stone_pickaxe":113,"minecraft:shield":18,"minecraft:wooden_pickaxe":50,"minecraft:iron_sword":115,"minecraft:cooked_salmon":6,"minecraft:rotten_flesh":2,"minecraft:orange_bed":1,"minecraft:torch":42,"minecraft:dirt":6,"minecraft:crafting_table":7,"minecraft:wooden_axe":61,"minecraft:melon_slice":21,"minecraft:iron_pickaxe":77,"minecraft:stone_axe":29,"minecraft:fishing_rod":30,"minecraft:furnace":1,"minecraft:oak_sapling":3,"minecraft:cooked_porkchop":6},"minecraft:killed_by":{"minecraft:skeleton":2,"minecraft:creeper":1,"minecraft:zombie":1},"minecraft:crafted":{"minecraft:cooked_cod":9,"minecraft:oak_planks":28,"minecraft:fishing_rod":1,"minecraft:cooked_porkchop":10,"minecraft:crafting_table":2,"minecraft:iron_helmet":1,"minecraft:wooden_pickaxe":2,"minecraft:iron_sword":1,"minecraft:furnace":1,"minecraft:cooked_salmon":6,"minecraft:stone_axe":2,"minecraft:air":0,"minecraft:jungle_planks":20,"minecraft:iron_boots":1,"minecraft:iron_chestplate":1,"minecraft:shield":1,"minecraft:stick":36,"minecraft:iron_ingot":33,"minecraft:iron_pickaxe":1,"minecraft:stone_pickaxe":2,"minecraft:wooden_axe":3,"minecraft:stone_sword":2,"minecraft:iron_leggings":1,"minecraft:torch":36},"minecraft:picked_up":{"minecraft:fishing_rod":2,"minecraft:cocoa_beans":19,"minecraft:iron_chestplate":2,"minecraft:crafting_table":7,"minecraft:feather":9,"minecraft:chicken":9,"minecraft:andesite":6,"minecraft:jungle_log":89,"minecraft:salmon":6,"minecraft:leather":15,"minecraft:wooden_pickaxe":1,"minecraft:enchanted_book":3,"minecraft:potion":1,"minecraft:tuff":2,"minecraft:oak_log":31,"minecraft:shield":2,"minecraft:gunpowder":6,"minecraft:lapis_lazuli":39,"minecraft:dirt":34,"minecraft:string":8,"minecraft:wooden_sword":1,"minecraft:iron_leggings":1,"minecraft:iron_shovel":3,"minecraft:bone":6,"minecraft:wheat_seeds":7,"minecraft:cobbled_deepslate":23,"minecraft:raw_gold":32,"minecraft:iron_ingot":8,"minecraft:iron_pickaxe":2,"minecraft:bamboo":17,"minecraft:melon_slice":153,"minecraft:iron_sword":2,"minecraft:iron_boots":2,"minecraft:raw_iron":152,"minecraft:cooked_porkchop":10,"minecraft:torch":11,"minecraft:porkchop":10,"minecraft:redstone":88,"minecraft:spider_eye":2,"minecraft:arrow":18,"minecraft:orange_bed":1,"minecraft:rotten_flesh":21,"minecraft:cooked_cod":18,"minecraft:diamond":5,"minecraft:tropical_fish":4,"minecraft:stone_axe":2,"minecraft:iron_helmet":1,"minecraft:armadillo_scute":3,"minecraft:oak_sapling":3,"minecraft:coal":31,"minecraft:cod":13,"minecraft:cobblestone":140},"minecraft:mined":{"minecraft:deepslate_redstone_ore":11,"minecraft:deepslate_diamond_ore":1,"minecraft:jungle_leaves":4,"minecraft:torch":3,"minecraft:crafting_table":6,"minecraft:short_grass":18,"minecraft:grass_block":4,"minecraft:melon":13,"minecraft:jungle_log":77,"minecraft:deepslate_gold_ore":7,"minecraft:lapis_ore":2,"minecraft:wall_torch":4,"minecraft:iron_ore":64,"minecraft:andesite":1,"minecraft:deepslate_iron_ore":10,"minecraft:oak_log":14,"minecraft:coal_ore":31,"minecraft:vine":10,"minecraft:cocoa":3,"minecraft:dirt":12,"minecraft:cobweb":5,"minecraft:bamboo":2,"minecraft:stone":86,"minecraft:gold_ore":6,"minecraft:oak_leaves":7,"minecraft:deepslate":3,"minecraft:fern":4,"minecraft:orange_bed":1},"minecraft:custom":{"minecraft:interact_with_furnace":34,"minecraft:mob_kills":24,"minecraft:interact_with_crafting_table":30,"minecraft:time_since_death":740,"minecraft:sleep_in_bed":1,"minecraft:climb_one_cm":7551,"minecraft:time_since_rest":764,"minecraft:sprint_one_cm":276271,"minecraft:damage_taken":2198,"minecraft:walk_one_cm":200224,"minecraft:damage_blocked_by_shield":1050,"minecraft:drop":9,"minecraft:damage_dealt":4017,"minecraft:swim_one_cm":24838,"minecraft:fly_one_cm":141981,"minecraft:open_chest":2,"minecraft:crouch_one_cm":3392,"minecraft:play_time":82758,"minecraft:deaths":4,"minecraft:sneak_time":3024,"minecraft:walk_under_water_one_cm":2879,"minecraft:jump":1125,"minecraft:walk_on_water_one_cm":10977,"minecraft:total_world_time":82758,"minecraft:fish_caught":19,"minecraft:fall_one_cm":23966},"minecraft:killed":{"minecraft:pig":4,"minecraft:spider":5,"minecraft:skeleton":3,"minecraft:zombie":8,"minecraft:chicken":3}},"DataVersion":3953}