{"stats":{"minecraft:killed_by":{"minecraft:creeper":5,"minecraft:enderman":1,"minecraft:skeleton":7,"minecraft:zombie":6},"minecraft:crafted":{"minecraft:oak_planks":28,"minecraft:fishing_rod":2,"minecraft:iron_nugget":3,"minecraft:cooked_chicken":13,"minecraft:furnace":2,"minecraft:cooked_mutton":10,"minecraft:iron_boots":3,"minecraft:stone_pickaxe":2,"minecraft:cooked_beef":17,"minecraft:cooked_cod":33,"minecraft:diamond_sword":1,"minecraft:cooked_porkchop":38,"minecraft:crafting_table":5,"minecraft:spruce_planks":16,"minecraft:wooden_pickaxe":2,"minecraft:iron_helmet":3,"minecraft:iron_sword":4,"minecraft:cooked_salmon":15,"minecraft:stone_axe":3,"minecraft:acacia_boat":1,"minecraft:air":0,"minecraft:jungle_planks":52,"minecraft:iron_chestplate":3,"minecraft:diamond_pickaxe":1,"minecraft:charcoal":33,"minecraft:shield":3,"minecraft:stick":256,"minecraft:iron_ingot":158,"minecraft:iron_pickaxe":5,"minecraft:wooden_axe":3,"minecraft:stone_sword":2,"minecraft:iron_leggings":4,"minecraft:acacia_planks":220,"minecraft:torch":476,"minecraft:diamond_chestplate":1},"minecraft:broken":{"minecraft:iron_sword":1,"minecraft:iron_pickaxe":1,"minecraft:iron_helmet":1,"minecraft:wooden_axe":1,"minecraft:fishing_rod":1},"minecraft:used":{"minecraft:stone_sword":52,"minecraft:iron_shovel":1,"minecraft:acacia_log":5,"minecraft:shield":96,"minecraft:iron_sword":771,"minecraft:cooked_salmon":8,"minecraft:cooked_chicken":10,"minecraft:orange_bed":4,"minecraft:rotten_flesh":11,"minecraft:torch":319,"minecraft:dirt":7,"minecraft:jungle_planks":13,"minecraft:tuff":7,"minecraft:granite":2,"minecraft:wooden_axe":61,"minecraft:jungle_log":1,"minecraft:smooth_basalt":2,"minecraft:bow":13,"minecraft:cooked_cod":48,"minecraft:oak_sapling":3,"minecraft:furnace":2,"minecraft:cooked_beef":13,"minecraft:egg":10,"minecraft:cobbled_deepslate":229,"minecraft:potato":1,"minecraft:acacia_planks":8,"minecraft:calcite":1,"minecraft:amethyst_block":3,"minecraft:cooked_mutton":10,"minecraft:acacia_boat":1,"minecraft:diorite":2,"minecraft:oak_planks":3,"minecraft:stone_pickaxe":113,"minecraft:wooden_pickaxe":50,"minecraft:salmon":4,"minecraft:crafting_table":10,"minecraft:diamond_pickaxe":328,"minecraft:melon_slice":31,"minecraft:iron_pickaxe":785,"minecraft:stone_axe":147,"minecraft:fishing_rod":237,"minecraft:diamond_sword":551,"minecraft:cobblestone":98,"minecraft:white_banner":1,"minecraft:cooked_porkchop":41,"minecraft:andesite":7},"minecraft:mined":{"minecraft:tuff":23,"minecraft:deepslate_diamond_ore":37,"minecraft:jungle_leaves":4,"minecraft:cave_vines_plant":1,"minecraft:obsidian":9,"minecraft:glow_lichen":1,"minecraft:dark_oak_fence":6,"minecraft:acacia_log":59,"minecraft:grass_block":4,"minecraft:jungle_planks":2,"minecraft:jungle_log":79,"minecraft:spawner":1,"minecraft:iron_ore":90,"minecraft:fire":1,"minecraft:cobbled_deepslate":32,"minecraft:acacia_stairs":4,"minecraft:andesite":3,"minecraft:deepslate_lapis_ore":2,"minecraft:deepslate_iron_ore":69,"minecraft:vine":10,"minecraft:bamboo":2,"minecraft:stone":205,"minecraft:orange_bed":5,"minecraft:deepslate_redstone_ore":38,"minecraft:acacia_leaves":2,"minecraft:crafting_table":6,"minecraft:torch":18,"minecraft:short_grass":155,"minecraft:calcite":1,"minecraft:poppy":1,"minecraft:melon":23,"minecraft:copper_ore":8,"minecraft:tall_grass":4,"minecraft:deepslate_gold_ore":20,"minecraft:lapis_ore":2,"minecraft:oak_planks":28,"minecraft:amethyst_block":5,"minecraft:wall_torch":14,"minecraft:diorite":2,"minecraft:coal_ore":84,"minecraft:oak_log":31,"minecraft:cocoa":3,"minecraft:dirt":12,"minecraft:cobweb":10,"minecraft:smooth_basalt":2,"minecraft:acacia_planks":8,"minecraft:gold_ore":12,"minecraft:oak_leaves":10,"minecraft:deepslate":593,"minecraft:fern":13},"minecraft:custom":{"minecraft:mob_kills":192,"minecraft:interact_with_crafting_table":94,"minecraft:interact_with_campfire":40,"minecraft:bell_ring":14,"minecraft:leave_game":2,"minecraft:time_since_death":104711,"minecraft:climb_one_cm":7681,"minecraft:sprint_one_cm":1706537,"minecraft:walk_one_cm":1114772,"minecraft:damage_blocked_by_shield":5076,"minecraft:drop":223,"minecraft:play_time":534480,"minecraft:sneak_time":28063,"minecraft:deaths":22,"minecraft:walk_under_water_one_cm":15894,"minecraft:boat_one_cm":76483,"minecraft:jump":6084,"minecraft:interact_with_blast_furnace":30,"minecraft:walk_on_water_one_cm":51652,"minecraft:total_world_time":534480,"minecraft:interact_with_furnace":136,"minecraft:sleep_in_bed":8,"minecraft:time_since_rest":27171,"minecraft:damage_taken":23951,"minecraft:damage_dealt":29908,"minecraft:player_kills":1,"minecraft:swim_one_cm":34814,"minecraft:fly_one_cm":977089,"minecraft:open_chest":109,"minecraft:crouch_one_cm":61179,"minecraft:fall_one_cm":251310,"minecraft:fish_caught":159,"minecraft:interact_with_smoker":30},"minecraft:picked_up":{"minecraft:fishing_rod":9,"minecraft:cocoa_beans":19,"minecraft:iron_chestplate":6,"minecraft:crafting_table":7,"minecraft:ominous_bottle":1,"minecraft:chicken":36,"minecraft:diamond_sword":1,"minecraft:wooden_pickaxe":1,"minecraft:enchanted_book":7,"minecraft:potion":1,"minecraft:shield":10,"minecraft:amethyst_block":5,"minecraft:string":80,"minecraft:cooked_salmon":30,"minecraft:raw_copper":33,"minecraft:wooden_sword":1,"minecraft:iron_leggings":10,"minecraft:iron_shovel":3,"minecraft:pufferfish":17,"minecraft:cobbled_deepslate":641,"minecraft:beef":40,"minecraft:acacia_sign":1,"minecraft:calcite":1,"minecraft:iron_pickaxe":17,"minecraft:poppy":3,"minecraft:melon_slice":318,"minecraft:iron_boots":12,"minecraft:egg":28,"minecraft:raw_iron":300,"minecraft:stick":24,"minecraft:torch":290,"minecraft:bowl":1,"minecraft:acacia_log":68,"minecraft:porkchop":60,"minecraft:diorite":8,"minecraft:carrot":1,"minecraft:redstone":330,"minecraft:orange_bed":5,"minecraft:arrow":46,"minecraft:rotten_flesh":126,"minecraft:diamond_chestplate":1,"minecraft:cooked_cod":132,"minecraft:tropical_fish":7,"minecraft:armadillo_scute":3,"minecraft:saddle":4,"minecraft:gold_ingot":2,"minecraft:obsidian":8,"minecraft:glow_berries":4,"minecraft:mutton":6,"minecraft:cod":103,"minecraft:rail":5,"minecraft:white_wool":1,"minecraft:cobblestone":440,"minecraft:birch_log":16,"minecraft:feather":55,"minecraft:cooked_beef":1,"minecraft:jungle_log":100,"minecraft:glow_ink_sac":11,"minecraft:tripwire_hook":3,"minecraft:andesite":48,"minecraft:salmon":69,"minecraft:leather":27,"minecraft:acacia_leaves":2,"minecraft:potato":9,"minecraft:tuff":70,"minecraft:oak_log":51,"minecraft:lily_pad":6,"minecraft:gunpowder":21,"minecraft:acacia_boat":2,"minecraft:lapis_lazuli":118,"minecraft:dirt":57,"minecraft:white_banner":1,"minecraft:name_tag":1,"minecraft:cooked_mutton":13,"minecraft:bone":40,"minecraft:acacia_planks":213,"minecraft:bow":4,"minecraft:wheat_seeds":46,"minecraft:raw_gold":65,"minecraft:iron_ingot":73,"minecraft:cooked_chicken":1,"minecraft:bamboo":17,"minecraft:iron_sword":11,"minecraft:oak_planks":89,"minecraft:smooth_basalt":2,"minecraft:cooked_porkchop":107,"minecraft:gravel":16,"minecraft:jungle_planks":92,"minecraft:spruce_log":4,"minecraft:acacia_stairs":4,"minecraft:spider_eye":7,"minecraft:pumpkin_seeds":1,"minecraft:slime_ball":24,"minecraft:diamond":47,"minecraft:stone_axe":3,"minecraft:iron_helmet":6,"minecraft:granite":2,"minecraft:golden_apple":1,"minecraft:oak_sapling":3,"minecraft:dark_oak_fence":12,"minecraft:coal":285,"minecraft:diamond_pickaxe":1},"minecraft:dropped":{"minecraft:enchanted_book":2,"minecraft:iron_ingot":75,"minecraft:iron_sword":2,"minecraft:wheat_seeds":8,"minecraft:cooked_beef":5,"minecraft:feather":13,"minecraft:cobblestone":2,"minecraft:saddle":2,"minecraft:rail":5,"minecraft:coal":6,"minecraft:pufferfish":10,"minecraft:stick":4,"minecraft:acacia_sign":1,"minecraft:dirt":9,"minecraft:dark_oak_fence":12,"minecraft:torch":124,"minecraft:wooden_axe":1,"minecraft:melon_slice":54,"minecraft:cooked_cod":40,"minecraft:potion":1,"minecraft:wooden_sword":1,"minecraft:iron_pickaxe":3,"minecraft:orange_bed":1,"minecraft:string":6,"minecraft:tripwire_hook":2,"minecraft:white_wool":1,"minecraft:acacia_planks":385,"minecraft:redstone":64,"minecraft:bone":5,"minecraft:gravel":2,"minecraft:stone_sword":1,"minecraft:cobbled_deepslate":136,"minecraft:bowl":1,"minecraft:tuff":8,"minecraft:raw_iron":102,"minecraft:rotten_flesh":27,"minecraft:oak_planks":4,"minecraft:acacia_stairs":4,"minecraft:salmon":16,"minecraft:acacia_leaves":1,"minecraft:carrot":1,"minecraft:poppy":1,"minecraft:iron_chestplate":1,"minecraft:andesite":10,"minecraft:jungle_log":20,"minecraft:spider_eye":2,"minecraft:slime_ball":2,"minecraft:bow":2,"minecraft:stone_pickaxe":1,"minecraft:beef":1,"minecraft:wooden_pickaxe":2},"minecraft:killed":{"minecraft:spider":21,"minecraft:slime":25,"minecraft:phantom":2,"minecraft:skeleton":20,"minecraft:chicken":14,"minecraft:drowned":2,"minecraft:pig":13,"minecraft:zombie_villager":1,"minecraft:bat":1,"minecraft:creeper":5,"minecraft:sheep":1,"minecraft:pillager":3,"minecraft:zombie":71,"minecraft:glow_squid":1,"minecraft:enderman":2,"minecraft:cow":7}},"DataVersion":3953}