{"stats":{"minecraft:dropped":{"minecraft:stone_sword":1,"minecraft:wooden_axe":1,"minecraft:jungle_log":20,"minecraft:potion":1,"minecraft:wooden_sword":1,"minecraft:stone_pickaxe":1,"minecraft:wooden_pickaxe":2},"minecraft:broken":{"minecraft:wooden_axe":1},"minecraft:used":{"minecraft:stone_sword":52,"minecraft:stone_pickaxe":113,"minecraft:shield":8,"minecraft:wooden_pickaxe":50,"minecraft:iron_sword":4,"minecraft:cooked_salmon":5,"minecraft:rotten_flesh":2,"minecraft:orange_bed":1,"minecraft:torch":11,"minecraft:dirt":6,"minecraft:crafting_table":7,"minecraft:wooden_axe":61,"minecraft:melon_slice":21,"minecraft:iron_pickaxe":16,"minecraft:stone_axe":29,"minecraft:fishing_rod":30,"minecraft:furnace":1,"minecraft:oak_sapling":3},"minecraft:killed_by":{"minecraft:skeleton":1},"minecraft:crafted":{"minecraft:cooked_cod":5,"minecraft:oak_planks":28,"minecraft:fishing_rod":1,"minecraft:crafting_table":2,"minecraft:iron_helmet":1,"minecraft:wooden_pickaxe":2,"minecraft:iron_sword":1,"minecraft:furnace":1,"minecraft:cooked_salmon":6,"minecraft:stone_axe":2,"minecraft:air":0,"minecraft:jungle_planks":20,"minecraft:iron_boots":1,"minecraft:iron_chestplate":1,"minecraft:shield":1,"minecraft:stick":36,"minecraft:iron_ingot":32,"minecraft:iron_pickaxe":1,"minecraft:stone_pickaxe":2,"minecraft:wooden_axe":3,"minecraft:stone_sword":2,"minecraft:iron_leggings":1,"minecraft:torch":16},"minecraft:picked_up":{"minecraft:cocoa_beans":7,"minecraft:crafting_table":7,"minecraft:feather":3,"minecraft:chicken":3,"minecraft:andesite":1,"minecraft:jungle_log":66,"minecraft:salmon":6,"minecraft:leather":5,"minecraft:wooden_pickaxe":1,"minecraft:enchanted_book":1,"minecraft:potion":1,"minecraft:oak_log":14,"minecraft:lapis_lazuli":13,"minecraft:dirt":16,"minecraft:string":4,"minecraft:wooden_sword":1,"minecraft:wheat_seeds":3,"minecraft:raw_gold":6,"minecraft:bamboo":17,"minecraft:melon_slice":67,"minecraft:raw_iron":48,"minecraft:porkchop":10,"minecraft:spider_eye":1,"minecraft:arrow":2,"minecraft:orange_bed":1,"minecraft:rotten_flesh":3,"minecraft:oak_sapling":3,"minecraft:coal":31,"minecraft:cod":13,"minecraft:cobblestone":82},"minecraft:mined":{"minecraft:jungle_leaves":4,"minecraft:crafting_table":6,"minecraft:short_grass":18,"minecraft:grass_block":4,"minecraft:melon":13,"minecraft:jungle_log":77,"minecraft:lapis_ore":2,"minecraft:iron_ore":45,"minecraft:andesite":1,"minecraft:oak_log":14,"minecraft:coal_ore":31,"minecraft:vine":10,"minecraft:cocoa":3,"minecraft:dirt":12,"minecraft:cobweb":5,"minecraft:bamboo":2,"minecraft:stone":80,"minecraft:gold_ore":6,"minecraft:oak_leaves":7,"minecraft:fern":4,"minecraft:orange_bed":1},"minecraft:custom":{"minecraft:interact_with_furnace":24,"minecraft:mob_kills":10,"minecraft:interact_with_crafting_table":22,"minecraft:time_since_death":47568,"minecraft:sleep_in_bed":1,"minecraft:climb_one_cm":7551,"minecraft:time_since_rest":25566,"minecraft:sprint_one_cm":143312,"minecraft:damage_taken":868,"minecraft:walk_one_cm":106785,"minecraft:damage_blocked_by_shield":540,"minecraft:drop":9,"minecraft:damage_dealt":1143,"minecraft:swim_one_cm":24603,"minecraft:fly_one_cm":58383,"minecraft:open_chest":2,"minecraft:crouch_one_cm":2577,"minecraft:play_time":58758,"minecraft:deaths":1,"minecraft:sneak_time":2531,"minecraft:walk_under_water_one_cm":1246,"minecraft:jump":642,"minecraft:walk_on_water_one_cm":6772,"minecraft:total_world_time":58758,"minecraft:fish_caught":19,"minecraft:fall_one_cm":11208},"minecraft:killed":{"minecraft:pig":4,"minecraft:spider":1,"minecraft:skeleton":1,"minecraft:zombie":1,"minecraft:chicken":3}},"DataVersion":3953}