{"stats":{"minecraft:picked_up":{"minecraft:stick":9,"minecraft:iron_chestplate":1,"minecraft:cooked_beef":12,"minecraft:jungle_log":64,"minecraft:diamond_sword":1,"minecraft:acacia_log":98,"minecraft:oak_log":11,"minecraft:spruce_log":50,"minecraft:acacia_stairs":4,"minecraft:string":1,"minecraft:dirt":7,"minecraft:iron_leggings":1,"minecraft:diamond_shovel":1,"minecraft:acacia_planks":22,"minecraft:rotten_flesh":1,"minecraft:wheat_seeds":1,"minecraft:iron_helmet":1,"minecraft:diamond_axe":1,"minecraft:jungle_sapling":1,"minecraft:oak_sapling":1,"minecraft:oak_planks":5,"minecraft:iron_boots":1,"minecraft:diamond_pickaxe":1},"minecraft:broken":{"minecraft:wooden_axe":2,"minecraft:iron_boots":1},"minecraft:custom":{"minecraft:time_since_rest":34241,"minecraft:sprint_one_cm":92584,"minecraft:damage_taken":404,"minecraft:walk_one_cm":180719,"minecraft:drop":2,"minecraft:swim_one_cm":1956,"minecraft:interact_with_crafting_table":6,"minecraft:fly_one_cm":49046,"minecraft:open_chest":14,"minecraft:crouch_one_cm":7903,"minecraft:play_time":39765,"minecraft:deaths":2,"minecraft:sneak_time":1656,"minecraft:walk_under_water_one_cm":1185,"minecraft:jump":347,"minecraft:walk_on_water_one_cm":81,"minecraft:time_since_death":34211,"minecraft:climb_one_cm":4997,"minecraft:total_world_time":39765,"minecraft:fall_one_cm":7299},"minecraft:dropped":{"minecraft:wheat_seeds":1,"minecraft:rotten_flesh":1},"minecraft:used":{"minecraft:jungle_sapling":1,"minecraft:wooden_axe":120,"minecraft:acacia_stairs":16,"minecraft:acacia_log":2,"minecraft:oak_planks":7,"minecraft:diamond_axe":110,"minecraft:diamond_sword":1,"minecraft:oak_sapling":1,"minecraft:cooked_beef":3,"minecraft:acacia_planks":257,"minecraft:spruce_log":1},"minecraft:crafted":{"minecraft:oak_planks":36,"minecraft:spruce_planks":196,"minecraft:stick":28,"minecraft:wooden_pickaxe":1,"minecraft:wooden_axe":2,"minecraft:acacia_planks":264,"minecraft:acacia_stairs":16,"minecraft:jungle_planks":68},"minecraft:mined":{"minecraft:acacia_leaves":60,"minecraft:spruce_log":1,"minecraft:jungle_leaves":11,"minecraft:acacia_stairs":6,"minecraft:short_grass":4,"minecraft:acacia_log":100,"minecraft:grass_block":7,"minecraft:oak_log":14,"minecraft:vine":15,"minecraft:jungle_log":50,"minecraft:cobweb":1,"minecraft:acacia_planks":16,"minecraft:oak_planks":6,"minecraft:oak_leaves":19,"minecraft:fern":1}},"DataVersion":3953}