{"stats":{"minecraft:killed_by":{"minecraft:player":1,"minecraft:zombie":1},"minecraft:crafted":{"minecraft:oak_planks":40,"minecraft:cobblestone_slab":48,"minecraft:cobblestone_stairs":96,"minecraft:polished_deepslate":257,"minecraft:acacia_fence":165,"minecraft:jungle_stairs":164,"minecraft:cooked_cod":4,"minecraft:spruce_planks":208,"minecraft:acacia_slab":108,"minecraft:wooden_pickaxe":1,"minecraft:acacia_stairs":252,"minecraft:deepslate_tiles":4,"minecraft:jungle_slab":120,"minecraft:air":0,"minecraft:jungle_planks":512,"minecraft:diamond_pickaxe":14,"minecraft:chiseled_deepslate":1,"minecraft:stick":392,"minecraft:wooden_axe":2,"minecraft:acacia_planks":980},"minecraft:broken":{"minecraft:iron_boots":1,"minecraft:wooden_axe":2},"minecraft:used":{"minecraft:acacia_log":2,"minecraft:polished_deepslate":171,"minecraft:chiseled_deepslate":1,"minecraft:spruce_planks":2,"minecraft:netherrack":8,"minecraft:torch":6,"minecraft:brewing_stand":1,"minecraft:dirt":426,"minecraft:jungle_planks":266,"minecraft:jungle_slab":13,"minecraft:tuff":4,"minecraft:jungle_sapling":1,"minecraft:wooden_axe":120,"minecraft:acacia_slab":146,"minecraft:oak_sapling":1,"minecraft:cooked_cod":4,"minecraft:acacia_fence":135,"minecraft:cooked_beef":12,"minecraft:acacia_planks":310,"minecraft:cobbled_deepslate":799,"minecraft:water_bucket":168,"minecraft:cobblestone_stairs":102,"minecraft:jungle_fence":1,"minecraft:oak_planks":7,"minecraft:diamond_axe":770,"minecraft:cobblestone_slab":53,"minecraft:deepslate_bricks":152,"minecraft:spruce_log":34,"minecraft:deepslate_tiles":280,"minecraft:acacia_stairs":280,"minecraft:diamond_pickaxe":1041,"minecraft:diamond_shovel":809,"minecraft:jungle_stairs":71,"minecraft:diamond_sword":79,"minecraft:cobblestone":6,"minecraft:cooked_porkchop":11,"minecraft:bucket":168},"minecraft:mined":{"minecraft:deepslate_tiles":45,"minecraft:tuff":7,"minecraft:spruce_planks":2,"minecraft:deepslate_diamond_ore":14,"minecraft:jungle_slab":23,"minecraft:cobblestone_stairs":8,"minecraft:jungle_leaves":11,"minecraft:acacia_log":136,"minecraft:grass_block":645,"minecraft:jungle_planks":156,"minecraft:jungle_log":50,"minecraft:deepslate_bricks":4,"minecraft:acacia_slab":60,"minecraft:cobbled_deepslate":185,"minecraft:acacia_wood":58,"minecraft:acacia_stairs":103,"minecraft:chiseled_deepslate":1,"minecraft:polished_deepslate":9,"minecraft:cobblestone_slab":4,"minecraft:vine":15,"minecraft:rail":1,"minecraft:stone":172,"minecraft:deepslate_redstone_ore":5,"minecraft:acacia_leaves":107,"minecraft:brown_stained_glass_pane":1,"minecraft:torch":2,"minecraft:jungle_stairs":45,"minecraft:short_grass":39,"minecraft:cobblestone":3,"minecraft:tall_grass":4,"minecraft:copper_ore":1,"minecraft:oak_planks":9,"minecraft:wall_torch":1,"minecraft:spruce_log":13,"minecraft:jungle_fence":1,"minecraft:oak_log":14,"minecraft:acacia_fence":48,"minecraft:gravel":54,"minecraft:dirt":150,"minecraft:cobweb":24,"minecraft:acacia_planks":120,"minecraft:oak_leaves":19,"minecraft:deepslate":553,"minecraft:fern":1},"minecraft:dropped":{"minecraft:wheat_seeds":12,"minecraft:diamond":36,"minecraft:iron_helmet":2,"minecraft:rail":2,"minecraft:stick":2,"minecraft:dirt":22,"minecraft:string":23,"minecraft:rotten_flesh":9,"minecraft:iron_boots":1,"minecraft:diamond_pickaxe":3},"minecraft:custom":{"minecraft:mob_kills":14,"minecraft:interact_with_crafting_table":27,"minecraft:leave_game":2,"minecraft:time_since_death":69991,"minecraft:climb_one_cm":4997,"minecraft:sprint_one_cm":402454,"minecraft:walk_one_cm":1643238,"minecraft:drop":16,"minecraft:play_time":279168,"minecraft:deaths":4,"minecraft:sneak_time":15478,"minecraft:walk_under_water_one_cm":6960,"minecraft:jump":2257,"minecraft:walk_on_water_one_cm":73672,"minecraft:total_world_time":279168,"minecraft:interact_with_furnace":17,"minecraft:interact_with_grindstone":3,"minecraft:interact_with_stonecutter":7,"minecraft:sleep_in_bed":3,"minecraft:time_since_rest":38704,"minecraft:damage_taken":2610,"minecraft:damage_dealt":2903,"minecraft:swim_one_cm":11785,"minecraft:fly_one_cm":296974,"minecraft:open_chest":41,"minecraft:crouch_one_cm":57272,"minecraft:interact_with_smoker":2,"minecraft:fall_one_cm":48810},"minecraft:picked_up":{"minecraft:chiseled_deepslate":2,"minecraft:iron_chestplate":4,"minecraft:diamond_sword":3,"minecraft:wooden_pickaxe":1,"minecraft:brewing_stand":1,"minecraft:polished_deepslate":8,"minecraft:string":46,"minecraft:raw_copper":6,"minecraft:iron_leggings":4,"minecraft:deepslate_tiles":102,"minecraft:cobbled_deepslate":1550,"minecraft:bucket":2,"minecraft:spruce_planks":6,"minecraft:cobblestone_slab":9,"minecraft:jungle_sapling":1,"minecraft:phantom_membrane":2,"minecraft:iron_boots":3,"minecraft:stick":201,"minecraft:acacia_fence":44,"minecraft:torch":7,"minecraft:acacia_log":143,"minecraft:redstone":44,"minecraft:orange_bed":1,"minecraft:rotten_flesh":14,"minecraft:jungle_stairs":46,"minecraft:deepslate_bricks":4,"minecraft:diamond_boots":1,"minecraft:snowball":13,"minecraft:rail":4,"minecraft:cobblestone":178,"minecraft:leather_chestplate":2,"minecraft:cooked_beef":13,"minecraft:jungle_log":64,"minecraft:jungle_fence":1,"minecraft:acacia_wood":60,"minecraft:flint":8,"minecraft:tuff":14,"minecraft:oak_log":11,"minecraft:gunpowder":1,"minecraft:cobblestone_stairs":12,"minecraft:dirt":841,"minecraft:acacia_planks":110,"minecraft:wheat_seeds":19,"minecraft:diamond_helmet":1,"minecraft:oak_planks":5,"minecraft:acacia_sapling":9,"minecraft:gravel":104,"minecraft:jungle_planks":251,"minecraft:spruce_log":63,"minecraft:acacia_stairs":217,"minecraft:jungle_slab":25,"minecraft:spider_eye":2,"minecraft:diamond_shovel":3,"minecraft:diamond":64,"minecraft:iron_helmet":5,"minecraft:diamond_axe":3,"minecraft:oak_sapling":1,"minecraft:acacia_slab":82,"minecraft:netherrack":8,"minecraft:diamond_pickaxe":4},"minecraft:killed":{"minecraft:spider":1,"minecraft:phantom":2,"minecraft:skeleton":1,"minecraft:drowned":1,"minecraft:creeper":1,"minecraft:zombie":8}},"DataVersion":3953}