{"stats":{"minecraft:picked_up":{"minecraft:cooked_beef":12,"minecraft:stick":5,"minecraft:jungle_log":17,"minecraft:rotten_flesh":1,"minecraft:acacia_planks":7,"minecraft:oak_log":2,"minecraft:spruce_log":50,"minecraft:oak_planks":3},"minecraft:custom":{"minecraft:open_chest":14,"minecraft:time_since_rest":4241,"minecraft:crouch_one_cm":24,"minecraft:walk_one_cm":45241,"minecraft:play_time":9765,"minecraft:sprint_one_cm":29312,"minecraft:damage_taken":350,"minecraft:deaths":2,"minecraft:sneak_time":11,"minecraft:walk_under_water_one_cm":1185,"minecraft:drop":1,"minecraft:jump":132,"minecraft:time_since_death":4211,"minecraft:walk_on_water_one_cm":81,"minecraft:total_world_time":9765,"minecraft:climb_one_cm":1456,"minecraft:interact_with_crafting_table":4,"minecraft:swim_one_cm":1956,"minecraft:fly_one_cm":26584,"minecraft:fall_one_cm":4645},"minecraft:used":{"minecraft:oak_planks":7,"minecraft:cooked_beef":1,"minecraft:acacia_planks":7,"minecraft:spruce_log":1},"minecraft:dropped":{"minecraft:rotten_flesh":1},"minecraft:crafted":{"minecraft:oak_planks":4,"minecraft:spruce_planks":196,"minecraft:stick":28,"minecraft:jungle_planks":68,"minecraft:wooden_axe":2},"minecraft:mined":{"minecraft:vine":2,"minecraft:oak_log":2,"minecraft:jungle_log":2,"minecraft:jungle_leaves":1,"minecraft:acacia_planks":1,"minecraft:spruce_log":1,"minecraft:oak_planks":3,"minecraft:oak_leaves":5,"minecraft:fern":1}},"DataVersion":3953}