{"stats":{"minecraft:killed":{"minecraft:zombie":1},"minecraft:picked_up":{"minecraft:iron_chestplate":1,"minecraft:cooked_beef":12,"minecraft:jungle_log":64,"minecraft:diamond_sword":1,"minecraft:acacia_wood":60,"minecraft:oak_log":11,"minecraft:brewing_stand":1,"minecraft:dirt":7,"minecraft:string":23,"minecraft:iron_leggings":1,"minecraft:acacia_planks":110,"minecraft:wheat_seeds":1,"minecraft:jungle_sapling":1,"minecraft:oak_planks":5,"minecraft:acacia_sapling":1,"minecraft:iron_boots":1,"minecraft:stick":9,"minecraft:acacia_fence":32,"minecraft:acacia_log":123,"minecraft:jungle_planks":24,"minecraft:spruce_log":50,"minecraft:acacia_stairs":85,"minecraft:diamond_shovel":1,"minecraft:rotten_flesh":2,"minecraft:iron_helmet":1,"minecraft:diamond_axe":1,"minecraft:oak_sapling":1,"minecraft:acacia_slab":40,"minecraft:diamond_pickaxe":1},"minecraft:broken":{"minecraft:iron_boots":1,"minecraft:wooden_axe":2},"minecraft:custom":{"minecraft:mob_kills":1,"minecraft:interact_with_crafting_table":11,"minecraft:time_since_death":82211,"minecraft:sleep_in_bed":1,"minecraft:climb_one_cm":4997,"minecraft:time_since_rest":21315,"minecraft:sprint_one_cm":103695,"minecraft:damage_taken":735,"minecraft:walk_one_cm":464878,"minecraft:drop":3,"minecraft:damage_dealt":200,"minecraft:swim_one_cm":1956,"minecraft:fly_one_cm":53238,"minecraft:open_chest":14,"minecraft:crouch_one_cm":39360,"minecraft:play_time":87765,"minecraft:deaths":2,"minecraft:sneak_time":9804,"minecraft:walk_under_water_one_cm":1581,"minecraft:jump":618,"minecraft:walk_on_water_one_cm":1825,"minecraft:total_world_time":87765,"minecraft:fall_one_cm":13995},"minecraft:dropped":{"minecraft:wheat_seeds":1,"minecraft:rotten_flesh":2},"minecraft:used":{"minecraft:acacia_log":2,"minecraft:oak_planks":7,"minecraft:diamond_axe":499,"minecraft:brewing_stand":1,"minecraft:dirt":4,"minecraft:jungle_planks":121,"minecraft:spruce_log":1,"minecraft:jungle_sapling":1,"minecraft:wooden_axe":120,"minecraft:acacia_stairs":275,"minecraft:acacia_slab":146,"minecraft:diamond_sword":27,"minecraft:oak_sapling":1,"minecraft:acacia_fence":58,"minecraft:cooked_beef":5,"minecraft:acacia_planks":305},"minecraft:crafted":{"minecraft:oak_planks":40,"minecraft:spruce_planks":196,"minecraft:acacia_slab":108,"minecraft:wooden_pickaxe":1,"minecraft:acacia_stairs":252,"minecraft:jungle_planks":256,"minecraft:stick":28,"minecraft:wooden_axe":2,"minecraft:acacia_fence":39,"minecraft:acacia_planks":724},"minecraft:mined":{"minecraft:acacia_leaves":77,"minecraft:brown_stained_glass_pane":1,"minecraft:jungle_leaves":11,"minecraft:short_grass":12,"minecraft:acacia_log":126,"minecraft:grass_block":7,"minecraft:jungle_planks":25,"minecraft:jungle_log":50,"minecraft:tall_grass":1,"minecraft:acacia_slab":40,"minecraft:oak_planks":6,"minecraft:acacia_wood":58,"minecraft:spruce_log":1,"minecraft:acacia_stairs":97,"minecraft:oak_log":14,"minecraft:vine":15,"minecraft:acacia_fence":35,"minecraft:cobweb":24,"minecraft:acacia_planks":120,"minecraft:oak_leaves":19,"minecraft:fern":1}},"DataVersion":3953}