{"stats":{"minecraft:killed_by":{"minecraft:player":1,"minecraft:enderman":1,"minecraft:zombie":1},"minecraft:crafted":{"minecraft:oak_planks":40,"minecraft:cobblestone_slab":114,"minecraft:cobblestone_stairs":96,"minecraft:polished_deepslate":257,"minecraft:acacia_fence":165,"minecraft:jungle_stairs":164,"minecraft:cooked_cod":4,"minecraft:spruce_planks":208,"minecraft:acacia_slab":108,"minecraft:wooden_pickaxe":1,"minecraft:acacia_stairs":252,"minecraft:deepslate_tiles":4,"minecraft:jungle_slab":120,"minecraft:air":0,"minecraft:jungle_planks":512,"minecraft:diamond_pickaxe":14,"minecraft:chiseled_deepslate":1,"minecraft:stick":392,"minecraft:wooden_axe":2,"minecraft:acacia_planks":980,"minecraft:torch":132},"minecraft:broken":{"minecraft:iron_boots":1,"minecraft:iron_leggings":1,"minecraft:wooden_axe":2},"minecraft:used":{"minecraft:acacia_log":2,"minecraft:polished_deepslate":171,"minecraft:chiseled_deepslate":1,"minecraft:spruce_planks":2,"minecraft:cooked_salmon":6,"minecraft:netherrack":8,"minecraft:iron_chestplate":1,"minecraft:torch":33,"minecraft:brewing_stand":1,"minecraft:dirt":607,"minecraft:jungle_planks":266,"minecraft:jungle_slab":13,"minecraft:tuff":4,"minecraft:jungle_sapling":1,"minecraft:wooden_axe":120,"minecraft:acacia_slab":146,"minecraft:soul_soil":17,"minecraft:oak_sapling":1,"minecraft:cooked_cod":4,"minecraft:acacia_fence":199,"minecraft:egg":11,"minecraft:cooked_beef":12,"minecraft:acacia_planks":310,"minecraft:cobbled_deepslate":928,"minecraft:water_bucket":168,"minecraft:diorite":8,"minecraft:cobblestone_stairs":102,"minecraft:jungle_fence":1,"minecraft:oak_planks":7,"minecraft:diamond_axe":795,"minecraft:cobblestone_slab":120,"minecraft:deepslate_bricks":152,"minecraft:spruce_log":34,"minecraft:deepslate_tiles":286,"minecraft:acacia_stairs":280,"minecraft:diamond_pickaxe":1397,"minecraft:apple":1,"minecraft:diamond_shovel":958,"minecraft:jungle_stairs":71,"minecraft:diamond_sword":121,"minecraft:cobblestone":6,"minecraft:cooked_porkchop":14,"minecraft:bucket":168},"minecraft:mined":{"minecraft:deepslate_tiles":58,"minecraft:tuff":11,"minecraft:spruce_planks":2,"minecraft:deepslate_diamond_ore":14,"minecraft:jungle_slab":23,"minecraft:cobblestone_stairs":8,"minecraft:jungle_leaves":11,"minecraft:acacia_log":136,"minecraft:grass_block":672,"minecraft:jungle_planks":157,"minecraft:jungle_log":50,"minecraft:soul_soil":1,"minecraft:deepslate_bricks":4,"minecraft:acacia_slab":60,"minecraft:cobbled_deepslate":216,"minecraft:acacia_wood":58,"minecraft:acacia_stairs":103,"minecraft:andesite":5,"minecraft:chiseled_deepslate":1,"minecraft:polished_deepslate":9,"minecraft:cobblestone_slab":5,"minecraft:vine":15,"minecraft:rail":1,"minecraft:stone":304,"minecraft:deepslate_redstone_ore":5,"minecraft:acacia_leaves":107,"minecraft:brown_stained_glass_pane":1,"minecraft:torch":2,"minecraft:jungle_stairs":45,"minecraft:short_grass":42,"minecraft:cobblestone":4,"minecraft:tall_grass":4,"minecraft:copper_ore":2,"minecraft:deepslate_gold_ore":2,"minecraft:oak_planks":9,"minecraft:diorite":68,"minecraft:wall_torch":1,"minecraft:spruce_log":13,"minecraft:jungle_fence":1,"minecraft:coal_ore":47,"minecraft:oak_log":14,"minecraft:acacia_fence":71,"minecraft:gravel":54,"minecraft:dirt":281,"minecraft:cobweb":24,"minecraft:acacia_planks":120,"minecraft:netherrack":8,"minecraft:oak_leaves":19,"minecraft:deepslate":587,"minecraft:fern":1},"minecraft:dropped":{"minecraft:wheat_seeds":12,"minecraft:diamond":36,"minecraft:iron_helmet":2,"minecraft:cobblestone":88,"minecraft:jungle_planks":1,"minecraft:rail":2,"minecraft:stick":2,"minecraft:dirt":38,"minecraft:diorite":5,"minecraft:snowball":13,"minecraft:phantom_membrane":2,"minecraft:string":23,"minecraft:soul_soil":2,"minecraft:tuff":4,"minecraft:rotten_flesh":11,"minecraft:iron_boots":1,"minecraft:diamond_pickaxe":3,"minecraft:andesite":5,"minecraft:netherrack":8},"minecraft:custom":{"minecraft:mob_kills":20,"minecraft:interact_with_crafting_table":30,"minecraft:leave_game":2,"minecraft:time_since_death":8887,"minecraft:climb_one_cm":5475,"minecraft:sprint_one_cm":489542,"minecraft:walk_one_cm":1812698,"minecraft:drop":30,"minecraft:play_time":315168,"minecraft:deaths":5,"minecraft:sneak_time":15478,"minecraft:walk_under_water_one_cm":7149,"minecraft:jump":2673,"minecraft:walk_on_water_one_cm":78401,"minecraft:total_world_time":315168,"minecraft:interact_with_furnace":17,"minecraft:interact_with_grindstone":3,"minecraft:interact_with_stonecutter":7,"minecraft:sleep_in_bed":3,"minecraft:time_since_rest":8919,"minecraft:open_enderchest":1,"minecraft:damage_taken":3466,"minecraft:damage_dealt":4516,"minecraft:swim_one_cm":11785,"minecraft:fly_one_cm":378804,"minecraft:open_chest":47,"minecraft:crouch_one_cm":57272,"minecraft:interact_with_smoker":2,"minecraft:fall_one_cm":55770},"minecraft:picked_up":{"minecraft:chiseled_deepslate":2,"minecraft:iron_chestplate":5,"minecraft:diamond_sword":4,"minecraft:wooden_pickaxe":1,"minecraft:brewing_stand":1,"minecraft:polished_deepslate":8,"minecraft:string":46,"minecraft:cooked_salmon":4,"minecraft:soul_soil":2,"minecraft:raw_copper":6,"minecraft:iron_leggings":4,"minecraft:deepslate_tiles":141,"minecraft:cobbled_deepslate":1651,"minecraft:bucket":3,"minecraft:spruce_planks":6,"minecraft:cobblestone_slab":10,"minecraft:jungle_sapling":1,"minecraft:phantom_membrane":2,"minecraft:iron_boots":3,"minecraft:stick":426,"minecraft:acacia_fence":133,"minecraft:torch":113,"minecraft:acacia_log":143,"minecraft:diorite":65,"minecraft:redstone":44,"minecraft:orange_bed":1,"minecraft:rotten_flesh":20,"minecraft:jungle_stairs":46,"minecraft:deepslate_bricks":4,"minecraft:diamond_boots":2,"minecraft:snowball":13,"minecraft:rail":4,"minecraft:cobblestone":311,"minecraft:leather_chestplate":2,"minecraft:cooked_beef":13,"minecraft:andesite":5,"minecraft:jungle_log":64,"minecraft:jungle_fence":1,"minecraft:acacia_wood":60,"minecraft:flint":8,"minecraft:tuff":18,"minecraft:oak_log":11,"minecraft:gunpowder":1,"minecraft:cobblestone_stairs":12,"minecraft:dirt":1016,"minecraft:acacia_planks":110,"minecraft:apple":1,"minecraft:wheat_seeds":19,"minecraft:diamond_helmet":2,"minecraft:oak_planks":5,"minecraft:acacia_sapling":9,"minecraft:gravel":104,"minecraft:jungle_planks":252,"minecraft:spruce_log":63,"minecraft:acacia_stairs":217,"minecraft:jungle_slab":25,"minecraft:spider_eye":2,"minecraft:diamond_shovel":4,"minecraft:diamond":64,"minecraft:iron_helmet":5,"minecraft:diamond_axe":4,"minecraft:oak_sapling":1,"minecraft:acacia_slab":82,"minecraft:netherrack":16,"minecraft:coal":61,"minecraft:diamond_pickaxe":15},"minecraft:killed":{"minecraft:spider":1,"minecraft:phantom":2,"minecraft:skeleton":3,"minecraft:drowned":1,"minecraft:creeper":1,"minecraft:zombie":12}},"DataVersion":3953}