{"stats":{"minecraft:dropped":{"minecraft:bread":22,"minecraft:wheat_seeds":5,"minecraft:crafting_table":1,"minecraft:iron_helmet":1,"minecraft:cobblestone":17,"minecraft:coal":14,"minecraft:stick":5,"minecraft:dirt":82,"minecraft:torch":22,"minecraft:wooden_axe":1,"minecraft:melon_slice":13,"minecraft:cooked_salmon":1,"minecraft:gold_nugget":6,"minecraft:bone_meal":1,"minecraft:iron_axe":1,"minecraft:gravel":10,"minecraft:furnace":1,"minecraft:stone_axe":1,"minecraft:kelp":1,"minecraft:stone_sword":1,"minecraft:rotten_flesh":14,"minecraft:oak_planks":33,"minecraft:shears":3,"minecraft:shield":1,"minecraft:jungle_log":30,"minecraft:acacia_sapling":3,"minecraft:oak_sapling":1,"minecraft:bamboo":6,"minecraft:wooden_pickaxe":2,"minecraft:stone_pickaxe":2,"minecraft:raw_gold":1},"minecraft:broken":{"minecraft:iron_shovel":1,"minecraft:stone_pickaxe":1,"minecraft:iron_axe":1},"minecraft:used":{"minecraft:stone_sword":66,"minecraft:acacia_log":3,"minecraft:iron_shovel":263,"minecraft:chest":7,"minecraft:shield":31,"minecraft:cooked_chicken":7,"minecraft:cooked_salmon":5,"minecraft:stone_hoe":21,"minecraft:oak_door":1,"minecraft:iron_chestplate":1,"minecraft:orange_bed":10,"minecraft:torch":81,"minecraft:dirt":651,"minecraft:jungle_planks":31,"minecraft:acacia_sapling":18,"minecraft:jungle_sapling":1,"minecraft:iron_axe":253,"minecraft:iron_helmet":1,"minecraft:iron_boots":1,"minecraft:furnace":4,"minecraft:egg":37,"minecraft:cooked_beef":4,"minecraft:acacia_planks":94,"minecraft:iron_leggings":1,"minecraft:cooked_mutton":1,"minecraft:water_bucket":3,"minecraft:stone_pickaxe":201,"minecraft:oak_planks":30,"minecraft:wooden_pickaxe":14,"minecraft:salmon":1,"minecraft:crafting_table":11,"minecraft:campfire":3,"minecraft:smoker":2,"minecraft:oak_log":2,"minecraft:acacia_stairs":4,"minecraft:acacia_sign":12,"minecraft:melon_slice":5,"minecraft:bread":16,"minecraft:iron_pickaxe":48,"minecraft:gravel":6,"minecraft:acacia_fence_gate":4,"minecraft:stone_axe":36,"minecraft:cobblestone":80,"minecraft:andesite":2,"minecraft:bucket":4},"minecraft:killed_by":{"minecraft:zombie":1},"minecraft:crafted":{"minecraft:oak_planks":56,"minecraft:cooked_chicken":10,"minecraft:furnace":1,"minecraft:acacia_fence_gate":2,"minecraft:cooked_mutton":5,"minecraft:iron_boots":1,"minecraft:iron_axe":2,"minecraft:stone_pickaxe":2,"minecraft:chest":4,"minecraft:stone_hoe":1,"minecraft:wheat":99,"minecraft:cooked_beef":3,"minecraft:crafting_table":4,"minecraft:wooden_pickaxe":1,"minecraft:iron_helmet":2,"minecraft:cooked_salmon":5,"minecraft:acacia_stairs":4,"minecraft:bucket":1,"minecraft:campfire":3,"minecraft:stone_axe":1,"minecraft:bread":33,"minecraft:air":0,"minecraft:jungle_planks":32,"minecraft:iron_chestplate":1,"minecraft:acacia_sign":6,"minecraft:shield":3,"minecraft:stick":56,"minecraft:iron_ingot":50,"minecraft:iron_pickaxe":1,"minecraft:stone_sword":1,"minecraft:iron_shovel":1,"minecraft:iron_leggings":1,"minecraft:acacia_planks":136,"minecraft:torch":132,"minecraft:shears":3},"minecraft:picked_up":{"minecraft:wooden_axe":1,"minecraft:charcoal":2,"minecraft:iron_chestplate":2,"minecraft:crafting_table":10,"minecraft:wheat":8,"minecraft:chicken":14,"minecraft:wooden_pickaxe":1,"minecraft:shield":2,"minecraft:string":5,"minecraft:iron_axe":2,"minecraft:cooked_salmon":1,"minecraft:iron_leggings":2,"minecraft:gold_nugget":12,"minecraft:acacia_sign":6,"minecraft:beef":20,"minecraft:acacia_fence_gate":2,"minecraft:jungle_sapling":1,"minecraft:iron_pickaxe":2,"minecraft:melon_slice":30,"minecraft:chest":3,"minecraft:furnace":5,"minecraft:iron_boots":2,"minecraft:egg":38,"minecraft:raw_iron":72,"minecraft:stick":23,"minecraft:oak_door":4,"minecraft:torch":55,"minecraft:acacia_log":116,"minecraft:fire_charge":1,"minecraft:porkchop":26,"minecraft:iron_horse_armor":1,"minecraft:orange_bed":10,"minecraft:arrow":6,"minecraft:stone_sword":3,"minecraft:rotten_flesh":21,"minecraft:hay_block":23,"minecraft:saddle":1,"minecraft:mutton":8,"minecraft:white_wool":3,"minecraft:cobblestone":146,"minecraft:feather":17,"minecraft:cooked_beef":3,"minecraft:water_bucket":2,"minecraft:jungle_log":38,"minecraft:salmon":6,"minecraft:andesite":2,"minecraft:acacia_leaves":1,"minecraft:leather":6,"minecraft:smoker":3,"minecraft:flint":2,"minecraft:oak_log":16,"minecraft:gunpowder":4,"minecraft:dirt":388,"minecraft:bone":13,"minecraft:acacia_planks":147,"minecraft:kelp":1,"minecraft:wheat_seeds":46,"minecraft:raw_gold":5,"minecraft:stone_pickaxe":1,"minecraft:iron_ingot":41,"minecraft:cooked_chicken":2,"minecraft:bamboo":6,"minecraft:oak_planks":57,"minecraft:stone_hoe":2,"minecraft:acacia_sapling":21,"minecraft:gravel":30,"minecraft:jungle_planks":3,"minecraft:acacia_stairs":4,"minecraft:stone_axe":2,"minecraft:iron_helmet":2,"minecraft:bone_meal":1,"minecraft:golden_horse_armor":1,"minecraft:bread":20,"minecraft:emerald":2,"minecraft:oak_sapling":1,"minecraft:coal":158},"minecraft:mined":{"minecraft:oak_door":4,"minecraft:jungle_leaves":4,"minecraft:acacia_log":82,"minecraft:grass_block":241,"minecraft:jungle_planks":3,"minecraft:jungle_log":1,"minecraft:hay_block":23,"minecraft:furnace":4,"minecraft:iron_ore":66,"minecraft:acacia_stairs":4,"minecraft:andesite":2,"minecraft:vine":1,"minecraft:stone":91,"minecraft:orange_bed":11,"minecraft:acacia_leaves":13,"minecraft:smoker":2,"minecraft:crafting_table":8,"minecraft:torch":1,"minecraft:short_grass":269,"minecraft:melon":3,"minecraft:campfire":1,"minecraft:tall_grass":7,"minecraft:cobblestone":5,"minecraft:oak_planks":29,"minecraft:wall_torch":1,"minecraft:acacia_sapling":2,"minecraft:acacia_fence_gate":3,"minecraft:coal_ore":83,"minecraft:oak_log":16,"minecraft:gravel":4,"minecraft:dirt":57,"minecraft:cobweb":5,"minecraft:acacia_sign":5,"minecraft:acacia_planks":40,"minecraft:acacia_wall_sign":1,"minecraft:fern":4},"minecraft:custom":{"minecraft:mob_kills":39,"minecraft:animals_bred":13,"minecraft:interact_with_crafting_table":47,"minecraft:interact_with_campfire":10,"minecraft:time_since_death":13966,"minecraft:climb_one_cm":2955,"minecraft:sprint_one_cm":573604,"minecraft:walk_one_cm":540364,"minecraft:damage_blocked_by_shield":3415,"minecraft:drop":89,"minecraft:talked_to_villager":5,"minecraft:play_time":160451,"minecraft:deaths":2,"minecraft:sneak_time":11078,"minecraft:walk_under_water_one_cm":13812,"minecraft:jump":1682,"minecraft:walk_on_water_one_cm":13474,"minecraft:total_world_time":160451,"minecraft:interact_with_furnace":82,"minecraft:interact_with_grindstone":1,"minecraft:sleep_in_bed":6,"minecraft:time_since_rest":13993,"minecraft:damage_taken":3518,"minecraft:damage_dealt":4901,"minecraft:swim_one_cm":30054,"minecraft:fly_one_cm":248256,"minecraft:open_chest":29,"minecraft:crouch_one_cm":33347,"minecraft:interact_with_smoker":19,"minecraft:fall_one_cm":52461},"minecraft:killed":{"minecraft:armadillo":1,"minecraft:skeleton":5,"minecraft:chicken":9,"minecraft:drowned":1,"minecraft:pig":6,"minecraft:salmon":5,"minecraft:sheep":1,"minecraft:zombie":7,"minecraft:cow":4}},"DataVersion":3953}