{"stats":{"minecraft:dropped":{"minecraft:gravel":3,"minecraft:bread":6,"minecraft:furnace":1,"minecraft:stone_axe":1,"minecraft:kelp":1,"minecraft:stone_sword":1,"minecraft:crafting_table":1,"minecraft:cobblestone":4,"minecraft:rotten_flesh":3,"minecraft:oak_planks":1,"minecraft:coal":14,"minecraft:stick":5,"minecraft:dirt":24,"minecraft:torch":4,"minecraft:wooden_axe":1,"minecraft:jungle_log":30,"minecraft:melon_slice":13,"minecraft:cooked_salmon":1,"minecraft:oak_sapling":1,"minecraft:bamboo":6,"minecraft:bone_meal":1,"minecraft:stone_pickaxe":1,"minecraft:wooden_pickaxe":2},"minecraft:broken":{"minecraft:stone_pickaxe":1},"minecraft:used":{"minecraft:stone_sword":51,"minecraft:stone_pickaxe":199,"minecraft:wooden_pickaxe":14,"minecraft:cooked_salmon":5,"minecraft:stone_hoe":21,"minecraft:orange_bed":1,"minecraft:salmon":1,"minecraft:torch":11,"minecraft:dirt":5,"minecraft:crafting_table":6,"minecraft:jungle_planks":22,"minecraft:oak_log":2,"minecraft:jungle_sapling":1,"minecraft:bread":7,"minecraft:melon_slice":5,"minecraft:stone_axe":36,"minecraft:cobblestone":27,"minecraft:furnace":1,"minecraft:andesite":2},"minecraft:crafted":{"minecraft:oak_planks":56,"minecraft:crafting_table":2,"minecraft:wooden_pickaxe":1,"minecraft:furnace":1,"minecraft:cooked_salmon":5,"minecraft:stone_axe":1,"minecraft:bread":33,"minecraft:air":0,"minecraft:jungle_planks":32,"minecraft:stick":28,"minecraft:stone_pickaxe":2,"minecraft:stone_sword":1,"minecraft:torch":44,"minecraft:stone_hoe":1,"minecraft:wheat":99},"minecraft:picked_up":{"minecraft:wooden_axe":1,"minecraft:crafting_table":6,"minecraft:andesite":2,"minecraft:salmon":6,"minecraft:jungle_log":38,"minecraft:leather":2,"minecraft:wooden_pickaxe":1,"minecraft:smoker":1,"minecraft:flint":1,"minecraft:oak_log":16,"minecraft:string":5,"minecraft:dirt":29,"minecraft:cooked_salmon":1,"minecraft:kelp":1,"minecraft:wheat_seeds":6,"minecraft:beef":7,"minecraft:stone_pickaxe":1,"minecraft:jungle_sapling":1,"minecraft:bamboo":6,"minecraft:melon_slice":24,"minecraft:oak_planks":30,"minecraft:furnace":2,"minecraft:stick":4,"minecraft:raw_iron":48,"minecraft:torch":1,"minecraft:gravel":3,"minecraft:porkchop":13,"minecraft:jungle_planks":3,"minecraft:orange_bed":2,"minecraft:stone_sword":1,"minecraft:rotten_flesh":3,"minecraft:stone_axe":1,"minecraft:hay_block":23,"minecraft:bone_meal":1,"minecraft:oak_sapling":1,"minecraft:coal":88,"minecraft:cobblestone":88},"minecraft:mined":{"minecraft:smoker":1,"minecraft:jungle_leaves":4,"minecraft:torch":1,"minecraft:crafting_table":6,"minecraft:short_grass":55,"minecraft:grass_block":2,"minecraft:melon":3,"minecraft:jungle_planks":3,"minecraft:jungle_log":1,"minecraft:cobblestone":2,"minecraft:hay_block":23,"minecraft:furnace":2,"minecraft:acacia_fence_gate":1,"minecraft:iron_ore":54,"minecraft:andesite":2,"minecraft:oak_log":16,"minecraft:coal_ore":69,"minecraft:gravel":4,"minecraft:dirt":4,"minecraft:cobweb":5,"minecraft:stone":75,"minecraft:fern":1,"minecraft:orange_bed":2},"minecraft:custom":{"minecraft:interact_with_furnace":20,"minecraft:mob_kills":18,"minecraft:interact_with_crafting_table":8,"minecraft:interact_with_grindstone":1,"minecraft:time_since_death":52451,"minecraft:sleep_in_bed":1,"minecraft:climb_one_cm":2079,"minecraft:time_since_rest":25566,"minecraft:sprint_one_cm":163073,"minecraft:damage_taken":636,"minecraft:walk_one_cm":137420,"minecraft:drop":41,"minecraft:damage_dealt":1819,"minecraft:swim_one_cm":30054,"minecraft:fly_one_cm":95867,"minecraft:open_chest":3,"minecraft:crouch_one_cm":6567,"minecraft:play_time":52451,"minecraft:sneak_time":2610,"minecraft:walk_under_water_one_cm":13812,"minecraft:jump":707,"minecraft:walk_on_water_one_cm":13108,"minecraft:total_world_time":52451,"minecraft:fall_one_cm":15013},"minecraft:killed":{"minecraft:armadillo":1,"minecraft:pig":6,"minecraft:salmon":5,"minecraft:zombie":2,"minecraft:drowned":1,"minecraft:cow":3}},"DataVersion":3953}