{"stats":{"minecraft:dropped":{"minecraft:water_bucket":1,"minecraft:bread":22,"minecraft:wheat_seeds":5,"minecraft:cooked_beef":2,"minecraft:crafting_table":1,"minecraft:iron_helmet":1,"minecraft:cobblestone":17,"minecraft:acacia_log":61,"minecraft:coal":14,"minecraft:stick":5,"minecraft:dirt":82,"minecraft:torch":22,"minecraft:wooden_axe":1,"minecraft:melon_slice":13,"minecraft:cooked_salmon":1,"minecraft:gold_nugget":6,"minecraft:bone_meal":45,"minecraft:iron_axe":2,"minecraft:bucket":1,"minecraft:bone":6,"minecraft:gravel":10,"minecraft:furnace":1,"minecraft:stone_axe":1,"minecraft:kelp":1,"minecraft:stone_sword":1,"minecraft:rotten_flesh":14,"minecraft:oak_planks":33,"minecraft:iron_boots":1,"minecraft:shears":3,"minecraft:shield":1,"minecraft:jungle_log":30,"minecraft:acacia_sapling":3,"minecraft:oak_sapling":1,"minecraft:bamboo":6,"minecraft:wooden_pickaxe":2,"minecraft:stone_pickaxe":2,"minecraft:raw_gold":1},"minecraft:broken":{"minecraft:iron_shovel":1,"minecraft:stone_pickaxe":1,"minecraft:iron_axe":1},"minecraft:used":{"minecraft:stone_sword":66,"minecraft:acacia_log":50,"minecraft:iron_shovel":343,"minecraft:chest":7,"minecraft:shield":31,"minecraft:cooked_chicken":7,"minecraft:cooked_salmon":5,"minecraft:stone_hoe":116,"minecraft:oak_door":1,"minecraft:iron_chestplate":1,"minecraft:orange_bed":10,"minecraft:torch":85,"minecraft:dirt":696,"minecraft:jungle_planks":31,"minecraft:acacia_sapling":22,"minecraft:jungle_sapling":1,"minecraft:iron_axe":295,"minecraft:iron_helmet":1,"minecraft:iron_boots":1,"minecraft:furnace":4,"minecraft:acacia_fence":64,"minecraft:egg":53,"minecraft:cooked_beef":4,"minecraft:acacia_planks":94,"minecraft:iron_leggings":1,"minecraft:wheat_seeds":28,"minecraft:cooked_mutton":4,"minecraft:water_bucket":14,"minecraft:stone_pickaxe":201,"minecraft:oak_planks":30,"minecraft:wooden_pickaxe":14,"minecraft:salmon":1,"minecraft:crafting_table":11,"minecraft:campfire":3,"minecraft:smoker":2,"minecraft:oak_log":2,"minecraft:acacia_stairs":4,"minecraft:acacia_sign":12,"minecraft:melon_slice":5,"minecraft:bread":16,"minecraft:iron_pickaxe":48,"minecraft:gravel":6,"minecraft:acacia_fence_gate":11,"minecraft:stone_axe":36,"minecraft:cobblestone":80,"minecraft:andesite":2,"minecraft:bucket":14,"minecraft:bone_meal":20},"minecraft:killed_by":{"minecraft:zombie":1},"minecraft:crafted":{"minecraft:oak_planks":56,"minecraft:cooked_chicken":10,"minecraft:furnace":1,"minecraft:acacia_fence_gate":7,"minecraft:bone_meal":36,"minecraft:cooked_mutton":5,"minecraft:iron_boots":2,"minecraft:iron_axe":2,"minecraft:stone_pickaxe":2,"minecraft:chest":4,"minecraft:acacia_fence":69,"minecraft:stone_hoe":1,"minecraft:wheat":99,"minecraft:cooked_beef":3,"minecraft:crafting_table":4,"minecraft:wooden_pickaxe":1,"minecraft:iron_helmet":2,"minecraft:cooked_salmon":5,"minecraft:acacia_stairs":4,"minecraft:bucket":1,"minecraft:campfire":3,"minecraft:stone_axe":1,"minecraft:bread":33,"minecraft:air":0,"minecraft:jungle_planks":32,"minecraft:iron_chestplate":1,"minecraft:acacia_sign":6,"minecraft:shield":3,"minecraft:stick":116,"minecraft:iron_ingot":50,"minecraft:iron_pickaxe":1,"minecraft:stone_sword":1,"minecraft:iron_shovel":2,"minecraft:iron_leggings":1,"minecraft:acacia_planks":276,"minecraft:torch":132,"minecraft:shears":3},"minecraft:picked_up":{"minecraft:wooden_axe":1,"minecraft:charcoal":2,"minecraft:iron_chestplate":2,"minecraft:crafting_table":10,"minecraft:wheat":19,"minecraft:chicken":14,"minecraft:wooden_pickaxe":1,"minecraft:shield":2,"minecraft:string":5,"minecraft:iron_axe":3,"minecraft:cooked_salmon":1,"minecraft:iron_leggings":2,"minecraft:gold_nugget":12,"minecraft:acacia_sign":6,"minecraft:beef":21,"minecraft:acacia_fence_gate":5,"minecraft:jungle_sapling":1,"minecraft:iron_pickaxe":2,"minecraft:melon_slice":30,"minecraft:chest":3,"minecraft:furnace":5,"minecraft:iron_boots":2,"minecraft:egg":54,"minecraft:raw_iron":72,"minecraft:stick":32,"minecraft:acacia_fence":6,"minecraft:oak_door":4,"minecraft:torch":60,"minecraft:acacia_log":225,"minecraft:fire_charge":1,"minecraft:porkchop":26,"minecraft:iron_horse_armor":1,"minecraft:orange_bed":10,"minecraft:arrow":6,"minecraft:stone_sword":3,"minecraft:rotten_flesh":21,"minecraft:hay_block":23,"minecraft:saddle":1,"minecraft:mutton":8,"minecraft:white_wool":3,"minecraft:cobblestone":146,"minecraft:feather":17,"minecraft:cooked_beef":3,"minecraft:water_bucket":3,"minecraft:jungle_log":38,"minecraft:salmon":6,"minecraft:andesite":2,"minecraft:acacia_leaves":1,"minecraft:leather":8,"minecraft:smoker":3,"minecraft:flint":2,"minecraft:oak_log":16,"minecraft:gunpowder":4,"minecraft:dirt":483,"minecraft:bone":19,"minecraft:acacia_planks":147,"minecraft:kelp":1,"minecraft:wheat_seeds":93,"minecraft:raw_gold":5,"minecraft:stone_pickaxe":1,"minecraft:iron_ingot":45,"minecraft:cooked_chicken":2,"minecraft:bamboo":6,"minecraft:oak_planks":57,"minecraft:stone_hoe":2,"minecraft:acacia_sapling":25,"minecraft:gravel":30,"minecraft:jungle_planks":3,"minecraft:acacia_stairs":4,"minecraft:stone_axe":2,"minecraft:iron_helmet":2,"minecraft:bone_meal":29,"minecraft:golden_horse_armor":1,"minecraft:bread":20,"minecraft:emerald":2,"minecraft:oak_sapling":1,"minecraft:coal":158},"minecraft:mined":{"minecraft:oak_door":4,"minecraft:jungle_leaves":4,"minecraft:acacia_log":111,"minecraft:grass_block":321,"minecraft:jungle_planks":3,"minecraft:jungle_log":1,"minecraft:hay_block":23,"minecraft:furnace":4,"minecraft:iron_ore":66,"minecraft:acacia_stairs":4,"minecraft:andesite":2,"minecraft:vine":1,"minecraft:stone":91,"minecraft:orange_bed":11,"minecraft:acacia_leaves":16,"minecraft:smoker":2,"minecraft:crafting_table":8,"minecraft:torch":6,"minecraft:short_grass":275,"minecraft:melon":3,"minecraft:campfire":1,"minecraft:tall_grass":7,"minecraft:cobblestone":5,"minecraft:oak_planks":29,"minecraft:wall_torch":1,"minecraft:acacia_sapling":2,"minecraft:acacia_fence_gate":6,"minecraft:wheat":14,"minecraft:coal_ore":83,"minecraft:oak_log":16,"minecraft:acacia_fence":6,"minecraft:gravel":4,"minecraft:dirt":72,"minecraft:cobweb":5,"minecraft:acacia_sign":5,"minecraft:acacia_planks":40,"minecraft:acacia_wall_sign":1,"minecraft:fern":4},"minecraft:custom":{"minecraft:mob_kills":40,"minecraft:animals_bred":14,"minecraft:interact_with_crafting_table":65,"minecraft:interact_with_campfire":10,"minecraft:time_since_death":37966,"minecraft:climb_one_cm":2955,"minecraft:sprint_one_cm":685055,"minecraft:walk_one_cm":658369,"minecraft:damage_blocked_by_shield":3415,"minecraft:drop":102,"minecraft:talked_to_villager":5,"minecraft:play_time":184451,"minecraft:deaths":2,"minecraft:sneak_time":11178,"minecraft:walk_under_water_one_cm":13812,"minecraft:jump":1752,"minecraft:walk_on_water_one_cm":13584,"minecraft:total_world_time":184451,"minecraft:interact_with_furnace":82,"minecraft:interact_with_grindstone":1,"minecraft:sleep_in_bed":6,"minecraft:time_since_rest":37993,"minecraft:damage_taken":3578,"minecraft:damage_dealt":4951,"minecraft:swim_one_cm":30054,"minecraft:fly_one_cm":254500,"minecraft:open_chest":32,"minecraft:crouch_one_cm":33394,"minecraft:interact_with_smoker":22,"minecraft:fall_one_cm":52939},"minecraft:killed":{"minecraft:armadillo":1,"minecraft:skeleton":5,"minecraft:chicken":9,"minecraft:drowned":1,"minecraft:pig":6,"minecraft:salmon":5,"minecraft:sheep":1,"minecraft:zombie":7,"minecraft:cow":5}},"DataVersion":3953}