{"stats":{"minecraft:killed_by":{"minecraft:zombie":1},"minecraft:crafted":{"minecraft:oak_planks":308,"minecraft:cobblestone_slab":108,"minecraft:cooked_chicken":64,"minecraft:chain":5,"minecraft:stone":5,"minecraft:diamond_shovel":1,"minecraft:lever":12,"minecraft:cooked_mutton":9,"minecraft:glass":101,"minecraft:cake":1,"minecraft:stone_brick_slab":6,"minecraft:diamond_helmet":2,"minecraft:diamond_leggings":1,"minecraft:iron_boots":3,"minecraft:chest":27,"minecraft:acacia_fence":69,"minecraft:jungle_stairs":16,"minecraft:stone_hoe":1,"minecraft:stone_bricks":4,"minecraft:redstone_lamp":13,"minecraft:item_frame":13,"minecraft:arrow":48,"minecraft:emerald":251,"minecraft:cooked_porkchop":34,"minecraft:diamond_axe":1,"minecraft:crafting_table":9,"minecraft:spruce_planks":224,"minecraft:acacia_slab":180,"minecraft:wooden_pickaxe":1,"minecraft:iron_helmet":3,"minecraft:jungle_pressure_plate":6,"minecraft:hay_block":2,"minecraft:campfire":5,"minecraft:iron_chestplate":2,"minecraft:book":14,"minecraft:yellow_dye":1,"minecraft:paper":96,"minecraft:diamond_pickaxe":2,"minecraft:shield":6,"minecraft:stick":8647,"minecraft:iron_ingot":229,"minecraft:iron_pickaxe":3,"minecraft:iron_block":26,"minecraft:stone_sword":1,"minecraft:snow_block":7,"minecraft:gold_ingot":150,"minecraft:spruce_fence_gate":12,"minecraft:shears":3,"minecraft:jungle_sign":24,"minecraft:golden_carrot":56,"minecraft:iron_nugget":99,"minecraft:diamond_hoe":1,"minecraft:furnace":4,"minecraft:acacia_fence_gate":7,"minecraft:jungle_trapdoor":2,"minecraft:yellow_bed":1,"minecraft:bone_meal":171,"minecraft:spruce_fence":39,"minecraft:white_carpet":3,"minecraft:glass_pane":64,"minecraft:lantern":10,"minecraft:spruce_stairs":4,"minecraft:iron_axe":14,"minecraft:spruce_slab":18,"minecraft:stone_pickaxe":2,"minecraft:diamond_boots":2,"minecraft:jungle_fence":81,"minecraft:wheat":99,"minecraft:cooked_beef":115,"minecraft:sugar":3,"minecraft:red_dye":34,"minecraft:cooked_cod":15,"minecraft:diamond_sword":1,"minecraft:red_bed":2,"minecraft:cooked_salmon":5,"minecraft:acacia_stairs":4,"minecraft:bucket":4,"minecraft:stone_axe":1,"minecraft:enchanted_book":6,"minecraft:jungle_slab":492,"minecraft:bread":37,"minecraft:air":0,"minecraft:jungle_planks":4868,"minecraft:oak_boat":1,"minecraft:gold_nugget":477,"minecraft:acacia_sign":6,"minecraft:iron_shovel":3,"minecraft:iron_leggings":2,"minecraft:white_bed":3,"minecraft:acacia_planks":512,"minecraft:torch":416,"minecraft:diamond_chestplate":1},"minecraft:broken":{"minecraft:iron_shovel":2,"minecraft:stone_pickaxe":1,"minecraft:leather_helmet":1,"minecraft:shield":2,"minecraft:iron_axe":12,"minecraft:iron_pickaxe":2,"minecraft:iron_helmet":1},"minecraft:used":{"minecraft:iron_shovel":515,"minecraft:polished_deepslate":1,"minecraft:spruce_slab":35,"minecraft:diamond_hoe":8,"minecraft:chest":40,"minecraft:shield":175,"minecraft:stone":1,"minecraft:rotten_flesh":2,"minecraft:iron_chestplate":1,"minecraft:jungle_planks":157,"minecraft:carrot":167,"minecraft:jungle_slab":633,"minecraft:acacia_sapling":26,"minecraft:snowball":8,"minecraft:stripped_spruce_log":1,"minecraft:jungle_sapling":47,"minecraft:glass":83,"minecraft:lantern":17,"minecraft:birch_sapling":8,"minecraft:iron_helmet":1,"minecraft:item_frame":16,"minecraft:red_stained_glass_pane":83,"minecraft:redstone_lamp":18,"minecraft:bow":141,"minecraft:hay_block":15,"minecraft:oak_sapling":11,"minecraft:furnace":10,"minecraft:cooked_cod":9,"minecraft:acacia_fence":115,"minecraft:egg":173,"minecraft:diamond_boots":1,"minecraft:oak_planks":339,"minecraft:stone_pickaxe":201,"minecraft:jungle_fence":93,"minecraft:ender_pearl":1,"minecraft:wooden_pickaxe":14,"minecraft:jungle_pressure_plate":6,"minecraft:diamond_axe":329,"minecraft:sugar_cane":3,"minecraft:oak_leaves":5,"minecraft:golden_apple":1,"minecraft:acacia_leaves":10,"minecraft:lever":13,"minecraft:melon_slice":5,"minecraft:bread":16,"minecraft:lectern":45,"minecraft:gravel":6,"minecraft:jungle_sign":27,"minecraft:diamond_sword":84,"minecraft:andesite":14,"minecraft:chain":15,"minecraft:oak_boat":1,"minecraft:bone_meal":105,"minecraft:iron_bars":36,"minecraft:stone_sword":66,"minecraft:acacia_log":50,"minecraft:redstone":1,"minecraft:spruce_planks":294,"minecraft:cooked_salmon":5,"minecraft:cooked_chicken":22,"minecraft:stone_hoe":118,"minecraft:netherrack":52,"minecraft:oak_door":1,"minecraft:orange_bed":32,"minecraft:torch":441,"minecraft:dirt":804,"minecraft:anvil":1,"minecraft:white_carpet":3,"minecraft:spruce_stairs":4,"minecraft:spruce_fence":40,"minecraft:jungle_trapdoor":6,"minecraft:granite":11,"minecraft:stone_brick_slab":10,"minecraft:iron_axe":3052,"minecraft:oak_stairs":2,"minecraft:acacia_slab":142,"minecraft:jungle_log":31,"minecraft:iron_boots":2,"minecraft:melon_seeds":1,"minecraft:glowstone":18,"minecraft:golden_carrot":33,"minecraft:cooked_beef":104,"minecraft:cobbled_deepslate":121,"minecraft:acacia_planks":133,"minecraft:iron_leggings":1,"minecraft:wheat_seeds":526,"minecraft:cooked_mutton":5,"minecraft:water_bucket":85,"minecraft:snow_block":7,"minecraft:spruce_fence_gate":18,"minecraft:cobblestone_slab":141,"minecraft:salmon":1,"minecraft:crafting_table":20,"minecraft:red_bed":3,"minecraft:campfire":5,"minecraft:spruce_log":191,"minecraft:cake":1,"minecraft:smoker":3,"minecraft:oak_log":2,"minecraft:diamond_pickaxe":2641,"minecraft:acacia_stairs":4,"minecraft:diamond_shovel":238,"minecraft:acacia_sign":12,"minecraft:stripped_jungle_log":1,"minecraft:iron_pickaxe":516,"minecraft:jungle_stairs":33,"minecraft:spruce_sapling":12,"minecraft:stone_axe":36,"minecraft:acacia_fence_gate":11,"minecraft:cobblestone":111,"minecraft:white_banner":1,"minecraft:cooked_porkchop":21,"minecraft:bucket":86,"minecraft:glass_pane":54,"minecraft:yellow_bed":2,"minecraft:diamond_leggings":1},"minecraft:mined":{"minecraft:spruce_planks":111,"minecraft:farmland":2,"minecraft:jungle_slab":146,"minecraft:jungle_leaves":96,"minecraft:granite":16,"minecraft:acacia_log":152,"minecraft:grass_block":590,"minecraft:jungle_log":1260,"minecraft:red_stained_glass_pane":3,"minecraft:cobbled_deepslate":15,"minecraft:iron_ore":237,"minecraft:pumpkin":14,"minecraft:deepslate_lapis_ore":31,"minecraft:anvil":2,"minecraft:oak_stairs":2,"minecraft:iron_bars":27,"minecraft:jungle_pressure_plate":6,"minecraft:spruce_slab":20,"minecraft:orange_bed":31,"minecraft:jungle_trapdoor":6,"minecraft:deepslate_redstone_ore":62,"minecraft:melon_stem":4,"minecraft:smoker":3,"minecraft:torch":19,"minecraft:jungle_stairs":24,"minecraft:poppy":42,"minecraft:melon":9,"minecraft:chest":10,"minecraft:glass":4,"minecraft:nether_quartz_ore":138,"minecraft:cobblestone":14,"minecraft:sugar_cane":135,"minecraft:oak_planks":178,"minecraft:wall_torch":15,"minecraft:seagrass":1,"minecraft:chain":10,"minecraft:acacia_sapling":4,"minecraft:wheat":597,"minecraft:oak_log":83,"minecraft:acacia_fence":22,"minecraft:sand":82,"minecraft:dirt":121,"minecraft:acacia_sign":5,"minecraft:nether_gold_ore":12,"minecraft:netherrack":207,"minecraft:deepslate":1446,"minecraft:oak_leaves":15,"minecraft:redstone_lamp":5,"minecraft:tuff":113,"minecraft:mossy_cobblestone":4,"minecraft:deepslate_diamond_ore":123,"minecraft:oak_door":4,"minecraft:lever":1,"minecraft:ladder":2,"minecraft:spruce_fence":8,"minecraft:jungle_planks":52,"minecraft:redstone_wire":2,"minecraft:spruce_leaves":10,"minecraft:acacia_slab":65,"minecraft:hay_block":26,"minecraft:furnace":7,"minecraft:carrots":76,"minecraft:jungle_sapling":7,"minecraft:acacia_stairs":4,"minecraft:andesite":31,"minecraft:stripped_spruce_log":1,"minecraft:gold_block":1,"minecraft:deepslate_iron_ore":29,"minecraft:cobblestone_slab":27,"minecraft:vine":165,"minecraft:rail":16,"minecraft:lantern":7,"minecraft:stripped_jungle_log":4,"minecraft:stone":322,"minecraft:ender_chest":1,"minecraft:acacia_leaves":22,"minecraft:glass_pane":1,"minecraft:snow_block":16,"minecraft:stone_brick_slab":2,"minecraft:dandelion":3,"minecraft:jungle_sign":2,"minecraft:oak_fence":1,"minecraft:crafting_table":13,"minecraft:cornflower":3,"minecraft:short_grass":334,"minecraft:emerald_ore":4,"minecraft:lectern":45,"minecraft:campfire":3,"minecraft:copper_ore":1,"minecraft:tall_grass":20,"minecraft:deepslate_coal_ore":1,"minecraft:deepslate_gold_ore":38,"minecraft:diorite":5,"minecraft:acacia_fence_gate":6,"minecraft:spruce_log":156,"minecraft:birch_leaves":5,"minecraft:jungle_fence":37,"minecraft:yellow_bed":1,"minecraft:coal_ore":375,"minecraft:gravel":5,"minecraft:cobweb":5,"minecraft:acacia_planks":53,"minecraft:spruce_fence_gate":6,"minecraft:acacia_wall_sign":1,"minecraft:fern":8,"minecraft:jungle_wall_sign":4},"minecraft:custom":{"minecraft:animals_bred":217,"minecraft:interact_with_crafting_table":238,"minecraft:bell_ring":3,"minecraft:leave_game":4,"minecraft:time_since_death":884841,"minecraft:sprint_one_cm":3484941,"minecraft:damage_blocked_by_shield":10633,"minecraft:drop":327,"minecraft:talked_to_villager":211,"minecraft:play_time":1031326,"minecraft:deaths":2,"minecraft:jump":10834,"minecraft:walk_on_water_one_cm":96252,"minecraft:enchant_item":15,"minecraft:interact_with_furnace":231,"minecraft:traded_with_villager":260,"minecraft:sleep_in_bed":30,"minecraft:open_enderchest":1,"minecraft:damage_dealt":39985,"minecraft:player_kills":1,"minecraft:crouch_one_cm":120938,"minecraft:interact_with_smoker":72,"minecraft:horse_one_cm":159376,"minecraft:interact_with_anvil":18,"minecraft:mob_kills":362,"minecraft:interact_with_campfire":47,"minecraft:climb_one_cm":36204,"minecraft:walk_one_cm":3419260,"minecraft:sneak_time":40573,"minecraft:walk_under_water_one_cm":54338,"minecraft:boat_one_cm":383863,"minecraft:total_world_time":1031326,"minecraft:interact_with_stonecutter":1,"minecraft:interact_with_grindstone":1,"minecraft:time_since_rest":98577,"minecraft:damage_taken":14557,"minecraft:damage_absorbed":40,"minecraft:swim_one_cm":117870,"minecraft:fly_one_cm":1743884,"minecraft:pig_one_cm":1472,"minecraft:open_chest":609,"minecraft:fall_one_cm":276435},"minecraft:dropped":{"minecraft:iron_sword":1,"minecraft:ominous_bottle":1,"minecraft:lapis_lazuli":71,"minecraft:cooked_beef":28,"minecraft:glow_ink_sac":2,"minecraft:diamond":165,"minecraft:crafting_table":1,"minecraft:cooked_porkchop":6,"minecraft:glow_berries":8,"minecraft:leather":2,"minecraft:jungle_planks":74,"minecraft:saddle":4,"minecraft:rail":2,"minecraft:emerald":11,"minecraft:dirt":112,"minecraft:mutton":1,"minecraft:gold_nugget":6,"minecraft:jungle_sign":3,"minecraft:bone_meal":63,"minecraft:phantom_membrane":5,"minecraft:iron_pickaxe":4,"minecraft:fishing_rod":2,"minecraft:bone":12,"minecraft:gravel":10,"minecraft:stone_axe":3,"minecraft:golden_chestplate":1,"minecraft:cobbled_deepslate":1120,"minecraft:cooked_chicken":12,"minecraft:wheat":4,"minecraft:obsidian":8,"minecraft:rotten_flesh":38,"minecraft:oak_planks":33,"minecraft:cooked_mutton":22,"minecraft:red_stained_glass_pane":48,"minecraft:poppy":1,"minecraft:gunpowder":1,"minecraft:jungle_log":30,"minecraft:acacia_slab":2,"minecraft:acacia_sapling":3,"minecraft:spruce_slab":7,"minecraft:arrow":5,"minecraft:beef":7,"minecraft:lectern":1,"minecraft:egg":5,"minecraft:enchanted_book":3,"minecraft:water_bucket":2,"minecraft:iron_ingot":5,"minecraft:bread":22,"minecraft:wheat_seeds":26,"minecraft:lead":1,"minecraft:diamond_leggings":2,"minecraft:oak_fence":1,"minecraft:cobblestone":112,"minecraft:iron_helmet":3,"minecraft:feather":16,"minecraft:book":1,"minecraft:granite":2,"minecraft:acacia_log":61,"minecraft:coal":48,"minecraft:stick":33,"minecraft:pufferfish":2,"minecraft:diorite":4,"minecraft:torch":88,"minecraft:wooden_axe":1,"minecraft:melon_slice":13,"minecraft:cooked_salmon":8,"minecraft:diamond_helmet":1,"minecraft:iron_leggings":2,"minecraft:iron_axe":2,"minecraft:red_dye":32,"minecraft:iron_shovel":1,"minecraft:string":8,"minecraft:lily_pad":2,"minecraft:bucket":1,"minecraft:spruce_sapling":47,"minecraft:redstone":6,"minecraft:jungle_pressure_plate":6,"minecraft:furnace":1,"minecraft:anvil":1,"minecraft:kelp":1,"minecraft:ender_chest":2,"minecraft:nether_wart":34,"minecraft:stone_sword":1,"minecraft:tuff":1,"minecraft:raw_iron":53,"minecraft:chicken":7,"minecraft:light_gray_wool":2,"minecraft:iron_boots":4,"minecraft:shears":3,"minecraft:glass_pane":54,"minecraft:pumpkin_seeds":12,"minecraft:shield":4,"minecraft:spruce_planks":27,"minecraft:diamond_pickaxe":2,"minecraft:iron_chestplate":2,"minecraft:andesite":6,"minecraft:oak_sapling":3,"minecraft:carved_pumpkin":3,"minecraft:spider_eye":1,"minecraft:bamboo":6,"minecraft:diamond_boots":1,"minecraft:spruce_log":52,"minecraft:stone_pickaxe":2,"minecraft:wooden_pickaxe":2,"minecraft:raw_gold":5},"minecraft:picked_up":{"minecraft:wooden_axe":1,"minecraft:iron_chestplate":3,"minecraft:wheat":553,"minecraft:ender_chest":2,"minecraft:anvil":2,"minecraft:lead":3,"minecraft:oak_stairs":2,"minecraft:enchanted_book":3,"minecraft:polished_deepslate":1,"minecraft:string":37,"minecraft:cooked_salmon":8,"minecraft:iron_leggings":3,"minecraft:pufferfish":2,"minecraft:diamond_leggings":2,"minecraft:gold_nugget":53,"minecraft:cobbled_deepslate":906,"minecraft:spruce_planks":234,"minecraft:acacia_sign":6,"minecraft:acacia_fence_gate":5,"minecraft:cobblestone_slab":34,"minecraft:iron_pickaxe":5,"minecraft:melon_slice":81,"minecraft:furnace":8,"minecraft:iron_boots":4,"minecraft:stick":163,"minecraft:acacia_fence":21,"minecraft:oak_fence":1,"minecraft:torch":160,"minecraft:acacia_log":266,"minecraft:porkchop":71,"minecraft:diorite":4,"minecraft:golden_chestplate":2,"minecraft:orange_bed":32,"minecraft:stone_sword":3,"minecraft:rotten_flesh":76,"minecraft:carved_pumpkin":3,"minecraft:armadillo_scute":2,"minecraft:glowstone":13,"minecraft:obsidian":8,"minecraft:iron_bars":27,"minecraft:snowball":88,"minecraft:cobblestone":384,"minecraft:jungle_pressure_plate":6,"minecraft:feather":116,"minecraft:cooked_beef":28,"minecraft:water_bucket":3,"minecraft:andesite":30,"minecraft:jungle_log":1275,"minecraft:brown_wool":2,"minecraft:acacia_leaves":1,"minecraft:smoker":4,"minecraft:flint":2,"minecraft:tuff":1,"minecraft:lantern":7,"minecraft:lapis_lazuli":311,"minecraft:dirt":855,"minecraft:bone":48,"minecraft:glass":8,"minecraft:acacia_planks":160,"minecraft:bow":3,"minecraft:wheat_seeds":1601,"minecraft:raw_gold":55,"minecraft:bamboo":6,"minecraft:stone_hoe":2,"minecraft:oak_planks":203,"minecraft:cooked_porkchop":7,"minecraft:sand":144,"minecraft:jungle_planks":178,"minecraft:stripped_spruce_log":1,"minecraft:acacia_stairs":4,"minecraft:jungle_slab":189,"minecraft:spruce_fence_gate":6,"minecraft:diamond":366,"minecraft:lever":1,"minecraft:granite":13,"minecraft:bone_meal":29,"minecraft:emerald":6,"minecraft:golden_horse_armor":1,"minecraft:bread":20,"minecraft:netherrack":79,"minecraft:oak_sapling":15,"minecraft:diamond_pickaxe":4,"minecraft:charcoal":6,"minecraft:fishing_rod":2,"minecraft:cocoa_beans":3,"minecraft:crafting_table":15,"minecraft:nether_wart":34,"minecraft:ominous_bottle":1,"minecraft:chicken":127,"minecraft:ladder":1,"minecraft:redstone_lamp":5,"minecraft:wooden_pickaxe":1,"minecraft:gold_block":1,"minecraft:chain":10,"minecraft:shield":5,"minecraft:cornflower":1,"minecraft:jungle_trapdoor":6,"minecraft:red_bed":1,"minecraft:iron_axe":3,"minecraft:acacia_door":2,"minecraft:item_frame":3,"minecraft:glass_pane":27,"minecraft:beef":235,"minecraft:spruce_slab":24,"minecraft:jungle_sapling":50,"minecraft:poppy":37,"minecraft:light_gray_wool":4,"minecraft:lectern":47,"minecraft:sugar_cane":154,"minecraft:chest":13,"minecraft:birch_sapling":8,"minecraft:phantom_membrane":9,"minecraft:egg":227,"minecraft:raw_iron":428,"minecraft:oak_door":4,"minecraft:red_stained_glass_pane":131,"minecraft:spruce_fence":7,"minecraft:fire_charge":1,"minecraft:carrot":255,"minecraft:redstone":75,"minecraft:iron_horse_armor":1,"minecraft:jungle_sign":6,"minecraft:cooked_cod":8,"minecraft:arrow":43,"minecraft:jungle_stairs":24,"minecraft:hay_block":26,"minecraft:saddle":5,"minecraft:gold_ingot":28,"minecraft:mutton":21,"minecraft:rail":20,"minecraft:white_wool":13,"minecraft:glow_ink_sac":2,"minecraft:salmon":6,"minecraft:leather":69,"minecraft:jungle_fence":21,"minecraft:oak_log":83,"minecraft:lily_pad":2,"minecraft:yellow_bed":1,"minecraft:gunpowder":11,"minecraft:white_banner":1,"minecraft:cooked_mutton":18,"minecraft:apple":2,"minecraft:kelp":1,"minecraft:iron_ingot":55,"minecraft:stone_pickaxe":1,"minecraft:cooked_chicken":5,"minecraft:iron_sword":1,"minecraft:acacia_sapling":29,"minecraft:pumpkin":14,"minecraft:stone_brick_slab":4,"minecraft:quartz":183,"minecraft:dandelion":3,"minecraft:gravel":31,"minecraft:spruce_sapling":13,"minecraft:spruce_log":299,"minecraft:spider_eye":8,"minecraft:leather_helmet":1,"minecraft:stripped_jungle_log":4,"minecraft:pumpkin_seeds":12,"minecraft:stone_axe":4,"minecraft:iron_helmet":3,"minecraft:acacia_slab":69,"minecraft:melon_seeds":5,"minecraft:coal":734,"minecraft:ender_pearl":1},"minecraft:killed":{"minecraft:cave_spider":7,"minecraft:spider":10,"minecraft:skeleton":42,"minecraft:chicken":98,"minecraft:piglin":1,"minecraft:pig":22,"minecraft:salmon":5,"minecraft:creeper":11,"minecraft:sheep":18,"minecraft:pillager":2,"minecraft:zombie":49,"minecraft:cow":76,"minecraft:armadillo":1,"minecraft:phantom":13,"minecraft:drowned":4}},"DataVersion":3953}