{"stats":{"minecraft:dropped":{"minecraft:bread":11,"minecraft:crafting_table":1,"minecraft:iron_helmet":1,"minecraft:cobblestone":17,"minecraft:coal":14,"minecraft:stick":5,"minecraft:dirt":24,"minecraft:torch":4,"minecraft:wooden_axe":1,"minecraft:melon_slice":13,"minecraft:cooked_salmon":1,"minecraft:gold_nugget":6,"minecraft:bone_meal":1,"minecraft:gravel":3,"minecraft:furnace":1,"minecraft:stone_axe":1,"minecraft:kelp":1,"minecraft:stone_sword":1,"minecraft:rotten_flesh":8,"minecraft:oak_planks":33,"minecraft:shield":1,"minecraft:jungle_log":30,"minecraft:acacia_sapling":3,"minecraft:oak_sapling":1,"minecraft:bamboo":6,"minecraft:wooden_pickaxe":2,"minecraft:stone_pickaxe":2},"minecraft:broken":{"minecraft:stone_pickaxe":1},"minecraft:used":{"minecraft:stone_sword":66,"minecraft:iron_shovel":40,"minecraft:shield":3,"minecraft:cooked_salmon":5,"minecraft:stone_hoe":21,"minecraft:oak_door":1,"minecraft:iron_chestplate":1,"minecraft:orange_bed":2,"minecraft:torch":13,"minecraft:dirt":5,"minecraft:jungle_planks":31,"minecraft:acacia_sapling":1,"minecraft:jungle_sapling":1,"minecraft:iron_axe":76,"minecraft:iron_helmet":1,"minecraft:iron_boots":1,"minecraft:furnace":4,"minecraft:acacia_planks":77,"minecraft:iron_leggings":1,"minecraft:water_bucket":1,"minecraft:stone_pickaxe":201,"minecraft:oak_planks":22,"minecraft:wooden_pickaxe":14,"minecraft:salmon":1,"minecraft:crafting_table":9,"minecraft:campfire":1,"minecraft:smoker":2,"minecraft:oak_log":2,"minecraft:melon_slice":5,"minecraft:bread":13,"minecraft:iron_pickaxe":3,"minecraft:stone_axe":36,"minecraft:cobblestone":50,"minecraft:andesite":2,"minecraft:bucket":2},"minecraft:crafted":{"minecraft:oak_planks":56,"minecraft:cooked_chicken":5,"minecraft:furnace":1,"minecraft:iron_boots":1,"minecraft:iron_axe":1,"minecraft:stone_pickaxe":2,"minecraft:stone_hoe":1,"minecraft:wheat":99,"minecraft:crafting_table":2,"minecraft:wooden_pickaxe":1,"minecraft:iron_helmet":2,"minecraft:cooked_salmon":5,"minecraft:bucket":1,"minecraft:campfire":1,"minecraft:stone_axe":1,"minecraft:bread":33,"minecraft:air":0,"minecraft:jungle_planks":32,"minecraft:iron_chestplate":1,"minecraft:shield":2,"minecraft:stick":32,"minecraft:iron_ingot":48,"minecraft:iron_pickaxe":1,"minecraft:stone_sword":1,"minecraft:iron_shovel":1,"minecraft:iron_leggings":1,"minecraft:acacia_planks":124,"minecraft:torch":44},"minecraft:picked_up":{"minecraft:wooden_axe":1,"minecraft:iron_chestplate":1,"minecraft:crafting_table":8,"minecraft:wheat":2,"minecraft:chicken":10,"minecraft:wooden_pickaxe":1,"minecraft:shield":1,"minecraft:string":5,"minecraft:iron_axe":1,"minecraft:cooked_salmon":1,"minecraft:iron_leggings":1,"minecraft:gold_nugget":12,"minecraft:beef":14,"minecraft:jungle_sapling":1,"minecraft:iron_pickaxe":1,"minecraft:melon_slice":30,"minecraft:furnace":4,"minecraft:iron_boots":1,"minecraft:egg":2,"minecraft:raw_iron":48,"minecraft:stick":7,"minecraft:oak_door":1,"minecraft:torch":30,"minecraft:acacia_log":36,"minecraft:fire_charge":1,"minecraft:porkchop":26,"minecraft:orange_bed":2,"minecraft:stone_sword":2,"minecraft:rotten_flesh":13,"minecraft:hay_block":23,"minecraft:mutton":3,"minecraft:cobblestone":88,"minecraft:feather":10,"minecraft:water_bucket":1,"minecraft:jungle_log":38,"minecraft:salmon":6,"minecraft:andesite":2,"minecraft:leather":4,"minecraft:smoker":3,"minecraft:flint":2,"minecraft:oak_log":16,"minecraft:dirt":66,"minecraft:acacia_planks":76,"minecraft:kelp":1,"minecraft:wheat_seeds":20,"minecraft:stone_pickaxe":1,"minecraft:iron_ingot":13,"minecraft:bamboo":6,"minecraft:oak_planks":38,"minecraft:stone_hoe":1,"minecraft:acacia_sapling":5,"minecraft:gravel":3,"minecraft:jungle_planks":3,"minecraft:stone_axe":2,"minecraft:iron_helmet":1,"minecraft:bone_meal":1,"minecraft:bread":14,"minecraft:emerald":2,"minecraft:oak_sapling":1,"minecraft:coal":115},"minecraft:mined":{"minecraft:oak_door":1,"minecraft:jungle_leaves":4,"minecraft:acacia_log":36,"minecraft:grass_block":38,"minecraft:jungle_planks":3,"minecraft:jungle_log":1,"minecraft:hay_block":23,"minecraft:furnace":4,"minecraft:iron_ore":54,"minecraft:andesite":2,"minecraft:stone":77,"minecraft:orange_bed":4,"minecraft:acacia_leaves":10,"minecraft:smoker":2,"minecraft:crafting_table":8,"minecraft:torch":1,"minecraft:short_grass":81,"minecraft:melon":3,"minecraft:tall_grass":2,"minecraft:cobblestone":2,"minecraft:oak_planks":8,"minecraft:acacia_fence_gate":1,"minecraft:coal_ore":69,"minecraft:oak_log":16,"minecraft:gravel":4,"minecraft:dirt":5,"minecraft:cobweb":5,"minecraft:acacia_planks":1,"minecraft:fern":1},"minecraft:custom":{"minecraft:mob_kills":26,"minecraft:interact_with_crafting_table":34,"minecraft:time_since_death":6311,"minecraft:climb_one_cm":2079,"minecraft:sprint_one_cm":211047,"minecraft:walk_one_cm":222416,"minecraft:damage_blocked_by_shield":449,"minecraft:drop":55,"minecraft:play_time":76451,"minecraft:deaths":1,"minecraft:sneak_time":5413,"minecraft:walk_under_water_one_cm":13812,"minecraft:jump":923,"minecraft:walk_on_water_one_cm":13182,"minecraft:total_world_time":76451,"minecraft:interact_with_furnace":71,"minecraft:interact_with_grindstone":1,"minecraft:sleep_in_bed":4,"minecraft:time_since_rest":6424,"minecraft:damage_taken":2766,"minecraft:damage_dealt":2946,"minecraft:swim_one_cm":30054,"minecraft:fly_one_cm":135882,"minecraft:open_chest":4,"minecraft:crouch_one_cm":17054,"minecraft:interact_with_smoker":3,"minecraft:fall_one_cm":38532},"minecraft:killed":{"minecraft:armadillo":1,"minecraft:skeleton":1,"minecraft:chicken":5,"minecraft:drowned":1,"minecraft:pig":6,"minecraft:salmon":5,"minecraft:zombie":4,"minecraft:cow":3}},"DataVersion":3953}