{"stats":{"minecraft:killed_by":{"minecraft:zombie":1},"minecraft:crafted":{"minecraft:oak_planks":308,"minecraft:cobblestone_slab":108,"minecraft:cooked_chicken":64,"minecraft:chain":5,"minecraft:stone":5,"minecraft:lever":12,"minecraft:cooked_mutton":9,"minecraft:glass":56,"minecraft:cake":1,"minecraft:stone_brick_slab":6,"minecraft:diamond_helmet":1,"minecraft:diamond_leggings":1,"minecraft:iron_boots":3,"minecraft:chest":27,"minecraft:acacia_fence":69,"minecraft:jungle_stairs":16,"minecraft:stone_hoe":1,"minecraft:stone_bricks":4,"minecraft:redstone_lamp":13,"minecraft:item_frame":13,"minecraft:arrow":48,"minecraft:emerald":251,"minecraft:cooked_porkchop":34,"minecraft:crafting_table":8,"minecraft:spruce_planks":4,"minecraft:acacia_slab":180,"minecraft:wooden_pickaxe":1,"minecraft:iron_helmet":3,"minecraft:jungle_pressure_plate":6,"minecraft:campfire":5,"minecraft:iron_chestplate":2,"minecraft:book":14,"minecraft:yellow_dye":1,"minecraft:paper":96,"minecraft:diamond_pickaxe":1,"minecraft:shield":5,"minecraft:stick":8571,"minecraft:iron_ingot":146,"minecraft:iron_pickaxe":3,"minecraft:stone_sword":1,"minecraft:gold_ingot":39,"minecraft:shears":3,"minecraft:jungle_sign":24,"minecraft:iron_nugget":99,"minecraft:furnace":4,"minecraft:acacia_fence_gate":7,"minecraft:jungle_trapdoor":2,"minecraft:yellow_bed":1,"minecraft:bone_meal":123,"minecraft:white_carpet":3,"minecraft:glass_pane":64,"minecraft:lantern":10,"minecraft:iron_axe":14,"minecraft:stone_pickaxe":2,"minecraft:diamond_boots":1,"minecraft:jungle_fence":81,"minecraft:wheat":99,"minecraft:cooked_beef":115,"minecraft:sugar":3,"minecraft:red_dye":2,"minecraft:red_bed":2,"minecraft:cooked_salmon":5,"minecraft:acacia_stairs":4,"minecraft:bucket":4,"minecraft:stone_axe":1,"minecraft:enchanted_book":6,"minecraft:jungle_slab":492,"minecraft:bread":37,"minecraft:air":0,"minecraft:jungle_planks":4868,"minecraft:oak_boat":1,"minecraft:acacia_sign":6,"minecraft:iron_shovel":3,"minecraft:iron_leggings":2,"minecraft:white_bed":3,"minecraft:acacia_planks":512,"minecraft:torch":372,"minecraft:diamond_chestplate":1},"minecraft:broken":{"minecraft:iron_shovel":2,"minecraft:stone_pickaxe":1,"minecraft:shield":2,"minecraft:iron_axe":12,"minecraft:iron_pickaxe":1,"minecraft:iron_helmet":1},"minecraft:used":{"minecraft:iron_shovel":515,"minecraft:chest":40,"minecraft:shield":159,"minecraft:stone":1,"minecraft:rotten_flesh":2,"minecraft:iron_chestplate":1,"minecraft:jungle_planks":156,"minecraft:carrot":43,"minecraft:jungle_slab":632,"minecraft:acacia_sapling":26,"minecraft:snowball":8,"minecraft:jungle_sapling":46,"minecraft:lantern":17,"minecraft:birch_sapling":8,"minecraft:iron_helmet":1,"minecraft:item_frame":16,"minecraft:redstone_lamp":18,"minecraft:bow":136,"minecraft:hay_block":2,"minecraft:oak_sapling":11,"minecraft:furnace":10,"minecraft:cooked_cod":8,"minecraft:acacia_fence":115,"minecraft:egg":172,"minecraft:diamond_boots":1,"minecraft:oak_planks":327,"minecraft:stone_pickaxe":201,"minecraft:jungle_fence":93,"minecraft:ender_pearl":1,"minecraft:wooden_pickaxe":14,"minecraft:jungle_pressure_plate":6,"minecraft:sugar_cane":3,"minecraft:oak_leaves":5,"minecraft:golden_apple":1,"minecraft:acacia_leaves":10,"minecraft:lever":13,"minecraft:melon_slice":5,"minecraft:bread":16,"minecraft:lectern":45,"minecraft:gravel":6,"minecraft:jungle_sign":27,"minecraft:andesite":14,"minecraft:chain":15,"minecraft:oak_boat":1,"minecraft:bone_meal":61,"minecraft:iron_bars":26,"minecraft:stone_sword":66,"minecraft:acacia_log":50,"minecraft:redstone":1,"minecraft:spruce_planks":9,"minecraft:cooked_salmon":5,"minecraft:cooked_chicken":22,"minecraft:stone_hoe":118,"minecraft:oak_door":1,"minecraft:orange_bed":30,"minecraft:torch":391,"minecraft:dirt":737,"minecraft:anvil":1,"minecraft:white_carpet":3,"minecraft:jungle_trapdoor":6,"minecraft:stone_brick_slab":10,"minecraft:iron_axe":2979,"minecraft:oak_stairs":2,"minecraft:acacia_slab":141,"minecraft:jungle_log":31,"minecraft:iron_boots":2,"minecraft:melon_seeds":1,"minecraft:cooked_beef":104,"minecraft:cobbled_deepslate":91,"minecraft:acacia_planks":133,"minecraft:iron_leggings":1,"minecraft:wheat_seeds":526,"minecraft:cooked_mutton":5,"minecraft:water_bucket":44,"minecraft:cobblestone_slab":141,"minecraft:salmon":1,"minecraft:crafting_table":19,"minecraft:red_bed":3,"minecraft:campfire":5,"minecraft:cake":1,"minecraft:smoker":3,"minecraft:oak_log":2,"minecraft:diamond_pickaxe":1425,"minecraft:acacia_stairs":4,"minecraft:acacia_sign":12,"minecraft:stripped_jungle_log":1,"minecraft:iron_pickaxe":481,"minecraft:jungle_stairs":33,"minecraft:spruce_sapling":4,"minecraft:stone_axe":36,"minecraft:acacia_fence_gate":11,"minecraft:cobblestone":110,"minecraft:cooked_porkchop":19,"minecraft:bucket":45,"minecraft:glass_pane":54,"minecraft:yellow_bed":2},"minecraft:mined":{"minecraft:spruce_planks":8,"minecraft:jungle_slab":145,"minecraft:jungle_leaves":96,"minecraft:granite":5,"minecraft:acacia_log":149,"minecraft:grass_block":473,"minecraft:jungle_log":1260,"minecraft:cobbled_deepslate":14,"minecraft:iron_ore":200,"minecraft:deepslate_lapis_ore":25,"minecraft:anvil":2,"minecraft:oak_stairs":2,"minecraft:iron_bars":22,"minecraft:jungle_pressure_plate":6,"minecraft:orange_bed":31,"minecraft:jungle_trapdoor":6,"minecraft:deepslate_redstone_ore":52,"minecraft:melon_stem":1,"minecraft:smoker":3,"minecraft:torch":14,"minecraft:jungle_stairs":24,"minecraft:poppy":6,"minecraft:melon":6,"minecraft:chest":10,"minecraft:cobblestone":14,"minecraft:sugar_cane":135,"minecraft:oak_planks":149,"minecraft:wall_torch":13,"minecraft:chain":10,"minecraft:acacia_sapling":4,"minecraft:wheat":552,"minecraft:oak_log":83,"minecraft:acacia_fence":22,"minecraft:dirt":97,"minecraft:acacia_sign":5,"minecraft:deepslate":851,"minecraft:oak_leaves":14,"minecraft:redstone_lamp":5,"minecraft:tuff":92,"minecraft:mossy_cobblestone":4,"minecraft:deepslate_diamond_ore":78,"minecraft:oak_door":4,"minecraft:lever":1,"minecraft:ladder":2,"minecraft:jungle_planks":51,"minecraft:redstone_wire":2,"minecraft:spruce_leaves":10,"minecraft:acacia_slab":62,"minecraft:hay_block":23,"minecraft:furnace":7,"minecraft:jungle_sapling":6,"minecraft:acacia_stairs":4,"minecraft:andesite":31,"minecraft:gold_block":1,"minecraft:deepslate_iron_ore":22,"minecraft:cobblestone_slab":27,"minecraft:vine":165,"minecraft:rail":16,"minecraft:lantern":7,"minecraft:stripped_jungle_log":4,"minecraft:stone":297,"minecraft:acacia_leaves":22,"minecraft:glass_pane":1,"minecraft:stone_brick_slab":2,"minecraft:dandelion":3,"minecraft:jungle_sign":2,"minecraft:oak_fence":1,"minecraft:crafting_table":11,"minecraft:cornflower":3,"minecraft:short_grass":291,"minecraft:emerald_ore":4,"minecraft:lectern":45,"minecraft:campfire":1,"minecraft:copper_ore":1,"minecraft:tall_grass":9,"minecraft:deepslate_coal_ore":1,"minecraft:deepslate_gold_ore":19,"minecraft:diorite":5,"minecraft:acacia_fence_gate":6,"minecraft:spruce_log":49,"minecraft:birch_leaves":5,"minecraft:jungle_fence":37,"minecraft:yellow_bed":1,"minecraft:coal_ore":270,"minecraft:gravel":5,"minecraft:cobweb":5,"minecraft:acacia_planks":53,"minecraft:acacia_wall_sign":1,"minecraft:fern":4,"minecraft:jungle_wall_sign":4},"minecraft:custom":{"minecraft:animals_bred":203,"minecraft:interact_with_crafting_table":209,"minecraft:bell_ring":3,"minecraft:leave_game":4,"minecraft:time_since_death":650841,"minecraft:sprint_one_cm":2728242,"minecraft:damage_blocked_by_shield":9800,"minecraft:drop":226,"minecraft:talked_to_villager":211,"minecraft:play_time":797326,"minecraft:deaths":2,"minecraft:jump":8198,"minecraft:walk_on_water_one_cm":70387,"minecraft:enchant_item":10,"minecraft:interact_with_furnace":192,"minecraft:traded_with_villager":260,"minecraft:sleep_in_bed":24,"minecraft:damage_dealt":29738,"minecraft:player_kills":1,"minecraft:crouch_one_cm":101143,"minecraft:interact_with_smoker":61,"minecraft:interact_with_anvil":10,"minecraft:mob_kills":296,"minecraft:interact_with_campfire":47,"minecraft:climb_one_cm":35376,"minecraft:walk_one_cm":2695054,"minecraft:sneak_time":33820,"minecraft:walk_under_water_one_cm":31834,"minecraft:boat_one_cm":383863,"minecraft:total_world_time":797326,"minecraft:interact_with_stonecutter":1,"minecraft:interact_with_grindstone":1,"minecraft:time_since_rest":122896,"minecraft:damage_taken":12601,"minecraft:damage_absorbed":40,"minecraft:swim_one_cm":91308,"minecraft:fly_one_cm":1286831,"minecraft:open_chest":437,"minecraft:fall_one_cm":209992},"minecraft:dropped":{"minecraft:iron_sword":1,"minecraft:lapis_lazuli":16,"minecraft:cooked_beef":28,"minecraft:glow_ink_sac":2,"minecraft:diamond":20,"minecraft:crafting_table":1,"minecraft:cooked_porkchop":6,"minecraft:glow_berries":8,"minecraft:leather":2,"minecraft:jungle_planks":60,"minecraft:emerald":11,"minecraft:dirt":83,"minecraft:mutton":1,"minecraft:gold_nugget":6,"minecraft:jungle_sign":3,"minecraft:bone_meal":63,"minecraft:phantom_membrane":3,"minecraft:iron_pickaxe":2,"minecraft:fishing_rod":1,"minecraft:bone":12,"minecraft:gravel":10,"minecraft:stone_axe":1,"minecraft:cobbled_deepslate":95,"minecraft:cooked_chicken":12,"minecraft:rotten_flesh":22,"minecraft:oak_planks":33,"minecraft:cooked_mutton":4,"minecraft:poppy":1,"minecraft:jungle_log":30,"minecraft:acacia_sapling":3,"minecraft:beef":6,"minecraft:lectern":1,"minecraft:egg":5,"minecraft:enchanted_book":1,"minecraft:water_bucket":1,"minecraft:iron_ingot":5,"minecraft:bread":22,"minecraft:wheat_seeds":8,"minecraft:oak_fence":1,"minecraft:cobblestone":112,"minecraft:iron_helmet":3,"minecraft:feather":12,"minecraft:book":1,"minecraft:granite":2,"minecraft:acacia_log":61,"minecraft:coal":47,"minecraft:stick":9,"minecraft:pufferfish":2,"minecraft:diorite":4,"minecraft:torch":52,"minecraft:wooden_axe":1,"minecraft:melon_slice":13,"minecraft:cooked_salmon":8,"minecraft:iron_leggings":2,"minecraft:iron_axe":2,"minecraft:string":3,"minecraft:lily_pad":2,"minecraft:bucket":1,"minecraft:spruce_sapling":47,"minecraft:redstone":6,"minecraft:jungle_pressure_plate":6,"minecraft:furnace":1,"minecraft:anvil":1,"minecraft:kelp":1,"minecraft:stone_sword":1,"minecraft:tuff":1,"minecraft:chicken":7,"minecraft:light_gray_wool":2,"minecraft:iron_boots":4,"minecraft:shears":3,"minecraft:shield":2,"minecraft:spruce_planks":1,"minecraft:diamond_pickaxe":1,"minecraft:iron_chestplate":2,"minecraft:andesite":6,"minecraft:oak_sapling":2,"minecraft:spider_eye":1,"minecraft:bamboo":6,"minecraft:spruce_log":48,"minecraft:stone_pickaxe":2,"minecraft:wooden_pickaxe":2,"minecraft:raw_gold":5},"minecraft:picked_up":{"minecraft:wooden_axe":1,"minecraft:iron_chestplate":3,"minecraft:wheat":507,"minecraft:anvil":2,"minecraft:oak_stairs":2,"minecraft:enchanted_book":2,"minecraft:string":32,"minecraft:cooked_salmon":8,"minecraft:iron_leggings":3,"minecraft:pufferfish":2,"minecraft:gold_nugget":12,"minecraft:cobbled_deepslate":392,"minecraft:spruce_planks":10,"minecraft:acacia_sign":6,"minecraft:acacia_fence_gate":5,"minecraft:cobblestone_slab":34,"minecraft:iron_pickaxe":4,"minecraft:melon_slice":73,"minecraft:furnace":8,"minecraft:iron_boots":4,"minecraft:stick":163,"minecraft:acacia_fence":21,"minecraft:oak_fence":1,"minecraft:torch":149,"minecraft:acacia_log":263,"minecraft:porkchop":64,"minecraft:diorite":4,"minecraft:golden_chestplate":1,"minecraft:orange_bed":30,"minecraft:stone_sword":3,"minecraft:rotten_flesh":52,"minecraft:armadillo_scute":2,"minecraft:glowstone":13,"minecraft:iron_bars":22,"minecraft:snowball":8,"minecraft:cobblestone":362,"minecraft:jungle_pressure_plate":6,"minecraft:feather":112,"minecraft:cooked_beef":18,"minecraft:water_bucket":3,"minecraft:andesite":30,"minecraft:jungle_log":1275,"minecraft:brown_wool":2,"minecraft:acacia_leaves":1,"minecraft:smoker":4,"minecraft:flint":2,"minecraft:tuff":1,"minecraft:lantern":7,"minecraft:lapis_lazuli":204,"minecraft:dirt":741,"minecraft:bone":42,"minecraft:glass":8,"minecraft:acacia_planks":160,"minecraft:bow":2,"minecraft:wheat_seeds":1470,"minecraft:raw_gold":9,"minecraft:bamboo":6,"minecraft:stone_hoe":2,"minecraft:oak_planks":175,"minecraft:cooked_porkchop":7,"minecraft:sand":64,"minecraft:jungle_planks":176,"minecraft:acacia_stairs":4,"minecraft:jungle_slab":188,"minecraft:diamond":158,"minecraft:lever":1,"minecraft:granite":2,"minecraft:bone_meal":29,"minecraft:emerald":6,"minecraft:golden_horse_armor":1,"minecraft:bread":20,"minecraft:oak_sapling":14,"minecraft:diamond_pickaxe":1,"minecraft:charcoal":2,"minecraft:fishing_rod":1,"minecraft:cocoa_beans":3,"minecraft:crafting_table":13,"minecraft:chicken":126,"minecraft:ladder":1,"minecraft:redstone_lamp":5,"minecraft:wooden_pickaxe":1,"minecraft:gold_block":1,"minecraft:chain":10,"minecraft:shield":3,"minecraft:cornflower":1,"minecraft:jungle_trapdoor":6,"minecraft:red_bed":1,"minecraft:iron_axe":3,"minecraft:acacia_door":2,"minecraft:item_frame":3,"minecraft:beef":186,"minecraft:jungle_sapling":49,"minecraft:poppy":5,"minecraft:light_gray_wool":4,"minecraft:lectern":47,"minecraft:sugar_cane":154,"minecraft:chest":13,"minecraft:birch_sapling":8,"minecraft:phantom_membrane":7,"minecraft:egg":226,"minecraft:raw_iron":363,"minecraft:oak_door":4,"minecraft:fire_charge":1,"minecraft:redstone":75,"minecraft:iron_horse_armor":1,"minecraft:jungle_sign":6,"minecraft:cooked_cod":8,"minecraft:arrow":41,"minecraft:jungle_stairs":24,"minecraft:hay_block":23,"minecraft:saddle":1,"minecraft:gold_ingot":1,"minecraft:mutton":21,"minecraft:rail":16,"minecraft:white_wool":13,"minecraft:glow_ink_sac":2,"minecraft:salmon":6,"minecraft:leather":48,"minecraft:jungle_fence":21,"minecraft:oak_log":83,"minecraft:lily_pad":2,"minecraft:yellow_bed":1,"minecraft:gunpowder":10,"minecraft:apple":2,"minecraft:kelp":1,"minecraft:iron_ingot":55,"minecraft:stone_pickaxe":1,"minecraft:cooked_chicken":5,"minecraft:iron_sword":1,"minecraft:acacia_sapling":29,"minecraft:stone_brick_slab":4,"minecraft:dandelion":3,"minecraft:gravel":31,"minecraft:spruce_sapling":13,"minecraft:spruce_log":49,"minecraft:spider_eye":7,"minecraft:stripped_jungle_log":4,"minecraft:stone_axe":2,"minecraft:iron_helmet":3,"minecraft:acacia_slab":66,"minecraft:melon_seeds":2,"minecraft:coal":476,"minecraft:ender_pearl":1},"minecraft:killed":{"minecraft:cave_spider":7,"minecraft:spider":9,"minecraft:skeleton":33,"minecraft:chicken":97,"minecraft:pig":12,"minecraft:salmon":5,"minecraft:creeper":7,"minecraft:sheep":15,"minecraft:pillager":1,"minecraft:zombie":43,"minecraft:cow":52,"minecraft:armadillo":1,"minecraft:phantom":11,"minecraft:drowned":1}},"DataVersion":3953}