{"stats":{"minecraft:custom":{"minecraft:mob_kills":150,"minecraft:animals_bred":158,"minecraft:interact_with_crafting_table":127,"minecraft:interact_with_campfire":10,"minecraft:leave_game":2,"minecraft:time_since_death":270127,"minecraft:climb_one_cm":8733,"minecraft:sprint_one_cm":1584872,"minecraft:damage_blocked_by_shield":4165,"minecraft:walk_one_cm":1526278,"minecraft:drop":139,"minecraft:talked_to_villager":12,"minecraft:play_time":416612,"minecraft:sneak_time":17151,"minecraft:deaths":2,"minecraft:walk_under_water_one_cm":16577,"minecraft:jump":4112,"minecraft:walk_on_water_one_cm":16763,"minecraft:total_world_time":416612,"minecraft:interact_with_furnace":127,"minecraft:interact_with_grindstone":1,"minecraft:sleep_in_bed":17,"minecraft:time_since_rest":91329,"minecraft:damage_taken":5350,"minecraft:damage_dealt":14617,"minecraft:swim_one_cm":35413,"minecraft:fly_one_cm":652746,"minecraft:open_chest":206,"minecraft:crouch_one_cm":48004,"minecraft:interact_with_smoker":53,"minecraft:fall_one_cm":109712},"minecraft:killed_by":{"minecraft:zombie":1},"minecraft:broken":{"minecraft:iron_shovel":2,"minecraft:stone_pickaxe":1,"minecraft:iron_axe":6,"minecraft:iron_pickaxe":1},"minecraft:used":{"minecraft:stone_sword":66,"minecraft:iron_shovel":515,"minecraft:acacia_log":50,"minecraft:chest":40,"minecraft:shield":45,"minecraft:cooked_salmon":5,"minecraft:orange_bed":30,"minecraft:oak_door":1,"minecraft:cooked_chicken":10,"minecraft:stone_hoe":118,"minecraft:torch":156,"minecraft:iron_chestplate":1,"minecraft:dirt":702,"minecraft:white_carpet":3,"minecraft:jungle_planks":148,"minecraft:jungle_slab":203,"minecraft:acacia_sapling":26,"minecraft:jungle_trapdoor":6,"minecraft:jungle_sapling":7,"minecraft:lantern":17,"minecraft:iron_axe":1291,"minecraft:acacia_slab":140,"minecraft:jungle_log":24,"minecraft:iron_helmet":1,"minecraft:iron_boots":1,"minecraft:melon_seeds":1,"minecraft:item_frame":13,"minecraft:oak_sapling":5,"minecraft:furnace":8,"minecraft:acacia_fence":115,"minecraft:egg":116,"minecraft:cooked_beef":21,"minecraft:acacia_planks":119,"minecraft:iron_leggings":1,"minecraft:wheat_seeds":275,"minecraft:cooked_mutton":5,"minecraft:water_bucket":14,"minecraft:jungle_fence":16,"minecraft:oak_planks":298,"minecraft:stone_pickaxe":201,"minecraft:wooden_pickaxe":14,"minecraft:oak_leaves":5,"minecraft:salmon":1,"minecraft:crafting_table":16,"minecraft:acacia_leaves":10,"minecraft:campfire":3,"minecraft:cake":1,"minecraft:smoker":3,"minecraft:oak_log":2,"minecraft:acacia_stairs":4,"minecraft:acacia_sign":12,"minecraft:stripped_jungle_log":1,"minecraft:melon_slice":5,"minecraft:bread":16,"minecraft:iron_pickaxe":259,"minecraft:jungle_stairs":21,"minecraft:gravel":6,"minecraft:stone_axe":36,"minecraft:acacia_fence_gate":11,"minecraft:jungle_sign":24,"minecraft:cobblestone":82,"minecraft:cooked_porkchop":18,"minecraft:chain":2,"minecraft:andesite":13,"minecraft:glass_pane":54,"minecraft:bucket":15,"minecraft:bone_meal":41},"minecraft:killed":{"minecraft:armadillo":1,"minecraft:spider":2,"minecraft:skeleton":10,"minecraft:chicken":60,"minecraft:drowned":1,"minecraft:pig":12,"minecraft:salmon":5,"minecraft:creeper":3,"minecraft:sheep":10,"minecraft:zombie":12,"minecraft:cow":34},"minecraft:mined":{"minecraft:oak_door":4,"minecraft:jungle_slab":37,"minecraft:jungle_leaves":12,"minecraft:acacia_log":149,"minecraft:grass_block":456,"minecraft:jungle_planks":48,"minecraft:jungle_log":351,"minecraft:acacia_slab":61,"minecraft:hay_block":23,"minecraft:furnace":7,"minecraft:jungle_sapling":2,"minecraft:iron_ore":114,"minecraft:acacia_stairs":4,"minecraft:andesite":27,"minecraft:gold_block":1,"minecraft:vine":53,"minecraft:lantern":7,"minecraft:stripped_jungle_log":4,"minecraft:stone":128,"minecraft:orange_bed":31,"minecraft:jungle_trapdoor":6,"minecraft:acacia_leaves":22,"minecraft:melon_stem":1,"minecraft:smoker":3,"minecraft:jungle_sign":1,"minecraft:crafting_table":11,"minecraft:torch":7,"minecraft:jungle_stairs":12,"minecraft:short_grass":288,"minecraft:emerald_ore":4,"minecraft:melon":6,"minecraft:chest":10,"minecraft:campfire":1,"minecraft:tall_grass":9,"minecraft:cobblestone":5,"minecraft:sugar_cane":4,"minecraft:oak_planks":103,"minecraft:wall_torch":7,"minecraft:acacia_sapling":4,"minecraft:acacia_fence_gate":6,"minecraft:wheat":259,"minecraft:birch_leaves":5,"minecraft:coal_ore":164,"minecraft:oak_log":79,"minecraft:acacia_fence":22,"minecraft:gravel":5,"minecraft:dirt":79,"minecraft:cobweb":5,"minecraft:acacia_sign":5,"minecraft:acacia_planks":44,"minecraft:jungle_wall_sign":2,"minecraft:oak_leaves":12,"minecraft:acacia_wall_sign":1,"minecraft:fern":4},"minecraft:dropped":{"minecraft:water_bucket":1,"minecraft:iron_ingot":4,"minecraft:bread":22,"minecraft:iron_sword":1,"minecraft:wheat_seeds":5,"minecraft:cooked_beef":2,"minecraft:crafting_table":1,"minecraft:cooked_porkchop":6,"minecraft:cobblestone":17,"minecraft:iron_helmet":1,"minecraft:feather":12,"minecraft:acacia_log":61,"minecraft:coal":29,"minecraft:pufferfish":2,"minecraft:stick":9,"minecraft:dirt":82,"minecraft:torch":22,"minecraft:wooden_axe":1,"minecraft:melon_slice":13,"minecraft:cooked_salmon":8,"minecraft:iron_leggings":1,"minecraft:gold_nugget":6,"minecraft:bone_meal":45,"minecraft:iron_axe":2,"minecraft:iron_pickaxe":2,"minecraft:string":2,"minecraft:fishing_rod":1,"minecraft:lily_pad":2,"minecraft:bucket":1,"minecraft:bone":7,"minecraft:gravel":10,"minecraft:furnace":1,"minecraft:stone_axe":1,"minecraft:kelp":1,"minecraft:cooked_chicken":12,"minecraft:stone_sword":1,"minecraft:chicken":7,"minecraft:rotten_flesh":14,"minecraft:oak_planks":33,"minecraft:iron_boots":2,"minecraft:cooked_mutton":4,"minecraft:shears":3,"minecraft:poppy":1,"minecraft:shield":2,"minecraft:iron_chestplate":1,"minecraft:andesite":5,"minecraft:jungle_log":30,"minecraft:oak_sapling":1,"minecraft:acacia_sapling":3,"minecraft:bamboo":6,"minecraft:stone_pickaxe":2,"minecraft:beef":6,"minecraft:wooden_pickaxe":2,"minecraft:raw_gold":5,"minecraft:egg":5},"minecraft:picked_up":{"minecraft:wooden_axe":1,"minecraft:fishing_rod":1,"minecraft:charcoal":2,"minecraft:iron_chestplate":3,"minecraft:crafting_table":13,"minecraft:wheat":258,"minecraft:chicken":89,"minecraft:wooden_pickaxe":1,"minecraft:gold_block":1,"minecraft:shield":3,"minecraft:jungle_trapdoor":6,"minecraft:string":16,"minecraft:cooked_salmon":8,"minecraft:iron_axe":3,"minecraft:acacia_door":2,"minecraft:iron_leggings":3,"minecraft:item_frame":1,"minecraft:pufferfish":2,"minecraft:gold_nugget":12,"minecraft:acacia_sign":6,"minecraft:beef":139,"minecraft:acacia_fence_gate":5,"minecraft:jungle_sapling":9,"minecraft:poppy":1,"minecraft:iron_pickaxe":4,"minecraft:melon_slice":46,"minecraft:sugar_cane":8,"minecraft:chest":13,"minecraft:iron_boots":3,"minecraft:furnace":8,"minecraft:egg":170,"minecraft:raw_iron":120,"minecraft:stick":59,"minecraft:acacia_fence":21,"minecraft:oak_door":4,"minecraft:torch":133,"minecraft:acacia_log":263,"minecraft:fire_charge":1,"minecraft:porkchop":64,"minecraft:iron_horse_armor":1,"minecraft:jungle_sign":3,"minecraft:orange_bed":30,"minecraft:stone_sword":3,"minecraft:arrow":16,"minecraft:rotten_flesh":24,"minecraft:jungle_stairs":12,"minecraft:hay_block":23,"minecraft:armadillo_scute":2,"minecraft:gold_ingot":1,"minecraft:saddle":1,"minecraft:mutton":20,"minecraft:white_wool":11,"minecraft:cobblestone":182,"minecraft:feather":76,"minecraft:cooked_beef":3,"minecraft:jungle_log":383,"minecraft:andesite":26,"minecraft:water_bucket":3,"minecraft:salmon":6,"minecraft:leather":33,"minecraft:brown_wool":1,"minecraft:acacia_leaves":1,"minecraft:smoker":4,"minecraft:flint":2,"minecraft:oak_log":79,"minecraft:lily_pad":2,"minecraft:gunpowder":9,"minecraft:lantern":7,"minecraft:dirt":680,"minecraft:glass":8,"minecraft:bone":27,"minecraft:acacia_planks":153,"minecraft:apple":1,"minecraft:kelp":1,"minecraft:wheat_seeds":753,"minecraft:raw_gold":9,"minecraft:iron_ingot":53,"minecraft:stone_pickaxe":1,"minecraft:cooked_chicken":5,"minecraft:bamboo":6,"minecraft:stone_hoe":2,"minecraft:iron_sword":1,"minecraft:oak_planks":130,"minecraft:acacia_sapling":29,"minecraft:cooked_porkchop":7,"minecraft:gravel":31,"minecraft:sand":64,"minecraft:jungle_planks":110,"minecraft:jungle_slab":38,"minecraft:acacia_stairs":4,"minecraft:spider_eye":2,"minecraft:stripped_jungle_log":4,"minecraft:stone_axe":2,"minecraft:iron_helmet":2,"minecraft:bone_meal":29,"minecraft:bread":20,"minecraft:golden_horse_armor":1,"minecraft:emerald":6,"minecraft:melon_seeds":2,"minecraft:oak_sapling":6,"minecraft:acacia_slab":65,"minecraft:coal":278,"minecraft:cocoa_beans":3},"minecraft:crafted":{"minecraft:oak_planks":292,"minecraft:iron_nugget":99,"minecraft:chain":2,"minecraft:cooked_chicken":52,"minecraft:furnace":2,"minecraft:acacia_fence_gate":7,"minecraft:jungle_trapdoor":2,"minecraft:bone_meal":57,"minecraft:white_carpet":3,"minecraft:cooked_mutton":9,"minecraft:glass_pane":64,"minecraft:cake":1,"minecraft:glass":56,"minecraft:lantern":10,"minecraft:iron_boots":2,"minecraft:iron_axe":7,"minecraft:stone_pickaxe":2,"minecraft:chest":27,"minecraft:acacia_fence":69,"minecraft:jungle_stairs":12,"minecraft:jungle_fence":18,"minecraft:stone_hoe":1,"minecraft:wheat":99,"minecraft:cooked_beef":64,"minecraft:sugar":3,"minecraft:item_frame":12,"minecraft:cooked_porkchop":31,"minecraft:crafting_table":5,"minecraft:acacia_slab":180,"minecraft:wooden_pickaxe":1,"minecraft:iron_helmet":2,"minecraft:cooked_salmon":5,"minecraft:bucket":4,"minecraft:acacia_stairs":4,"minecraft:campfire":3,"minecraft:stone_axe":1,"minecraft:jungle_slab":168,"minecraft:bread":37,"minecraft:air":0,"minecraft:jungle_planks":304,"minecraft:iron_chestplate":1,"minecraft:acacia_sign":6,"minecraft:shield":3,"minecraft:stick":180,"minecraft:iron_ingot":98,"minecraft:iron_pickaxe":2,"minecraft:stone_sword":1,"minecraft:iron_shovel":2,"minecraft:iron_leggings":1,"minecraft:gold_ingot":9,"minecraft:acacia_planks":512,"minecraft:torch":132,"minecraft:shears":3,"minecraft:jungle_sign":21}},"DataVersion":3953}