{"stats":{"minecraft:killed":{"minecraft:spider":5,"minecraft:skeleton":19,"minecraft:chicken":97,"minecraft:pig":12,"minecraft:salmon":5,"minecraft:creeper":6,"minecraft:sheep":15,"minecraft:pillager":1,"minecraft:zombie":31,"minecraft:cow":52,"minecraft:armadillo":1,"minecraft:phantom":11,"minecraft:drowned":1},"minecraft:picked_up":{"minecraft:wooden_axe":1,"minecraft:iron_chestplate":3,"minecraft:wheat":419,"minecraft:anvil":2,"minecraft:oak_stairs":2,"minecraft:enchanted_book":1,"minecraft:string":20,"minecraft:cooked_salmon":8,"minecraft:iron_leggings":3,"minecraft:pufferfish":2,"minecraft:gold_nugget":12,"minecraft:acacia_sign":6,"minecraft:acacia_fence_gate":5,"minecraft:cobblestone_slab":5,"minecraft:iron_pickaxe":4,"minecraft:melon_slice":46,"minecraft:furnace":8,"minecraft:iron_boots":3,"minecraft:stick":124,"minecraft:acacia_fence":21,"minecraft:torch":139,"minecraft:acacia_log":263,"minecraft:porkchop":64,"minecraft:golden_chestplate":1,"minecraft:orange_bed":30,"minecraft:stone_sword":3,"minecraft:rotten_flesh":47,"minecraft:armadillo_scute":2,"minecraft:iron_bars":2,"minecraft:cobblestone":198,"minecraft:jungle_pressure_plate":6,"minecraft:feather":112,"minecraft:cooked_beef":3,"minecraft:water_bucket":3,"minecraft:andesite":27,"minecraft:jungle_log":1275,"minecraft:brown_wool":2,"minecraft:acacia_leaves":1,"minecraft:smoker":4,"minecraft:flint":2,"minecraft:lantern":7,"minecraft:lapis_lazuli":33,"minecraft:dirt":701,"minecraft:bone":36,"minecraft:glass":8,"minecraft:acacia_planks":160,"minecraft:bow":2,"minecraft:wheat_seeds":1189,"minecraft:raw_gold":9,"minecraft:bamboo":6,"minecraft:stone_hoe":2,"minecraft:oak_planks":169,"minecraft:cooked_porkchop":7,"minecraft:jungle_planks":132,"minecraft:sand":64,"minecraft:acacia_stairs":4,"minecraft:jungle_slab":169,"minecraft:diamond":3,"minecraft:bone_meal":29,"minecraft:emerald":6,"minecraft:golden_horse_armor":1,"minecraft:bread":20,"minecraft:oak_sapling":13,"minecraft:diamond_pickaxe":1,"minecraft:charcoal":2,"minecraft:fishing_rod":1,"minecraft:cocoa_beans":3,"minecraft:crafting_table":13,"minecraft:chicken":126,"minecraft:ladder":1,"minecraft:wooden_pickaxe":1,"minecraft:gold_block":1,"minecraft:chain":1,"minecraft:shield":3,"minecraft:cornflower":1,"minecraft:jungle_trapdoor":6,"minecraft:iron_axe":3,"minecraft:acacia_door":2,"minecraft:item_frame":1,"minecraft:beef":186,"minecraft:jungle_sapling":49,"minecraft:light_gray_wool":4,"minecraft:poppy":5,"minecraft:lectern":47,"minecraft:sugar_cane":145,"minecraft:chest":13,"minecraft:birch_sapling":8,"minecraft:phantom_membrane":7,"minecraft:egg":226,"minecraft:raw_iron":131,"minecraft:oak_door":4,"minecraft:fire_charge":1,"minecraft:redstone":1,"minecraft:iron_horse_armor":1,"minecraft:jungle_sign":6,"minecraft:arrow":29,"minecraft:jungle_stairs":24,"minecraft:hay_block":23,"minecraft:saddle":1,"minecraft:gold_ingot":1,"minecraft:mutton":21,"minecraft:white_wool":13,"minecraft:salmon":6,"minecraft:leather":48,"minecraft:jungle_fence":21,"minecraft:oak_log":79,"minecraft:lily_pad":2,"minecraft:yellow_bed":1,"minecraft:gunpowder":10,"minecraft:apple":2,"minecraft:kelp":1,"minecraft:iron_ingot":55,"minecraft:stone_pickaxe":1,"minecraft:cooked_chicken":5,"minecraft:iron_sword":1,"minecraft:acacia_sapling":29,"minecraft:dandelion":3,"minecraft:gravel":31,"minecraft:spruce_sapling":2,"minecraft:spruce_log":49,"minecraft:spider_eye":3,"minecraft:stripped_jungle_log":4,"minecraft:stone_axe":2,"minecraft:iron_helmet":2,"minecraft:acacia_slab":65,"minecraft:melon_seeds":2,"minecraft:coal":283},"minecraft:broken":{"minecraft:iron_shovel":2,"minecraft:stone_pickaxe":1,"minecraft:shield":1,"minecraft:iron_axe":12,"minecraft:iron_pickaxe":1,"minecraft:iron_helmet":1},"minecraft:custom":{"minecraft:animals_bred":195,"minecraft:interact_with_crafting_table":182,"minecraft:bell_ring":3,"minecraft:leave_game":3,"minecraft:time_since_death":479722,"minecraft:sprint_one_cm":2260479,"minecraft:damage_blocked_by_shield":5605,"minecraft:drop":166,"minecraft:talked_to_villager":211,"minecraft:play_time":626207,"minecraft:deaths":2,"minecraft:jump":6370,"minecraft:walk_on_water_one_cm":29007,"minecraft:enchant_item":10,"minecraft:interact_with_furnace":166,"minecraft:traded_with_villager":260,"minecraft:sleep_in_bed":21,"minecraft:damage_dealt":23526,"minecraft:crouch_one_cm":87888,"minecraft:interact_with_smoker":54,"minecraft:mob_kills":256,"minecraft:interact_with_anvil":6,"minecraft:interact_with_campfire":10,"minecraft:climb_one_cm":34700,"minecraft:walk_one_cm":2114647,"minecraft:sneak_time":28787,"minecraft:walk_under_water_one_cm":19471,"minecraft:total_world_time":626207,"minecraft:interact_with_grindstone":1,"minecraft:time_since_rest":17944,"minecraft:damage_taken":8455,"minecraft:swim_one_cm":64202,"minecraft:fly_one_cm":1084907,"minecraft:open_chest":376,"minecraft:fall_one_cm":167830},"minecraft:used":{"minecraft:iron_shovel":515,"minecraft:chest":40,"minecraft:shield":83,"minecraft:iron_chestplate":1,"minecraft:jungle_planks":148,"minecraft:jungle_slab":607,"minecraft:acacia_sapling":26,"minecraft:jungle_sapling":46,"minecraft:lantern":17,"minecraft:birch_sapling":8,"minecraft:iron_helmet":1,"minecraft:item_frame":13,"minecraft:bow":106,"minecraft:hay_block":2,"minecraft:furnace":8,"minecraft:oak_sapling":11,"minecraft:acacia_fence":115,"minecraft:egg":172,"minecraft:oak_planks":309,"minecraft:stone_pickaxe":201,"minecraft:jungle_fence":93,"minecraft:wooden_pickaxe":14,"minecraft:jungle_pressure_plate":6,"minecraft:sugar_cane":1,"minecraft:oak_leaves":5,"minecraft:acacia_leaves":10,"minecraft:melon_slice":5,"minecraft:bread":16,"minecraft:lectern":45,"minecraft:gravel":6,"minecraft:jungle_sign":27,"minecraft:andesite":14,"minecraft:chain":5,"minecraft:bone_meal":61,"minecraft:iron_bars":2,"minecraft:stone_sword":66,"minecraft:acacia_log":50,"minecraft:redstone":1,"minecraft:cooked_salmon":5,"minecraft:cooked_chicken":10,"minecraft:stone_hoe":118,"minecraft:oak_door":1,"minecraft:orange_bed":30,"minecraft:torch":184,"minecraft:dirt":705,"minecraft:anvil":1,"minecraft:white_carpet":3,"minecraft:jungle_trapdoor":6,"minecraft:iron_axe":2835,"minecraft:oak_stairs":2,"minecraft:acacia_slab":140,"minecraft:jungle_log":31,"minecraft:iron_boots":1,"minecraft:melon_seeds":1,"minecraft:cooked_beef":67,"minecraft:acacia_planks":133,"minecraft:iron_leggings":1,"minecraft:wheat_seeds":438,"minecraft:cooked_mutton":5,"minecraft:water_bucket":25,"minecraft:cobblestone_slab":36,"minecraft:salmon":1,"minecraft:crafting_table":17,"minecraft:red_bed":2,"minecraft:campfire":5,"minecraft:cake":1,"minecraft:smoker":3,"minecraft:oak_log":2,"minecraft:diamond_pickaxe":24,"minecraft:acacia_stairs":4,"minecraft:acacia_sign":12,"minecraft:stripped_jungle_log":1,"minecraft:iron_pickaxe":307,"minecraft:jungle_stairs":33,"minecraft:spruce_sapling":4,"minecraft:stone_axe":36,"minecraft:acacia_fence_gate":11,"minecraft:cobblestone":86,"minecraft:cooked_porkchop":18,"minecraft:bucket":26,"minecraft:glass_pane":54,"minecraft:yellow_bed":2},"minecraft:dropped":{"minecraft:iron_sword":1,"minecraft:lapis_lazuli":16,"minecraft:cooked_beef":15,"minecraft:crafting_table":1,"minecraft:cooked_porkchop":6,"minecraft:leather":2,"minecraft:jungle_planks":2,"minecraft:emerald":11,"minecraft:dirt":82,"minecraft:mutton":1,"minecraft:jungle_sign":3,"minecraft:gold_nugget":6,"minecraft:bone_meal":45,"minecraft:phantom_membrane":3,"minecraft:iron_pickaxe":2,"minecraft:fishing_rod":1,"minecraft:bone":8,"minecraft:gravel":10,"minecraft:stone_axe":1,"minecraft:cooked_chicken":12,"minecraft:rotten_flesh":19,"minecraft:oak_planks":33,"minecraft:cooked_mutton":4,"minecraft:poppy":1,"minecraft:jungle_log":30,"minecraft:acacia_sapling":3,"minecraft:beef":6,"minecraft:lectern":1,"minecraft:egg":5,"minecraft:water_bucket":1,"minecraft:iron_ingot":5,"minecraft:bread":22,"minecraft:wheat_seeds":6,"minecraft:cobblestone":24,"minecraft:iron_helmet":1,"minecraft:feather":12,"minecraft:book":1,"minecraft:acacia_log":61,"minecraft:coal":29,"minecraft:stick":9,"minecraft:pufferfish":2,"minecraft:torch":22,"minecraft:wooden_axe":1,"minecraft:melon_slice":13,"minecraft:cooked_salmon":8,"minecraft:iron_leggings":1,"minecraft:iron_axe":2,"minecraft:string":2,"minecraft:lily_pad":2,"minecraft:bucket":1,"minecraft:spruce_sapling":32,"minecraft:jungle_pressure_plate":6,"minecraft:furnace":1,"minecraft:anvil":1,"minecraft:kelp":1,"minecraft:stone_sword":1,"minecraft:chicken":7,"minecraft:light_gray_wool":2,"minecraft:iron_boots":2,"minecraft:shears":3,"minecraft:shield":2,"minecraft:iron_chestplate":1,"minecraft:diamond_pickaxe":1,"minecraft:andesite":5,"minecraft:oak_sapling":1,"minecraft:bamboo":6,"minecraft:spruce_log":48,"minecraft:stone_pickaxe":2,"minecraft:wooden_pickaxe":2,"minecraft:raw_gold":5},"minecraft:crafted":{"minecraft:oak_planks":292,"minecraft:cobblestone_slab":36,"minecraft:cooked_chicken":52,"minecraft:chain":5,"minecraft:cooked_mutton":9,"minecraft:glass":56,"minecraft:cake":1,"minecraft:iron_boots":3,"minecraft:chest":27,"minecraft:acacia_fence":69,"minecraft:jungle_stairs":16,"minecraft:stone_hoe":1,"minecraft:item_frame":12,"minecraft:arrow":48,"minecraft:emerald":251,"minecraft:cooked_porkchop":31,"minecraft:crafting_table":6,"minecraft:acacia_slab":180,"minecraft:wooden_pickaxe":1,"minecraft:iron_helmet":3,"minecraft:jungle_pressure_plate":6,"minecraft:campfire":5,"minecraft:yellow_dye":1,"minecraft:iron_chestplate":2,"minecraft:book":14,"minecraft:paper":96,"minecraft:diamond_pickaxe":1,"minecraft:shield":4,"minecraft:stick":8503,"minecraft:iron_ingot":146,"minecraft:iron_pickaxe":2,"minecraft:stone_sword":1,"minecraft:gold_ingot":39,"minecraft:shears":3,"minecraft:jungle_sign":24,"minecraft:iron_nugget":99,"minecraft:furnace":2,"minecraft:acacia_fence_gate":7,"minecraft:jungle_trapdoor":2,"minecraft:yellow_bed":1,"minecraft:bone_meal":105,"minecraft:white_carpet":3,"minecraft:glass_pane":64,"minecraft:lantern":10,"minecraft:iron_axe":14,"minecraft:stone_pickaxe":2,"minecraft:jungle_fence":81,"minecraft:wheat":99,"minecraft:cooked_beef":115,"minecraft:sugar":3,"minecraft:red_dye":2,"minecraft:red_bed":2,"minecraft:cooked_salmon":5,"minecraft:acacia_stairs":4,"minecraft:bucket":4,"minecraft:stone_axe":1,"minecraft:enchanted_book":6,"minecraft:bread":37,"minecraft:jungle_slab":492,"minecraft:air":0,"minecraft:jungle_planks":4868,"minecraft:acacia_sign":6,"minecraft:iron_shovel":2,"minecraft:iron_leggings":2,"minecraft:white_bed":3,"minecraft:acacia_planks":512,"minecraft:torch":132},"minecraft:mined":{"minecraft:jungle_slab":130,"minecraft:jungle_leaves":96,"minecraft:acacia_log":149,"minecraft:grass_block":462,"minecraft:jungle_log":1260,"minecraft:iron_ore":121,"minecraft:anvil":2,"minecraft:iron_bars":2,"minecraft:oak_stairs":2,"minecraft:jungle_pressure_plate":6,"minecraft:orange_bed":31,"minecraft:jungle_trapdoor":6,"minecraft:melon_stem":1,"minecraft:smoker":3,"minecraft:torch":12,"minecraft:jungle_stairs":24,"minecraft:poppy":6,"minecraft:melon":6,"minecraft:chest":10,"minecraft:cobblestone":13,"minecraft:sugar_cane":131,"minecraft:oak_planks":142,"minecraft:wall_torch":8,"minecraft:chain":1,"minecraft:acacia_sapling":4,"minecraft:wheat":421,"minecraft:oak_log":79,"minecraft:acacia_fence":22,"minecraft:dirt":83,"minecraft:acacia_sign":5,"minecraft:oak_leaves":12,"minecraft:mossy_cobblestone":4,"minecraft:oak_door":4,"minecraft:ladder":2,"minecraft:jungle_planks":48,"minecraft:redstone_wire":1,"minecraft:spruce_leaves":10,"minecraft:acacia_slab":61,"minecraft:hay_block":23,"minecraft:furnace":7,"minecraft:jungle_sapling":6,"minecraft:acacia_stairs":4,"minecraft:andesite":28,"minecraft:gold_block":1,"minecraft:cobblestone_slab":5,"minecraft:vine":164,"minecraft:lantern":7,"minecraft:stripped_jungle_log":4,"minecraft:stone":152,"minecraft:acacia_leaves":22,"minecraft:glass_pane":1,"minecraft:dandelion":3,"minecraft:jungle_sign":2,"minecraft:crafting_table":11,"minecraft:cornflower":3,"minecraft:short_grass":290,"minecraft:emerald_ore":4,"minecraft:lectern":45,"minecraft:campfire":1,"minecraft:tall_grass":9,"minecraft:acacia_fence_gate":6,"minecraft:spruce_log":49,"minecraft:birch_leaves":5,"minecraft:jungle_fence":37,"minecraft:yellow_bed":1,"minecraft:coal_ore":166,"minecraft:gravel":5,"minecraft:cobweb":5,"minecraft:acacia_planks":53,"minecraft:acacia_wall_sign":1,"minecraft:fern":4,"minecraft:jungle_wall_sign":4},"minecraft:killed_by":{"minecraft:zombie":1}},"DataVersion":3953}