{"stats":{"minecraft:custom":{"minecraft:mob_kills":94,"minecraft:animals_bred":89,"minecraft:interact_with_crafting_table":89,"minecraft:interact_with_campfire":10,"minecraft:leave_game":2,"minecraft:time_since_death":168127,"minecraft:climb_one_cm":6135,"minecraft:sprint_one_cm":1211138,"minecraft:damage_blocked_by_shield":4165,"minecraft:walk_one_cm":1147209,"minecraft:drop":139,"minecraft:talked_to_villager":5,"minecraft:play_time":314612,"minecraft:sneak_time":13334,"minecraft:deaths":2,"minecraft:walk_under_water_one_cm":16577,"minecraft:jump":3224,"minecraft:walk_on_water_one_cm":16469,"minecraft:total_world_time":314612,"minecraft:interact_with_furnace":119,"minecraft:interact_with_grindstone":1,"minecraft:sleep_in_bed":15,"minecraft:time_since_rest":34352,"minecraft:damage_taken":4662,"minecraft:damage_dealt":10630,"minecraft:swim_one_cm":35413,"minecraft:fly_one_cm":479869,"minecraft:open_chest":120,"minecraft:crouch_one_cm":37848,"minecraft:interact_with_smoker":49,"minecraft:fall_one_cm":83538},"minecraft:killed_by":{"minecraft:zombie":1},"minecraft:broken":{"minecraft:iron_shovel":2,"minecraft:stone_pickaxe":1,"minecraft:iron_axe":3,"minecraft:iron_pickaxe":1},"minecraft:used":{"minecraft:stone_sword":66,"minecraft:iron_shovel":515,"minecraft:acacia_log":50,"minecraft:chest":40,"minecraft:shield":45,"minecraft:cooked_salmon":5,"minecraft:orange_bed":16,"minecraft:oak_door":1,"minecraft:cooked_chicken":10,"minecraft:stone_hoe":118,"minecraft:torch":148,"minecraft:iron_chestplate":1,"minecraft:dirt":702,"minecraft:jungle_planks":97,"minecraft:acacia_sapling":22,"minecraft:jungle_sapling":6,"minecraft:iron_axe":734,"minecraft:jungle_log":5,"minecraft:iron_helmet":1,"minecraft:iron_boots":1,"minecraft:item_frame":13,"minecraft:oak_sapling":2,"minecraft:furnace":8,"minecraft:acacia_fence":77,"minecraft:egg":81,"minecraft:cooked_beef":6,"minecraft:acacia_planks":119,"minecraft:iron_leggings":1,"minecraft:wheat_seeds":165,"minecraft:cooked_mutton":5,"minecraft:water_bucket":14,"minecraft:oak_planks":292,"minecraft:stone_pickaxe":201,"minecraft:wooden_pickaxe":14,"minecraft:salmon":1,"minecraft:crafting_table":15,"minecraft:campfire":3,"minecraft:smoker":3,"minecraft:oak_log":2,"minecraft:acacia_stairs":4,"minecraft:acacia_sign":12,"minecraft:melon_slice":5,"minecraft:bread":16,"minecraft:iron_pickaxe":248,"minecraft:gravel":6,"minecraft:stone_axe":36,"minecraft:acacia_fence_gate":11,"minecraft:cobblestone":82,"minecraft:cooked_porkchop":18,"minecraft:andesite":13,"minecraft:glass_pane":54,"minecraft:bucket":14,"minecraft:bone_meal":41},"minecraft:killed":{"minecraft:armadillo":1,"minecraft:spider":2,"minecraft:skeleton":10,"minecraft:chicken":31,"minecraft:drowned":1,"minecraft:pig":12,"minecraft:salmon":5,"minecraft:creeper":2,"minecraft:sheep":10,"minecraft:zombie":11,"minecraft:cow":9},"minecraft:mined":{"minecraft:oak_door":4,"minecraft:jungle_leaves":4,"minecraft:acacia_log":118,"minecraft:grass_block":455,"minecraft:jungle_planks":5,"minecraft:jungle_log":134,"minecraft:hay_block":23,"minecraft:furnace":7,"minecraft:jungle_sapling":2,"minecraft:iron_ore":114,"minecraft:acacia_stairs":4,"minecraft:andesite":27,"minecraft:gold_block":1,"minecraft:vine":29,"minecraft:stone":128,"minecraft:orange_bed":17,"minecraft:acacia_leaves":16,"minecraft:smoker":3,"minecraft:crafting_table":11,"minecraft:torch":6,"minecraft:short_grass":287,"minecraft:emerald_ore":4,"minecraft:melon":3,"minecraft:chest":10,"minecraft:campfire":1,"minecraft:tall_grass":9,"minecraft:cobblestone":5,"minecraft:oak_planks":97,"minecraft:wall_torch":5,"minecraft:acacia_sapling":2,"minecraft:acacia_fence_gate":6,"minecraft:wheat":149,"minecraft:birch_leaves":5,"minecraft:coal_ore":164,"minecraft:oak_log":75,"minecraft:acacia_fence":15,"minecraft:gravel":5,"minecraft:dirt":79,"minecraft:cobweb":5,"minecraft:acacia_sign":5,"minecraft:acacia_planks":43,"minecraft:oak_leaves":9,"minecraft:acacia_wall_sign":1,"minecraft:fern":4},"minecraft:dropped":{"minecraft:water_bucket":1,"minecraft:iron_ingot":4,"minecraft:bread":22,"minecraft:iron_sword":1,"minecraft:wheat_seeds":5,"minecraft:cooked_beef":2,"minecraft:crafting_table":1,"minecraft:cooked_porkchop":6,"minecraft:cobblestone":17,"minecraft:iron_helmet":1,"minecraft:feather":12,"minecraft:acacia_log":61,"minecraft:coal":29,"minecraft:pufferfish":2,"minecraft:stick":9,"minecraft:dirt":82,"minecraft:torch":22,"minecraft:wooden_axe":1,"minecraft:melon_slice":13,"minecraft:cooked_salmon":8,"minecraft:iron_leggings":1,"minecraft:gold_nugget":6,"minecraft:bone_meal":45,"minecraft:iron_axe":2,"minecraft:iron_pickaxe":2,"minecraft:string":2,"minecraft:fishing_rod":1,"minecraft:lily_pad":2,"minecraft:bucket":1,"minecraft:bone":7,"minecraft:gravel":10,"minecraft:furnace":1,"minecraft:stone_axe":1,"minecraft:kelp":1,"minecraft:cooked_chicken":12,"minecraft:stone_sword":1,"minecraft:chicken":7,"minecraft:rotten_flesh":14,"minecraft:oak_planks":33,"minecraft:iron_boots":2,"minecraft:cooked_mutton":4,"minecraft:shears":3,"minecraft:poppy":1,"minecraft:shield":2,"minecraft:iron_chestplate":1,"minecraft:andesite":5,"minecraft:jungle_log":30,"minecraft:oak_sapling":1,"minecraft:acacia_sapling":3,"minecraft:bamboo":6,"minecraft:stone_pickaxe":2,"minecraft:beef":6,"minecraft:wooden_pickaxe":2,"minecraft:raw_gold":5,"minecraft:egg":5},"minecraft:picked_up":{"minecraft:wooden_axe":1,"minecraft:fishing_rod":1,"minecraft:charcoal":2,"minecraft:iron_chestplate":3,"minecraft:crafting_table":13,"minecraft:wheat":148,"minecraft:chicken":60,"minecraft:wooden_pickaxe":1,"minecraft:gold_block":1,"minecraft:shield":3,"minecraft:string":16,"minecraft:cooked_salmon":8,"minecraft:iron_axe":3,"minecraft:acacia_door":2,"minecraft:iron_leggings":3,"minecraft:item_frame":1,"minecraft:pufferfish":2,"minecraft:gold_nugget":12,"minecraft:acacia_sign":6,"minecraft:beef":88,"minecraft:acacia_fence_gate":5,"minecraft:jungle_sapling":6,"minecraft:poppy":1,"minecraft:iron_pickaxe":4,"minecraft:melon_slice":30,"minecraft:chest":13,"minecraft:iron_boots":3,"minecraft:furnace":8,"minecraft:egg":111,"minecraft:raw_iron":120,"minecraft:stick":50,"minecraft:acacia_fence":15,"minecraft:oak_door":4,"minecraft:torch":130,"minecraft:acacia_log":232,"minecraft:fire_charge":1,"minecraft:porkchop":64,"minecraft:iron_horse_armor":1,"minecraft:orange_bed":16,"minecraft:stone_sword":3,"minecraft:arrow":16,"minecraft:rotten_flesh":23,"minecraft:hay_block":23,"minecraft:armadillo_scute":1,"minecraft:gold_ingot":1,"minecraft:saddle":1,"minecraft:mutton":20,"minecraft:white_wool":11,"minecraft:cobblestone":182,"minecraft:feather":45,"minecraft:cooked_beef":3,"minecraft:jungle_log":168,"minecraft:andesite":26,"minecraft:water_bucket":3,"minecraft:salmon":6,"minecraft:leather":12,"minecraft:brown_wool":1,"minecraft:acacia_leaves":1,"minecraft:smoker":4,"minecraft:flint":2,"minecraft:oak_log":75,"minecraft:lily_pad":2,"minecraft:gunpowder":7,"minecraft:dirt":679,"minecraft:glass":8,"minecraft:bone":27,"minecraft:acacia_planks":152,"minecraft:apple":1,"minecraft:kelp":1,"minecraft:wheat_seeds":447,"minecraft:raw_gold":9,"minecraft:iron_ingot":53,"minecraft:stone_pickaxe":1,"minecraft:cooked_chicken":5,"minecraft:bamboo":6,"minecraft:stone_hoe":2,"minecraft:iron_sword":1,"minecraft:oak_planks":124,"minecraft:acacia_sapling":25,"minecraft:cooked_porkchop":7,"minecraft:gravel":31,"minecraft:sand":64,"minecraft:jungle_planks":69,"minecraft:acacia_stairs":4,"minecraft:spider_eye":2,"minecraft:stone_axe":2,"minecraft:iron_helmet":2,"minecraft:bone_meal":29,"minecraft:bread":20,"minecraft:golden_horse_armor":1,"minecraft:emerald":6,"minecraft:oak_sapling":4,"minecraft:coal":278,"minecraft:cocoa_beans":3},"minecraft:crafted":{"minecraft:oak_planks":292,"minecraft:cooked_chicken":52,"minecraft:furnace":2,"minecraft:acacia_fence_gate":7,"minecraft:bone_meal":57,"minecraft:cooked_mutton":9,"minecraft:glass_pane":64,"minecraft:glass":56,"minecraft:iron_boots":2,"minecraft:iron_axe":4,"minecraft:stone_pickaxe":2,"minecraft:chest":27,"minecraft:acacia_fence":69,"minecraft:stone_hoe":1,"minecraft:wheat":99,"minecraft:cooked_beef":64,"minecraft:item_frame":12,"minecraft:cooked_porkchop":31,"minecraft:crafting_table":4,"minecraft:wooden_pickaxe":1,"minecraft:iron_helmet":2,"minecraft:cooked_salmon":5,"minecraft:bucket":1,"minecraft:acacia_stairs":4,"minecraft:campfire":3,"minecraft:stone_axe":1,"minecraft:bread":37,"minecraft:air":0,"minecraft:jungle_planks":32,"minecraft:iron_chestplate":1,"minecraft:acacia_sign":6,"minecraft:shield":3,"minecraft:stick":168,"minecraft:iron_ingot":98,"minecraft:iron_pickaxe":2,"minecraft:stone_sword":1,"minecraft:iron_shovel":2,"minecraft:iron_leggings":1,"minecraft:gold_ingot":9,"minecraft:acacia_planks":388,"minecraft:torch":132,"minecraft:shears":3}},"DataVersion":3953}