{"stats":{"minecraft:dropped":{"minecraft:furnace":1,"minecraft:stone_axe":1,"minecraft:kelp":1,"minecraft:stone_sword":1,"minecraft:crafting_table":1,"minecraft:cobblestone":4,"minecraft:rotten_flesh":3,"minecraft:coal":14,"minecraft:stick":5,"minecraft:dirt":24,"minecraft:wooden_axe":1,"minecraft:jungle_log":30,"minecraft:melon_slice":13,"minecraft:cooked_salmon":1,"minecraft:oak_sapling":1,"minecraft:bamboo":6,"minecraft:bone_meal":1,"minecraft:stone_pickaxe":1,"minecraft:wooden_pickaxe":2},"minecraft:used":{"minecraft:stone_sword":35,"minecraft:stone_pickaxe":89,"minecraft:wooden_pickaxe":14,"minecraft:cooked_salmon":5,"minecraft:stone_hoe":21,"minecraft:orange_bed":1,"minecraft:salmon":1,"minecraft:crafting_table":4,"minecraft:oak_log":2,"minecraft:jungle_sapling":1,"minecraft:bread":1,"minecraft:melon_slice":5,"minecraft:stone_axe":31,"minecraft:cobblestone":27,"minecraft:furnace":1},"minecraft:crafted":{"minecraft:oak_planks":48,"minecraft:crafting_table":1,"minecraft:wooden_pickaxe":1,"minecraft:furnace":1,"minecraft:cooked_salmon":5,"minecraft:stone_axe":1,"minecraft:air":0,"minecraft:jungle_planks":32,"minecraft:stick":12,"minecraft:stone_pickaxe":1,"minecraft:stone_sword":1,"minecraft:stone_hoe":1},"minecraft:picked_up":{"minecraft:wooden_axe":1,"minecraft:crafting_table":4,"minecraft:salmon":6,"minecraft:jungle_log":38,"minecraft:leather":2,"minecraft:wooden_pickaxe":1,"minecraft:smoker":1,"minecraft:oak_log":16,"minecraft:string":5,"minecraft:dirt":24,"minecraft:cooked_salmon":1,"minecraft:kelp":1,"minecraft:beef":7,"minecraft:stone_pickaxe":1,"minecraft:jungle_sapling":1,"minecraft:bamboo":6,"minecraft:melon_slice":24,"minecraft:oak_planks":30,"minecraft:furnace":2,"minecraft:stick":4,"minecraft:raw_iron":4,"minecraft:porkchop":13,"minecraft:orange_bed":2,"minecraft:stone_sword":1,"minecraft:rotten_flesh":3,"minecraft:stone_axe":1,"minecraft:hay_block":23,"minecraft:bone_meal":1,"minecraft:oak_sapling":1,"minecraft:coal":52,"minecraft:cobblestone":72},"minecraft:mined":{"minecraft:smoker":1,"minecraft:jungle_leaves":4,"minecraft:crafting_table":4,"minecraft:short_grass":7,"minecraft:melon":3,"minecraft:jungle_log":1,"minecraft:cobblestone":2,"minecraft:hay_block":23,"minecraft:furnace":2,"minecraft:acacia_fence_gate":1,"minecraft:iron_ore":6,"minecraft:oak_log":16,"minecraft:coal_ore":32,"minecraft:cobweb":5,"minecraft:stone":56,"minecraft:fern":1,"minecraft:orange_bed":2},"minecraft:custom":{"minecraft:interact_with_furnace":18,"minecraft:mob_kills":15,"minecraft:interact_with_crafting_table":6,"minecraft:interact_with_grindstone":1,"minecraft:time_since_death":28451,"minecraft:sleep_in_bed":1,"minecraft:climb_one_cm":2079,"minecraft:time_since_rest":1566,"minecraft:sprint_one_cm":85335,"minecraft:damage_taken":386,"minecraft:walk_one_cm":74128,"minecraft:drop":27,"minecraft:damage_dealt":1418,"minecraft:swim_one_cm":26629,"minecraft:fly_one_cm":40103,"minecraft:open_chest":3,"minecraft:crouch_one_cm":3213,"minecraft:play_time":28451,"minecraft:sneak_time":1194,"minecraft:walk_under_water_one_cm":12109,"minecraft:jump":338,"minecraft:walk_on_water_one_cm":12672,"minecraft:total_world_time":28451,"minecraft:fall_one_cm":6603},"minecraft:killed":{"minecraft:pig":6,"minecraft:salmon":5,"minecraft:drowned":1,"minecraft:cow":3}},"DataVersion":3953}