{"stats":{"minecraft:dropped":{"minecraft:gravel":3,"minecraft:furnace":1,"minecraft:stone_axe":1,"minecraft:kelp":1,"minecraft:stone_sword":1,"minecraft:crafting_table":1,"minecraft:cobblestone":4,"minecraft:rotten_flesh":3,"minecraft:oak_planks":1,"minecraft:coal":14,"minecraft:stick":5,"minecraft:dirt":24,"minecraft:wooden_axe":1,"minecraft:jungle_log":30,"minecraft:melon_slice":13,"minecraft:cooked_salmon":1,"minecraft:oak_sapling":1,"minecraft:bamboo":6,"minecraft:bone_meal":1,"minecraft:stone_pickaxe":1,"minecraft:wooden_pickaxe":2},"minecraft:broken":{"minecraft:stone_pickaxe":1},"minecraft:used":{"minecraft:stone_sword":49,"minecraft:stone_pickaxe":157,"minecraft:wooden_pickaxe":14,"minecraft:cooked_salmon":5,"minecraft:stone_hoe":21,"minecraft:orange_bed":1,"minecraft:salmon":1,"minecraft:torch":7,"minecraft:dirt":5,"minecraft:crafting_table":5,"minecraft:jungle_planks":4,"minecraft:oak_log":2,"minecraft:jungle_sapling":1,"minecraft:bread":5,"minecraft:melon_slice":5,"minecraft:stone_axe":32,"minecraft:cobblestone":27,"minecraft:furnace":1},"minecraft:crafted":{"minecraft:oak_planks":56,"minecraft:crafting_table":2,"minecraft:wooden_pickaxe":1,"minecraft:furnace":1,"minecraft:cooked_salmon":5,"minecraft:stone_axe":1,"minecraft:air":0,"minecraft:jungle_planks":32,"minecraft:stick":20,"minecraft:stone_pickaxe":2,"minecraft:stone_sword":1,"minecraft:torch":20,"minecraft:stone_hoe":1},"minecraft:picked_up":{"minecraft:wooden_axe":1,"minecraft:crafting_table":5,"minecraft:andesite":1,"minecraft:salmon":6,"minecraft:jungle_log":38,"minecraft:leather":2,"minecraft:wooden_pickaxe":1,"minecraft:smoker":1,"minecraft:flint":1,"minecraft:oak_log":16,"minecraft:string":5,"minecraft:dirt":29,"minecraft:cooked_salmon":1,"minecraft:kelp":1,"minecraft:wheat_seeds":6,"minecraft:beef":7,"minecraft:stone_pickaxe":1,"minecraft:jungle_sapling":1,"minecraft:bamboo":6,"minecraft:melon_slice":24,"minecraft:oak_planks":30,"minecraft:furnace":2,"minecraft:stick":4,"minecraft:raw_iron":22,"minecraft:torch":1,"minecraft:gravel":3,"minecraft:porkchop":13,"minecraft:orange_bed":2,"minecraft:stone_sword":1,"minecraft:rotten_flesh":3,"minecraft:stone_axe":1,"minecraft:hay_block":23,"minecraft:bone_meal":1,"minecraft:oak_sapling":1,"minecraft:coal":82,"minecraft:cobblestone":85},"minecraft:mined":{"minecraft:smoker":1,"minecraft:jungle_leaves":4,"minecraft:torch":1,"minecraft:crafting_table":5,"minecraft:short_grass":55,"minecraft:grass_block":2,"minecraft:melon":3,"minecraft:jungle_log":1,"minecraft:cobblestone":2,"minecraft:hay_block":23,"minecraft:furnace":2,"minecraft:acacia_fence_gate":1,"minecraft:iron_ore":24,"minecraft:andesite":1,"minecraft:oak_log":16,"minecraft:coal_ore":62,"minecraft:gravel":4,"minecraft:dirt":4,"minecraft:cobweb":5,"minecraft:stone":71,"minecraft:fern":1,"minecraft:orange_bed":2},"minecraft:custom":{"minecraft:interact_with_furnace":20,"minecraft:mob_kills":17,"minecraft:interact_with_crafting_table":7,"minecraft:interact_with_grindstone":1,"minecraft:time_since_death":40451,"minecraft:sleep_in_bed":1,"minecraft:climb_one_cm":2079,"minecraft:time_since_rest":13566,"minecraft:sprint_one_cm":130751,"minecraft:damage_taken":506,"minecraft:walk_one_cm":104531,"minecraft:drop":31,"minecraft:damage_dealt":1757,"minecraft:swim_one_cm":30054,"minecraft:fly_one_cm":77440,"minecraft:open_chest":3,"minecraft:crouch_one_cm":5212,"minecraft:play_time":40451,"minecraft:sneak_time":1849,"minecraft:walk_under_water_one_cm":13812,"minecraft:jump":543,"minecraft:walk_on_water_one_cm":12846,"minecraft:total_world_time":40451,"minecraft:fall_one_cm":12084},"minecraft:killed":{"minecraft:armadillo":1,"minecraft:pig":6,"minecraft:salmon":5,"minecraft:zombie":1,"minecraft:drowned":1,"minecraft:cow":3}},"DataVersion":3953}