{"stats":{"minecraft:killed_by":{"minecraft:zombie":1},"minecraft:crafted":{"minecraft:oak_planks":308,"minecraft:cobblestone_slab":108,"minecraft:cooked_chicken":52,"minecraft:chain":5,"minecraft:stone":5,"minecraft:lever":12,"minecraft:cooked_mutton":9,"minecraft:glass":56,"minecraft:cake":1,"minecraft:stone_brick_slab":6,"minecraft:iron_boots":3,"minecraft:chest":27,"minecraft:acacia_fence":69,"minecraft:jungle_stairs":16,"minecraft:stone_hoe":1,"minecraft:stone_bricks":4,"minecraft:redstone_lamp":13,"minecraft:item_frame":13,"minecraft:arrow":48,"minecraft:emerald":251,"minecraft:cooked_porkchop":31,"minecraft:crafting_table":7,"minecraft:spruce_planks":4,"minecraft:acacia_slab":180,"minecraft:wooden_pickaxe":1,"minecraft:iron_helmet":3,"minecraft:jungle_pressure_plate":6,"minecraft:campfire":5,"minecraft:iron_chestplate":2,"minecraft:book":14,"minecraft:yellow_dye":1,"minecraft:paper":96,"minecraft:diamond_pickaxe":1,"minecraft:shield":4,"minecraft:stick":8519,"minecraft:iron_ingot":146,"minecraft:iron_pickaxe":2,"minecraft:stone_sword":1,"minecraft:gold_ingot":39,"minecraft:shears":3,"minecraft:jungle_sign":24,"minecraft:iron_nugget":99,"minecraft:furnace":2,"minecraft:acacia_fence_gate":7,"minecraft:jungle_trapdoor":2,"minecraft:yellow_bed":1,"minecraft:bone_meal":123,"minecraft:white_carpet":3,"minecraft:glass_pane":64,"minecraft:lantern":10,"minecraft:iron_axe":14,"minecraft:stone_pickaxe":2,"minecraft:jungle_fence":81,"minecraft:wheat":99,"minecraft:cooked_beef":115,"minecraft:sugar":3,"minecraft:red_dye":2,"minecraft:red_bed":2,"minecraft:cooked_salmon":5,"minecraft:acacia_stairs":4,"minecraft:bucket":4,"minecraft:stone_axe":1,"minecraft:enchanted_book":6,"minecraft:jungle_slab":492,"minecraft:bread":37,"minecraft:air":0,"minecraft:jungle_planks":4868,"minecraft:oak_boat":1,"minecraft:acacia_sign":6,"minecraft:iron_shovel":2,"minecraft:iron_leggings":2,"minecraft:white_bed":3,"minecraft:acacia_planks":512,"minecraft:torch":132},"minecraft:broken":{"minecraft:iron_shovel":2,"minecraft:stone_pickaxe":1,"minecraft:shield":1,"minecraft:iron_axe":12,"minecraft:iron_pickaxe":1,"minecraft:iron_helmet":1},"minecraft:used":{"minecraft:iron_shovel":515,"minecraft:chest":40,"minecraft:shield":83,"minecraft:stone":1,"minecraft:iron_chestplate":1,"minecraft:jungle_planks":150,"minecraft:carrot":43,"minecraft:jungle_slab":632,"minecraft:acacia_sapling":26,"minecraft:jungle_sapling":46,"minecraft:lantern":17,"minecraft:birch_sapling":8,"minecraft:iron_helmet":1,"minecraft:item_frame":16,"minecraft:redstone_lamp":18,"minecraft:bow":115,"minecraft:hay_block":2,"minecraft:oak_sapling":11,"minecraft:furnace":8,"minecraft:acacia_fence":115,"minecraft:egg":172,"minecraft:oak_planks":327,"minecraft:stone_pickaxe":201,"minecraft:jungle_fence":93,"minecraft:ender_pearl":1,"minecraft:wooden_pickaxe":14,"minecraft:jungle_pressure_plate":6,"minecraft:sugar_cane":3,"minecraft:oak_leaves":5,"minecraft:acacia_leaves":10,"minecraft:lever":13,"minecraft:melon_slice":5,"minecraft:bread":16,"minecraft:lectern":45,"minecraft:gravel":6,"minecraft:jungle_sign":27,"minecraft:andesite":14,"minecraft:chain":15,"minecraft:oak_boat":1,"minecraft:bone_meal":61,"minecraft:iron_bars":26,"minecraft:stone_sword":66,"minecraft:acacia_log":50,"minecraft:redstone":1,"minecraft:spruce_planks":8,"minecraft:cooked_salmon":5,"minecraft:cooked_chicken":10,"minecraft:stone_hoe":118,"minecraft:oak_door":1,"minecraft:orange_bed":30,"minecraft:torch":198,"minecraft:dirt":720,"minecraft:anvil":1,"minecraft:white_carpet":3,"minecraft:jungle_trapdoor":6,"minecraft:stone_brick_slab":10,"minecraft:iron_axe":2895,"minecraft:oak_stairs":2,"minecraft:acacia_slab":141,"minecraft:jungle_log":31,"minecraft:iron_boots":1,"minecraft:melon_seeds":1,"minecraft:cooked_beef":82,"minecraft:acacia_planks":133,"minecraft:iron_leggings":1,"minecraft:wheat_seeds":526,"minecraft:cooked_mutton":5,"minecraft:water_bucket":29,"minecraft:cobblestone_slab":141,"minecraft:salmon":1,"minecraft:crafting_table":18,"minecraft:red_bed":3,"minecraft:campfire":5,"minecraft:cake":1,"minecraft:smoker":3,"minecraft:oak_log":2,"minecraft:diamond_pickaxe":27,"minecraft:acacia_stairs":4,"minecraft:acacia_sign":12,"minecraft:stripped_jungle_log":1,"minecraft:iron_pickaxe":448,"minecraft:jungle_stairs":33,"minecraft:spruce_sapling":4,"minecraft:stone_axe":36,"minecraft:acacia_fence_gate":11,"minecraft:cobblestone":89,"minecraft:cooked_porkchop":18,"minecraft:bucket":30,"minecraft:glass_pane":54,"minecraft:yellow_bed":2},"minecraft:mined":{"minecraft:spruce_planks":8,"minecraft:jungle_slab":145,"minecraft:jungle_leaves":96,"minecraft:acacia_log":149,"minecraft:grass_block":473,"minecraft:jungle_log":1260,"minecraft:iron_ore":121,"minecraft:anvil":2,"minecraft:oak_stairs":2,"minecraft:iron_bars":22,"minecraft:jungle_pressure_plate":6,"minecraft:orange_bed":31,"minecraft:jungle_trapdoor":6,"minecraft:melon_stem":1,"minecraft:smoker":3,"minecraft:torch":12,"minecraft:jungle_stairs":24,"minecraft:poppy":6,"minecraft:melon":6,"minecraft:chest":10,"minecraft:cobblestone":14,"minecraft:sugar_cane":135,"minecraft:oak_planks":147,"minecraft:wall_torch":8,"minecraft:chain":10,"minecraft:acacia_sapling":4,"minecraft:wheat":552,"minecraft:oak_log":83,"minecraft:acacia_fence":22,"minecraft:dirt":97,"minecraft:acacia_sign":5,"minecraft:oak_leaves":14,"minecraft:redstone_lamp":5,"minecraft:tuff":1,"minecraft:mossy_cobblestone":4,"minecraft:oak_door":4,"minecraft:lever":1,"minecraft:ladder":2,"minecraft:jungle_planks":50,"minecraft:redstone_wire":2,"minecraft:spruce_leaves":10,"minecraft:acacia_slab":62,"minecraft:hay_block":23,"minecraft:furnace":7,"minecraft:jungle_sapling":6,"minecraft:acacia_stairs":4,"minecraft:andesite":28,"minecraft:gold_block":1,"minecraft:deepslate_iron_ore":2,"minecraft:cobblestone_slab":27,"minecraft:vine":165,"minecraft:lantern":7,"minecraft:stripped_jungle_log":4,"minecraft:stone":233,"minecraft:acacia_leaves":22,"minecraft:glass_pane":1,"minecraft:stone_brick_slab":2,"minecraft:dandelion":3,"minecraft:jungle_sign":2,"minecraft:crafting_table":11,"minecraft:cornflower":3,"minecraft:short_grass":291,"minecraft:emerald_ore":4,"minecraft:lectern":45,"minecraft:campfire":1,"minecraft:tall_grass":9,"minecraft:acacia_fence_gate":6,"minecraft:spruce_log":49,"minecraft:birch_leaves":5,"minecraft:jungle_fence":37,"minecraft:yellow_bed":1,"minecraft:coal_ore":166,"minecraft:gravel":5,"minecraft:cobweb":5,"minecraft:acacia_planks":53,"minecraft:acacia_wall_sign":1,"minecraft:fern":4,"minecraft:jungle_wall_sign":4},"minecraft:custom":{"minecraft:animals_bred":203,"minecraft:interact_with_crafting_table":198,"minecraft:bell_ring":3,"minecraft:leave_game":4,"minecraft:time_since_death":554841,"minecraft:sprint_one_cm":2512377,"minecraft:damage_blocked_by_shield":5605,"minecraft:drop":180,"minecraft:talked_to_villager":211,"minecraft:play_time":701326,"minecraft:deaths":2,"minecraft:jump":6894,"minecraft:walk_on_water_one_cm":31208,"minecraft:enchant_item":10,"minecraft:interact_with_furnace":171,"minecraft:traded_with_villager":260,"minecraft:sleep_in_bed":24,"minecraft:damage_dealt":24892,"minecraft:crouch_one_cm":96495,"minecraft:interact_with_smoker":54,"minecraft:interact_with_anvil":10,"minecraft:mob_kills":263,"minecraft:interact_with_campfire":47,"minecraft:climb_one_cm":35142,"minecraft:walk_one_cm":2410551,"minecraft:sneak_time":31744,"minecraft:walk_under_water_one_cm":23114,"minecraft:boat_one_cm":91587,"minecraft:total_world_time":701326,"minecraft:interact_with_grindstone":1,"minecraft:time_since_rest":26896,"minecraft:damage_taken":9469,"minecraft:swim_one_cm":67495,"minecraft:fly_one_cm":1172368,"minecraft:open_chest":420,"minecraft:fall_one_cm":184863},"minecraft:dropped":{"minecraft:iron_sword":1,"minecraft:lapis_lazuli":16,"minecraft:cooked_beef":18,"minecraft:crafting_table":1,"minecraft:cooked_porkchop":6,"minecraft:leather":2,"minecraft:jungle_planks":2,"minecraft:emerald":11,"minecraft:dirt":83,"minecraft:mutton":1,"minecraft:gold_nugget":6,"minecraft:jungle_sign":3,"minecraft:bone_meal":63,"minecraft:phantom_membrane":3,"minecraft:iron_pickaxe":2,"minecraft:fishing_rod":1,"minecraft:bone":8,"minecraft:gravel":10,"minecraft:stone_axe":1,"minecraft:cooked_chicken":12,"minecraft:rotten_flesh":20,"minecraft:oak_planks":33,"minecraft:cooked_mutton":4,"minecraft:poppy":1,"minecraft:jungle_log":30,"minecraft:acacia_sapling":3,"minecraft:beef":6,"minecraft:lectern":1,"minecraft:egg":5,"minecraft:enchanted_book":1,"minecraft:water_bucket":1,"minecraft:iron_ingot":5,"minecraft:bread":22,"minecraft:wheat_seeds":8,"minecraft:cobblestone":76,"minecraft:iron_helmet":1,"minecraft:feather":12,"minecraft:book":1,"minecraft:acacia_log":61,"minecraft:coal":29,"minecraft:stick":9,"minecraft:pufferfish":2,"minecraft:torch":22,"minecraft:wooden_axe":1,"minecraft:melon_slice":13,"minecraft:cooked_salmon":8,"minecraft:iron_leggings":1,"minecraft:iron_axe":2,"minecraft:string":2,"minecraft:lily_pad":2,"minecraft:bucket":1,"minecraft:spruce_sapling":47,"minecraft:jungle_pressure_plate":6,"minecraft:furnace":1,"minecraft:anvil":1,"minecraft:kelp":1,"minecraft:stone_sword":1,"minecraft:tuff":1,"minecraft:chicken":7,"minecraft:light_gray_wool":2,"minecraft:iron_boots":2,"minecraft:shears":3,"minecraft:shield":2,"minecraft:diamond_pickaxe":1,"minecraft:iron_chestplate":1,"minecraft:andesite":5,"minecraft:oak_sapling":2,"minecraft:bamboo":6,"minecraft:spruce_log":48,"minecraft:stone_pickaxe":2,"minecraft:wooden_pickaxe":2,"minecraft:raw_gold":5},"minecraft:picked_up":{"minecraft:wooden_axe":1,"minecraft:iron_chestplate":3,"minecraft:wheat":507,"minecraft:anvil":2,"minecraft:oak_stairs":2,"minecraft:enchanted_book":2,"minecraft:string":20,"minecraft:cooked_salmon":8,"minecraft:iron_leggings":3,"minecraft:pufferfish":2,"minecraft:gold_nugget":12,"minecraft:spruce_planks":8,"minecraft:acacia_sign":6,"minecraft:acacia_fence_gate":5,"minecraft:cobblestone_slab":34,"minecraft:iron_pickaxe":4,"minecraft:melon_slice":46,"minecraft:furnace":8,"minecraft:iron_boots":3,"minecraft:stick":135,"minecraft:acacia_fence":21,"minecraft:torch":139,"minecraft:acacia_log":263,"minecraft:porkchop":64,"minecraft:golden_chestplate":1,"minecraft:orange_bed":30,"minecraft:stone_sword":3,"minecraft:rotten_flesh":50,"minecraft:armadillo_scute":2,"minecraft:glowstone":13,"minecraft:iron_bars":22,"minecraft:cobblestone":306,"minecraft:jungle_pressure_plate":6,"minecraft:feather":112,"minecraft:cooked_beef":18,"minecraft:water_bucket":3,"minecraft:andesite":27,"minecraft:jungle_log":1275,"minecraft:brown_wool":2,"minecraft:acacia_leaves":1,"minecraft:smoker":4,"minecraft:flint":2,"minecraft:tuff":1,"minecraft:lantern":7,"minecraft:lapis_lazuli":33,"minecraft:dirt":741,"minecraft:bone":36,"minecraft:glass":8,"minecraft:acacia_planks":160,"minecraft:bow":2,"minecraft:wheat_seeds":1470,"minecraft:raw_gold":9,"minecraft:bamboo":6,"minecraft:stone_hoe":2,"minecraft:oak_planks":173,"minecraft:cooked_porkchop":7,"minecraft:sand":64,"minecraft:jungle_planks":134,"minecraft:acacia_stairs":4,"minecraft:jungle_slab":188,"minecraft:diamond":3,"minecraft:lever":1,"minecraft:bone_meal":29,"minecraft:emerald":6,"minecraft:golden_horse_armor":1,"minecraft:bread":20,"minecraft:oak_sapling":14,"minecraft:diamond_pickaxe":1,"minecraft:charcoal":2,"minecraft:fishing_rod":1,"minecraft:cocoa_beans":3,"minecraft:crafting_table":13,"minecraft:chicken":126,"minecraft:ladder":1,"minecraft:redstone_lamp":5,"minecraft:wooden_pickaxe":1,"minecraft:gold_block":1,"minecraft:chain":10,"minecraft:shield":3,"minecraft:cornflower":1,"minecraft:jungle_trapdoor":6,"minecraft:red_bed":1,"minecraft:iron_axe":3,"minecraft:acacia_door":2,"minecraft:item_frame":3,"minecraft:beef":186,"minecraft:jungle_sapling":49,"minecraft:poppy":5,"minecraft:light_gray_wool":4,"minecraft:lectern":47,"minecraft:sugar_cane":154,"minecraft:chest":13,"minecraft:birch_sapling":8,"minecraft:phantom_membrane":7,"minecraft:egg":226,"minecraft:raw_iron":133,"minecraft:oak_door":4,"minecraft:fire_charge":1,"minecraft:redstone":5,"minecraft:iron_horse_armor":1,"minecraft:jungle_sign":6,"minecraft:arrow":30,"minecraft:jungle_stairs":24,"minecraft:hay_block":23,"minecraft:saddle":1,"minecraft:gold_ingot":1,"minecraft:mutton":21,"minecraft:white_wool":13,"minecraft:glow_ink_sac":2,"minecraft:salmon":6,"minecraft:leather":48,"minecraft:jungle_fence":21,"minecraft:oak_log":83,"minecraft:lily_pad":2,"minecraft:yellow_bed":1,"minecraft:gunpowder":10,"minecraft:apple":2,"minecraft:kelp":1,"minecraft:iron_ingot":55,"minecraft:stone_pickaxe":1,"minecraft:cooked_chicken":5,"minecraft:iron_sword":1,"minecraft:acacia_sapling":29,"minecraft:stone_brick_slab":4,"minecraft:dandelion":3,"minecraft:gravel":31,"minecraft:spruce_sapling":13,"minecraft:spruce_log":49,"minecraft:spider_eye":3,"minecraft:stripped_jungle_log":4,"minecraft:stone_axe":2,"minecraft:iron_helmet":2,"minecraft:acacia_slab":66,"minecraft:melon_seeds":2,"minecraft:coal":283,"minecraft:ender_pearl":1},"minecraft:killed":{"minecraft:spider":6,"minecraft:skeleton":19,"minecraft:chicken":97,"minecraft:pig":12,"minecraft:salmon":5,"minecraft:creeper":6,"minecraft:sheep":15,"minecraft:pillager":1,"minecraft:zombie":37,"minecraft:cow":52,"minecraft:armadillo":1,"minecraft:phantom":11,"minecraft:drowned":1}},"DataVersion":3953}