{"stats":{"minecraft:custom":{"minecraft:mob_kills":138,"minecraft:animals_bred":1,"minecraft:interact_with_crafting_table":84,"minecraft:bell_ring":17,"minecraft:leave_game":2,"minecraft:time_since_death":243281,"minecraft:climb_one_cm":5418,"minecraft:sprint_one_cm":1203252,"minecraft:damage_blocked_by_shield":2667,"minecraft:walk_one_cm":806006,"minecraft:drop":92,"minecraft:play_time":324825,"minecraft:sneak_time":25256,"minecraft:deaths":7,"minecraft:walk_under_water_one_cm":13205,"minecraft:jump":6217,"minecraft:walk_on_water_one_cm":71136,"minecraft:total_world_time":324825,"minecraft:interact_with_furnace":154,"minecraft:sleep_in_bed":16,"minecraft:time_since_rest":34351,"minecraft:damage_taken":5691,"minecraft:damage_dealt":16331,"minecraft:player_kills":1,"minecraft:swim_one_cm":48342,"minecraft:fly_one_cm":1453742,"minecraft:open_chest":90,"minecraft:crouch_one_cm":83593,"minecraft:interact_with_smoker":3,"minecraft:fall_one_cm":143825},"minecraft:killed_by":{"minecraft:creeper":1,"minecraft:skeleton":4,"minecraft:witch":1},"minecraft:broken":{"minecraft:iron_shovel":1,"minecraft:stone_pickaxe":2,"minecraft:iron_axe":3,"minecraft:stone_axe":1,"minecraft:iron_pickaxe":3},"minecraft:used":{"minecraft:iron_bars":12,"minecraft:stone_sword":60,"minecraft:iron_shovel":470,"minecraft:acacia_log":105,"minecraft:chest":11,"minecraft:shield":40,"minecraft:iron_sword":229,"minecraft:cooked_salmon":1,"minecraft:bell":3,"minecraft:oak_door":1,"minecraft:orange_bed":15,"minecraft:torch":186,"minecraft:dirt":82,"minecraft:jungle_planks":400,"minecraft:acacia_sapling":4,"minecraft:tuff":26,"minecraft:granite":1,"minecraft:iron_hoe":17,"minecraft:iron_axe":830,"minecraft:acacia_slab":2,"minecraft:jungle_log":4,"minecraft:iron_boots":1,"minecraft:melon_seeds":4,"minecraft:bow":9,"minecraft:furnace":13,"minecraft:acacia_fence":20,"minecraft:egg":10,"minecraft:cobbled_deepslate":54,"minecraft:acacia_planks":927,"minecraft:iron_leggings":1,"minecraft:water_bucket":13,"minecraft:diorite":2,"minecraft:oak_planks":351,"minecraft:stone_pickaxe":321,"minecraft:wooden_pickaxe":10,"minecraft:crafting_table":13,"minecraft:oak_log":8,"minecraft:lever":1,"minecraft:diamond_pickaxe":35,"minecraft:acacia_stairs":74,"minecraft:acacia_door":3,"minecraft:iron_pickaxe":903,"minecraft:melon_slice":45,"minecraft:bread":97,"minecraft:jungle_stairs":2,"minecraft:gravel":272,"minecraft:stone_axe":160,"minecraft:cobblestone":115,"minecraft:cooked_porkchop":1,"minecraft:andesite":1,"minecraft:bucket":14,"minecraft:kelp":6,"minecraft:bone_meal":7},"minecraft:killed":{"minecraft:spider":2,"minecraft:skeleton":13,"minecraft:chicken":32,"minecraft:pig":9,"minecraft:zombie_villager":1,"minecraft:salmon":4,"minecraft:creeper":1,"minecraft:zombie":30,"minecraft:cow":46},"minecraft:mined":{"minecraft:diamond_ore":1,"minecraft:tuff":28,"minecraft:attached_melon_stem":4,"minecraft:deepslate_diamond_ore":27,"minecraft:oak_door":1,"minecraft:jungle_leaves":19,"minecraft:obsidian":35,"minecraft:granite":1,"minecraft:acacia_log":315,"minecraft:grass_block":126,"minecraft:jungle_planks":24,"minecraft:jungle_log":115,"minecraft:kelp":5,"minecraft:hay_block":22,"minecraft:furnace":9,"minecraft:iron_ore":234,"minecraft:fire":23,"minecraft:cobbled_deepslate":15,"minecraft:acacia_stairs":14,"minecraft:andesite":3,"minecraft:deepslate_lapis_ore":3,"minecraft:bell":3,"minecraft:deepslate_iron_ore":22,"minecraft:vine":6,"minecraft:iron_bars":5,"minecraft:stripped_acacia_log":1,"minecraft:stripped_oak_log":1,"minecraft:stripped_jungle_log":1,"minecraft:stone":224,"minecraft:orange_bed":15,"minecraft:acacia_leaves":47,"minecraft:glass_pane":8,"minecraft:kelp_plant":13,"minecraft:melon_stem":48,"minecraft:crafting_table":12,"minecraft:torch":5,"minecraft:short_grass":47,"minecraft:melon":46,"minecraft:chest":10,"minecraft:copper_ore":13,"minecraft:tall_grass":1,"minecraft:cobblestone":42,"minecraft:lapis_ore":10,"minecraft:oak_planks":54,"minecraft:sugar_cane":18,"minecraft:wall_torch":10,"minecraft:diorite":7,"minecraft:seagrass":5,"minecraft:acacia_sapling":1,"minecraft:wheat":334,"minecraft:coal_ore":530,"minecraft:oak_log":63,"minecraft:cocoa":2,"minecraft:acacia_fence":4,"minecraft:gravel":329,"minecraft:dirt":29,"minecraft:acacia_door":1,"minecraft:cobweb":3,"minecraft:acacia_planks":136,"minecraft:oak_leaves":11,"minecraft:deepslate":37,"minecraft:fern":1},"minecraft:dropped":{"minecraft:enchanted_book":1,"minecraft:iron_ingot":9,"minecraft:bread":15,"minecraft:iron_sword":1,"minecraft:wheat_seeds":544,"minecraft:lapis_lazuli":13,"minecraft:oak_log":8,"minecraft:diamond":2,"minecraft:cooked_porkchop":18,"minecraft:cobblestone":18,"minecraft:feather":3,"minecraft:tropical_fish":2,"minecraft:acacia_log":57,"minecraft:stick":18,"minecraft:dirt":10,"minecraft:torch":1,"minecraft:melon_slice":47,"minecraft:cooked_cod":9,"minecraft:acacia_fence_gate":1,"minecraft:armadillo_scute":1,"minecraft:bone_meal":5,"minecraft:iron_pickaxe":1,"minecraft:iron_shovel":1,"minecraft:string":2,"minecraft:fishing_rod":1,"minecraft:acacia_planks":34,"minecraft:redstone":44,"minecraft:bone":2,"minecraft:gravel":31,"minecraft:stone_axe":2,"minecraft:stone_sword":2,"minecraft:cobbled_deepslate":14,"minecraft:cocoa_beans":6,"minecraft:tuff":2,"minecraft:raw_iron":43,"minecraft:stone_shovel":1,"minecraft:chicken":30,"minecraft:rotten_flesh":46,"minecraft:iron_boots":1,"minecraft:shield":1,"minecraft:gunpowder":2,"minecraft:iron_chestplate":1,"minecraft:andesite":3,"minecraft:melon_seeds":105,"minecraft:jungle_log":19,"minecraft:acacia_sapling":11,"minecraft:spider_eye":1,"minecraft:arrow":6,"minecraft:stone_pickaxe":1,"minecraft:beef":60,"minecraft:wooden_pickaxe":1,"minecraft:raw_gold":13,"minecraft:egg":16},"minecraft:picked_up":{"minecraft:fishing_rod":1,"minecraft:iron_chestplate":4,"minecraft:cocoa_beans":90,"minecraft:crafting_table":14,"minecraft:wheat":260,"minecraft:chicken":30,"minecraft:enchanted_book":1,"minecraft:shield":6,"minecraft:string":5,"minecraft:raw_copper":294,"minecraft:iron_axe":5,"minecraft:acacia_door":1,"minecraft:iron_leggings":3,"minecraft:iron_shovel":3,"minecraft:cobbled_deepslate":74,"minecraft:bucket":1,"minecraft:beef":87,"minecraft:acacia_fence_gate":1,"minecraft:jungle_sapling":6,"minecraft:iron_pickaxe":8,"minecraft:melon_slice":934,"minecraft:sugar_cane":238,"minecraft:chest":10,"minecraft:furnace":18,"minecraft:iron_boots":5,"minecraft:egg":27,"minecraft:raw_iron":421,"minecraft:stick":47,"minecraft:acacia_fence":4,"minecraft:oak_door":1,"minecraft:torch":350,"minecraft:acacia_log":466,"minecraft:porkchop":102,"minecraft:diorite":7,"minecraft:redstone":44,"minecraft:orange_bed":22,"minecraft:arrow":51,"minecraft:rotten_flesh":93,"minecraft:cooked_cod":9,"minecraft:tropical_fish":2,"minecraft:hay_block":22,"minecraft:armadillo_scute":2,"minecraft:obsidian":35,"minecraft:iron_bars":5,"minecraft:cobblestone":335,"minecraft:stripped_oak_log":1,"minecraft:feather":30,"minecraft:andesite":6,"minecraft:water_bucket":4,"minecraft:salmon":15,"minecraft:jungle_log":343,"minecraft:leather":53,"minecraft:flint":33,"minecraft:tuff":38,"minecraft:oak_log":208,"minecraft:gunpowder":3,"minecraft:lapis_lazuli":201,"minecraft:dirt":57,"minecraft:bone":43,"minecraft:acacia_planks":299,"minecraft:kelp":390,"minecraft:wheat_seeds":542,"minecraft:raw_gold":13,"minecraft:bell":9,"minecraft:iron_ingot":102,"minecraft:iron_sword":11,"minecraft:oak_planks":54,"minecraft:acacia_sapling":20,"minecraft:cooked_porkchop":10,"minecraft:gravel":299,"minecraft:jungle_planks":25,"minecraft:acacia_stairs":14,"minecraft:spider_eye":1,"minecraft:stripped_acacia_log":1,"minecraft:stripped_jungle_log":1,"minecraft:diamond":80,"minecraft:stone_axe":1,"minecraft:iron_helmet":2,"minecraft:granite":4,"minecraft:bread":173,"minecraft:melon_seeds":105,"minecraft:coal":1399},"minecraft:crafted":{"minecraft:oak_planks":304,"minecraft:raw_iron":162,"minecraft:stone_shovel":1,"minecraft:melon":9,"minecraft:furnace":7,"minecraft:bone_meal":12,"minecraft:lever":1,"minecraft:iron_bars":16,"minecraft:glass":6,"minecraft:bow":1,"minecraft:iron_boots":1,"minecraft:iron_axe":5,"minecraft:melon_seeds":4,"minecraft:iron_hoe":1,"minecraft:stone_pickaxe":3,"minecraft:chest":1,"minecraft:acacia_fence":57,"minecraft:jungle_stairs":4,"minecraft:raw_iron_block":18,"minecraft:wheat":198,"minecraft:coal_block":45,"minecraft:arrow":44,"minecraft:cooked_porkchop":9,"minecraft:crafting_table":5,"minecraft:enchanting_table":1,"minecraft:acacia_slab":6,"minecraft:iron_helmet":2,"minecraft:wooden_pickaxe":1,"minecraft:iron_sword":2,"minecraft:cooked_salmon":1,"minecraft:copper_ingot":64,"minecraft:acacia_stairs":88,"minecraft:bucket":1,"minecraft:stone_axe":2,"minecraft:bread":152,"minecraft:air":0,"minecraft:jungle_planks":572,"minecraft:iron_chestplate":1,"minecraft:book":1,"minecraft:paper":3,"minecraft:diamond_pickaxe":1,"minecraft:shield":1,"minecraft:stick":184,"minecraft:iron_ingot":235,"minecraft:iron_pickaxe":5,"minecraft:iron_block":16,"minecraft:stone_sword":2,"minecraft:iron_shovel":3,"minecraft:acacia_door":3,"minecraft:iron_leggings":2,"minecraft:acacia_planks":936,"minecraft:torch":128,"minecraft:lapis_block":8}},"DataVersion":3953}