{"stats":{"minecraft:dropped":{"minecraft:enchanted_book":1,"minecraft:iron_ingot":4,"minecraft:bread":15,"minecraft:iron_sword":1,"minecraft:wheat_seeds":4,"minecraft:lapis_lazuli":13,"minecraft:oak_log":8,"minecraft:diamond":2,"minecraft:cooked_porkchop":4,"minecraft:feather":3,"minecraft:cobblestone":18,"minecraft:tropical_fish":2,"minecraft:dirt":9,"minecraft:melon_slice":43,"minecraft:cooked_cod":9,"minecraft:acacia_fence_gate":1,"minecraft:armadillo_scute":1,"minecraft:iron_pickaxe":1,"minecraft:iron_shovel":1,"minecraft:string":2,"minecraft:fishing_rod":1,"minecraft:bone":2,"minecraft:redstone":44,"minecraft:stone_axe":2,"minecraft:stone_sword":2,"minecraft:cobbled_deepslate":14,"minecraft:cocoa_beans":6,"minecraft:tuff":2,"minecraft:raw_iron":43,"minecraft:stone_shovel":1,"minecraft:chicken":3,"minecraft:rotten_flesh":14,"minecraft:iron_boots":1,"minecraft:shield":1,"minecraft:gunpowder":2,"minecraft:iron_chestplate":1,"minecraft:andesite":3,"minecraft:jungle_log":10,"minecraft:spider_eye":1,"minecraft:arrow":6,"minecraft:stone_pickaxe":1,"minecraft:wooden_pickaxe":1,"minecraft:raw_gold":13},"minecraft:broken":{"minecraft:stone_pickaxe":2,"minecraft:stone_axe":1},"minecraft:used":{"minecraft:stone_sword":60,"minecraft:shield":15,"minecraft:iron_sword":68,"minecraft:cooked_salmon":1,"minecraft:orange_bed":1,"minecraft:torch":53,"minecraft:dirt":9,"minecraft:jungle_planks":3,"minecraft:tuff":19,"minecraft:iron_axe":8,"minecraft:jungle_log":3,"minecraft:furnace":6,"minecraft:cobbled_deepslate":4,"minecraft:water_bucket":3,"minecraft:diorite":1,"minecraft:stone_pickaxe":321,"minecraft:wooden_pickaxe":10,"minecraft:crafting_table":6,"minecraft:oak_log":7,"minecraft:melon_slice":45,"minecraft:bread":24,"minecraft:iron_pickaxe":178,"minecraft:gravel":3,"minecraft:stone_axe":160,"minecraft:cobblestone":95,"minecraft:andesite":1,"minecraft:bucket":4,"minecraft:kelp":6},"minecraft:killed_by":{"minecraft:creeper":1,"minecraft:skeleton":2,"minecraft:witch":1},"minecraft:crafted":{"minecraft:stone_shovel":1,"minecraft:furnace":2,"minecraft:iron_boots":1,"minecraft:iron_axe":1,"minecraft:stone_pickaxe":3,"minecraft:wheat":198,"minecraft:crafting_table":1,"minecraft:wooden_pickaxe":1,"minecraft:iron_helmet":1,"minecraft:iron_sword":2,"minecraft:cooked_salmon":1,"minecraft:bucket":1,"minecraft:stone_axe":2,"minecraft:bread":66,"minecraft:air":0,"minecraft:jungle_planks":40,"minecraft:iron_chestplate":1,"minecraft:shield":1,"minecraft:stick":48,"minecraft:iron_ingot":63,"minecraft:iron_pickaxe":2,"minecraft:stone_sword":2,"minecraft:iron_shovel":1,"minecraft:iron_leggings":1,"minecraft:torch":64},"minecraft:picked_up":{"minecraft:fishing_rod":1,"minecraft:crafting_table":8,"minecraft:cocoa_beans":66,"minecraft:iron_chestplate":2,"minecraft:chicken":3,"minecraft:enchanted_book":1,"minecraft:shield":4,"minecraft:string":2,"minecraft:raw_copper":196,"minecraft:iron_axe":3,"minecraft:iron_leggings":2,"minecraft:iron_shovel":3,"minecraft:cobbled_deepslate":24,"minecraft:bucket":1,"minecraft:acacia_fence_gate":1,"minecraft:iron_pickaxe":6,"minecraft:melon_slice":667,"minecraft:sugar_cane":165,"minecraft:iron_boots":3,"minecraft:furnace":10,"minecraft:raw_iron":196,"minecraft:stick":18,"minecraft:torch":231,"minecraft:porkchop":68,"minecraft:diorite":1,"minecraft:redstone":44,"minecraft:orange_bed":6,"minecraft:arrow":26,"minecraft:rotten_flesh":25,"minecraft:cooked_cod":9,"minecraft:tropical_fish":2,"minecraft:hay_block":22,"minecraft:armadillo_scute":2,"minecraft:cobblestone":201,"minecraft:feather":3,"minecraft:salmon":11,"minecraft:jungle_log":163,"minecraft:water_bucket":2,"minecraft:andesite":6,"minecraft:tuff":26,"minecraft:oak_log":119,"minecraft:gunpowder":2,"minecraft:dirt":18,"minecraft:lapis_lazuli":90,"minecraft:bone":17,"minecraft:kelp":262,"minecraft:wheat_seeds":4,"minecraft:raw_gold":13,"minecraft:bell":5,"minecraft:iron_ingot":60,"minecraft:iron_sword":7,"minecraft:cooked_porkchop":4,"minecraft:gravel":3,"minecraft:spider_eye":1,"minecraft:diamond":29,"minecraft:stone_axe":1,"minecraft:iron_helmet":2,"minecraft:bread":121,"minecraft:coal":716},"minecraft:mined":{"minecraft:tuff":26,"minecraft:deepslate_diamond_ore":27,"minecraft:grass_block":3,"minecraft:jungle_log":47,"minecraft:kelp":5,"minecraft:hay_block":22,"minecraft:furnace":5,"minecraft:iron_ore":81,"minecraft:fire":6,"minecraft:andesite":3,"minecraft:deepslate_lapis_ore":3,"minecraft:bell":1,"minecraft:vine":3,"minecraft:deepslate_iron_ore":11,"minecraft:stone":110,"minecraft:orange_bed":2,"minecraft:kelp_plant":13,"minecraft:crafting_table":6,"minecraft:torch":2,"minecraft:short_grass":18,"minecraft:melon":40,"minecraft:copper_ore":13,"minecraft:cobblestone":24,"minecraft:lapis_ore":2,"minecraft:sugar_cane":15,"minecraft:diorite":1,"minecraft:wall_torch":3,"minecraft:seagrass":1,"minecraft:coal_ore":177,"minecraft:oak_log":42,"minecraft:cocoa":2,"minecraft:dirt":6,"minecraft:oak_leaves":7,"minecraft:deepslate":12,"minecraft:fern":1},"minecraft:custom":{"minecraft:mob_kills":36,"minecraft:interact_with_crafting_table":23,"minecraft:time_since_death":1841,"minecraft:climb_one_cm":2887,"minecraft:sprint_one_cm":234761,"minecraft:walk_one_cm":146656,"minecraft:damage_blocked_by_shield":994,"minecraft:drop":48,"minecraft:play_time":76906,"minecraft:deaths":5,"minecraft:sneak_time":5222,"minecraft:walk_under_water_one_cm":10100,"minecraft:jump":1698,"minecraft:walk_on_water_one_cm":28303,"minecraft:total_world_time":76906,"minecraft:interact_with_furnace":40,"minecraft:sleep_in_bed":1,"minecraft:time_since_rest":1866,"minecraft:damage_taken":3513,"minecraft:damage_dealt":5900,"minecraft:fly_one_cm":341675,"minecraft:swim_one_cm":32699,"minecraft:open_chest":2,"minecraft:crouch_one_cm":12976,"minecraft:fall_one_cm":46792},"minecraft:killed":{"minecraft:spider":2,"minecraft:skeleton":4,"minecraft:pig":9,"minecraft:zombie_villager":1,"minecraft:salmon":4,"minecraft:zombie":16}},"DataVersion":3953}