{"stats":{"minecraft:dropped":{"minecraft:enchanted_book":1,"minecraft:iron_ingot":5,"minecraft:bread":15,"minecraft:iron_sword":1,"minecraft:wheat_seeds":544,"minecraft:lapis_lazuli":13,"minecraft:oak_log":8,"minecraft:diamond":2,"minecraft:cooked_porkchop":13,"minecraft:feather":3,"minecraft:cobblestone":18,"minecraft:tropical_fish":2,"minecraft:stick":2,"minecraft:dirt":10,"minecraft:melon_slice":47,"minecraft:cooked_cod":9,"minecraft:acacia_fence_gate":1,"minecraft:armadillo_scute":1,"minecraft:iron_pickaxe":1,"minecraft:iron_shovel":1,"minecraft:string":2,"minecraft:fishing_rod":1,"minecraft:acacia_planks":34,"minecraft:redstone":44,"minecraft:bone":2,"minecraft:stone_axe":2,"minecraft:stone_sword":2,"minecraft:cobbled_deepslate":14,"minecraft:cocoa_beans":6,"minecraft:tuff":2,"minecraft:raw_iron":43,"minecraft:stone_shovel":1,"minecraft:chicken":3,"minecraft:rotten_flesh":44,"minecraft:iron_boots":1,"minecraft:shield":1,"minecraft:gunpowder":2,"minecraft:iron_chestplate":1,"minecraft:andesite":3,"minecraft:melon_seeds":105,"minecraft:jungle_log":19,"minecraft:acacia_sapling":11,"minecraft:spider_eye":1,"minecraft:arrow":6,"minecraft:wooden_pickaxe":1,"minecraft:stone_pickaxe":1,"minecraft:raw_gold":13},"minecraft:broken":{"minecraft:stone_pickaxe":2,"minecraft:stone_axe":1,"minecraft:iron_pickaxe":1},"minecraft:used":{"minecraft:stone_sword":60,"minecraft:acacia_log":5,"minecraft:iron_shovel":53,"minecraft:chest":1,"minecraft:shield":38,"minecraft:iron_sword":164,"minecraft:bell":3,"minecraft:cooked_salmon":1,"minecraft:orange_bed":4,"minecraft:torch":172,"minecraft:dirt":14,"minecraft:jungle_planks":3,"minecraft:tuff":26,"minecraft:granite":1,"minecraft:iron_hoe":4,"minecraft:iron_axe":204,"minecraft:jungle_log":4,"minecraft:iron_boots":1,"minecraft:melon_seeds":4,"minecraft:bow":2,"minecraft:furnace":8,"minecraft:acacia_planks":2,"minecraft:cobbled_deepslate":54,"minecraft:iron_leggings":1,"minecraft:water_bucket":7,"minecraft:diorite":2,"minecraft:stone_pickaxe":321,"minecraft:wooden_pickaxe":10,"minecraft:crafting_table":10,"minecraft:oak_log":8,"minecraft:lever":1,"minecraft:bread":48,"minecraft:melon_slice":45,"minecraft:iron_pickaxe":570,"minecraft:gravel":52,"minecraft:stone_axe":160,"minecraft:cobblestone":99,"minecraft:andesite":1,"minecraft:bucket":8,"minecraft:kelp":6},"minecraft:killed_by":{"minecraft:creeper":1,"minecraft:skeleton":4,"minecraft:witch":1},"minecraft:crafted":{"minecraft:oak_planks":12,"minecraft:stone_shovel":1,"minecraft:melon":9,"minecraft:furnace":2,"minecraft:lever":1,"minecraft:bow":1,"minecraft:iron_boots":1,"minecraft:iron_axe":1,"minecraft:melon_seeds":4,"minecraft:iron_hoe":1,"minecraft:stone_pickaxe":3,"minecraft:chest":1,"minecraft:raw_iron_block":18,"minecraft:wheat":198,"minecraft:coal_block":24,"minecraft:arrow":20,"minecraft:cooked_porkchop":9,"minecraft:crafting_table":3,"minecraft:iron_helmet":2,"minecraft:wooden_pickaxe":1,"minecraft:iron_sword":2,"minecraft:cooked_salmon":1,"minecraft:bucket":1,"minecraft:stone_axe":2,"minecraft:bread":152,"minecraft:air":0,"minecraft:jungle_planks":60,"minecraft:iron_chestplate":1,"minecraft:shield":1,"minecraft:stick":80,"minecraft:iron_ingot":68,"minecraft:iron_pickaxe":5,"minecraft:stone_sword":2,"minecraft:iron_shovel":2,"minecraft:iron_leggings":2,"minecraft:torch":128,"minecraft:lapis_block":8},"minecraft:picked_up":{"minecraft:crafting_table":11,"minecraft:fishing_rod":1,"minecraft:cocoa_beans":90,"minecraft:iron_chestplate":4,"minecraft:wheat":260,"minecraft:chicken":3,"minecraft:enchanted_book":1,"minecraft:shield":6,"minecraft:string":5,"minecraft:raw_copper":294,"minecraft:iron_axe":5,"minecraft:iron_leggings":3,"minecraft:iron_shovel":3,"minecraft:cobbled_deepslate":74,"minecraft:bucket":1,"minecraft:acacia_fence_gate":1,"minecraft:iron_pickaxe":8,"minecraft:melon_slice":934,"minecraft:sugar_cane":231,"minecraft:iron_boots":5,"minecraft:furnace":14,"minecraft:stick":36,"minecraft:raw_iron":421,"minecraft:torch":337,"minecraft:acacia_log":104,"minecraft:porkchop":102,"minecraft:diorite":7,"minecraft:redstone":44,"minecraft:orange_bed":10,"minecraft:rotten_flesh":91,"minecraft:arrow":51,"minecraft:cooked_cod":9,"minecraft:tropical_fish":2,"minecraft:hay_block":22,"minecraft:armadillo_scute":2,"minecraft:cobblestone":260,"minecraft:stripped_oak_log":1,"minecraft:feather":3,"minecraft:andesite":6,"minecraft:water_bucket":4,"minecraft:salmon":15,"minecraft:jungle_log":234,"minecraft:flint":4,"minecraft:tuff":38,"minecraft:oak_log":135,"minecraft:gunpowder":2,"minecraft:lapis_lazuli":201,"minecraft:dirt":32,"minecraft:bone":41,"minecraft:acacia_planks":40,"minecraft:kelp":390,"minecraft:wheat_seeds":542,"minecraft:raw_gold":13,"minecraft:bell":9,"minecraft:iron_ingot":102,"minecraft:acacia_sapling":11,"minecraft:iron_sword":11,"minecraft:cooked_porkchop":4,"minecraft:gravel":48,"minecraft:jungle_planks":1,"minecraft:spider_eye":1,"minecraft:stripped_jungle_log":1,"minecraft:stripped_acacia_log":1,"minecraft:diamond":80,"minecraft:stone_axe":1,"minecraft:iron_helmet":2,"minecraft:granite":4,"minecraft:bread":173,"minecraft:melon_seeds":105,"minecraft:coal":1126},"minecraft:mined":{"minecraft:diamond_ore":1,"minecraft:tuff":28,"minecraft:attached_melon_stem":4,"minecraft:deepslate_diamond_ore":27,"minecraft:granite":1,"minecraft:acacia_log":104,"minecraft:grass_block":9,"minecraft:jungle_log":48,"minecraft:kelp":5,"minecraft:hay_block":22,"minecraft:furnace":5,"minecraft:cobbled_deepslate":15,"minecraft:iron_ore":234,"minecraft:fire":6,"minecraft:andesite":3,"minecraft:deepslate_lapis_ore":3,"minecraft:bell":3,"minecraft:deepslate_iron_ore":22,"minecraft:vine":3,"minecraft:stripped_jungle_log":1,"minecraft:stripped_acacia_log":1,"minecraft:stripped_oak_log":1,"minecraft:stone":163,"minecraft:orange_bed":4,"minecraft:acacia_leaves":11,"minecraft:kelp_plant":13,"minecraft:melon_stem":48,"minecraft:crafting_table":9,"minecraft:torch":2,"minecraft:short_grass":41,"minecraft:melon":46,"minecraft:tall_grass":1,"minecraft:copper_ore":13,"minecraft:cobblestone":28,"minecraft:lapis_ore":10,"minecraft:sugar_cane":15,"minecraft:diorite":7,"minecraft:wall_torch":3,"minecraft:seagrass":5,"minecraft:acacia_sapling":1,"minecraft:wheat":334,"minecraft:oak_log":54,"minecraft:coal_ore":288,"minecraft:cocoa":2,"minecraft:gravel":49,"minecraft:dirt":12,"minecraft:cobweb":3,"minecraft:acacia_planks":47,"minecraft:oak_leaves":8,"minecraft:deepslate":37,"minecraft:fern":1},"minecraft:custom":{"minecraft:mob_kills":56,"minecraft:animals_bred":1,"minecraft:interact_with_crafting_table":46,"minecraft:bell_ring":17,"minecraft:leave_game":1,"minecraft:time_since_death":67183,"minecraft:climb_one_cm":2887,"minecraft:sprint_one_cm":467559,"minecraft:walk_one_cm":335647,"minecraft:damage_blocked_by_shield":2547,"minecraft:drop":77,"minecraft:play_time":148727,"minecraft:deaths":7,"minecraft:sneak_time":10252,"minecraft:walk_under_water_one_cm":11451,"minecraft:jump":2859,"minecraft:walk_on_water_one_cm":32375,"minecraft:total_world_time":148727,"minecraft:interact_with_furnace":57,"minecraft:sleep_in_bed":4,"minecraft:time_since_rest":9548,"minecraft:damage_taken":4822,"minecraft:damage_dealt":9900,"minecraft:swim_one_cm":34223,"minecraft:fly_one_cm":599859,"minecraft:open_chest":22,"minecraft:crouch_one_cm":25527,"minecraft:fall_one_cm":71129},"minecraft:killed":{"minecraft:spider":2,"minecraft:skeleton":12,"minecraft:pig":9,"minecraft:zombie_villager":1,"minecraft:salmon":4,"minecraft:zombie":28}},"DataVersion":3953}