{"stats":{"minecraft:dropped":{"minecraft:bread":15,"minecraft:stone_axe":1,"minecraft:wheat_seeds":2,"minecraft:stone_sword":2,"minecraft:cobblestone":18,"minecraft:stone_shovel":1,"minecraft:rotten_flesh":7,"minecraft:andesite":1,"minecraft:armadillo_scute":1,"minecraft:acacia_fence_gate":1,"minecraft:wooden_pickaxe":1,"minecraft:stone_pickaxe":1},"minecraft:broken":{"minecraft:stone_pickaxe":2,"minecraft:stone_axe":1},"minecraft:used":{"minecraft:water_bucket":2,"minecraft:diorite":1,"minecraft:stone_sword":60,"minecraft:stone_pickaxe":321,"minecraft:shield":5,"minecraft:wooden_pickaxe":10,"minecraft:iron_sword":20,"minecraft:cooked_salmon":1,"minecraft:orange_bed":1,"minecraft:torch":10,"minecraft:dirt":9,"minecraft:crafting_table":6,"minecraft:jungle_planks":3,"minecraft:oak_log":7,"minecraft:iron_axe":8,"minecraft:bread":16,"minecraft:melon_slice":43,"minecraft:iron_pickaxe":112,"minecraft:gravel":3,"minecraft:stone_axe":160,"minecraft:cobblestone":80,"minecraft:furnace":6,"minecraft:bucket":2,"minecraft:andesite":1,"minecraft:kelp":6},"minecraft:killed_by":{"minecraft:skeleton":1,"minecraft:witch":1},"minecraft:crafted":{"minecraft:stone_shovel":1,"minecraft:crafting_table":1,"minecraft:iron_helmet":1,"minecraft:wooden_pickaxe":1,"minecraft:iron_sword":2,"minecraft:furnace":2,"minecraft:cooked_salmon":1,"minecraft:bucket":1,"minecraft:stone_axe":2,"minecraft:bread":66,"minecraft:air":0,"minecraft:jungle_planks":40,"minecraft:iron_boots":1,"minecraft:iron_chestplate":1,"minecraft:shield":1,"minecraft:iron_axe":1,"minecraft:stick":48,"minecraft:iron_ingot":63,"minecraft:iron_pickaxe":2,"minecraft:stone_pickaxe":3,"minecraft:iron_leggings":1,"minecraft:stone_sword":2,"minecraft:iron_shovel":1,"minecraft:torch":64,"minecraft:wheat":198},"minecraft:picked_up":{"minecraft:iron_chestplate":1,"minecraft:cocoa_beans":48,"minecraft:crafting_table":8,"minecraft:water_bucket":2,"minecraft:andesite":4,"minecraft:jungle_log":150,"minecraft:salmon":11,"minecraft:oak_log":111,"minecraft:shield":3,"minecraft:lapis_lazuli":60,"minecraft:dirt":9,"minecraft:iron_axe":3,"minecraft:raw_copper":196,"minecraft:iron_leggings":1,"minecraft:bone":14,"minecraft:iron_shovel":2,"minecraft:kelp":262,"minecraft:wheat_seeds":2,"minecraft:cobbled_deepslate":3,"minecraft:bucket":1,"minecraft:bell":4,"minecraft:iron_ingot":35,"minecraft:acacia_fence_gate":1,"minecraft:iron_pickaxe":4,"minecraft:melon_slice":560,"minecraft:sugar_cane":132,"minecraft:iron_sword":5,"minecraft:iron_boots":1,"minecraft:furnace":8,"minecraft:stick":18,"minecraft:raw_iron":111,"minecraft:torch":198,"minecraft:gravel":3,"minecraft:porkchop":68,"minecraft:diorite":1,"minecraft:orange_bed":5,"minecraft:arrow":12,"minecraft:rotten_flesh":9,"minecraft:diamond":11,"minecraft:iron_helmet":1,"minecraft:hay_block":22,"minecraft:armadillo_scute":2,"minecraft:bread":121,"minecraft:coal":694,"minecraft:cobblestone":201},"minecraft:mined":{"minecraft:deepslate_diamond_ore":10,"minecraft:kelp_plant":13,"minecraft:crafting_table":6,"minecraft:torch":2,"minecraft:short_grass":18,"minecraft:grass_block":3,"minecraft:melon":40,"minecraft:jungle_log":47,"minecraft:copper_ore":13,"minecraft:cobblestone":24,"minecraft:lapis_ore":2,"minecraft:sugar_cane":15,"minecraft:kelp":5,"minecraft:diorite":1,"minecraft:wall_torch":3,"minecraft:seagrass":1,"minecraft:hay_block":22,"minecraft:furnace":5,"minecraft:iron_ore":81,"minecraft:fire":6,"minecraft:andesite":3,"minecraft:bell":1,"minecraft:oak_log":42,"minecraft:coal_ore":177,"minecraft:cocoa":2,"minecraft:vine":3,"minecraft:dirt":6,"minecraft:stone":110,"minecraft:oak_leaves":7,"minecraft:deepslate":3,"minecraft:fern":1,"minecraft:orange_bed":2},"minecraft:custom":{"minecraft:interact_with_furnace":40,"minecraft:mob_kills":25,"minecraft:interact_with_crafting_table":23,"minecraft:time_since_death":2688,"minecraft:sleep_in_bed":1,"minecraft:climb_one_cm":2887,"minecraft:time_since_rest":2713,"minecraft:sprint_one_cm":189417,"minecraft:damage_taken":2501,"minecraft:walk_one_cm":114766,"minecraft:damage_blocked_by_shield":345,"minecraft:drop":13,"minecraft:damage_dealt":3751,"minecraft:swim_one_cm":27546,"minecraft:fly_one_cm":262389,"minecraft:open_chest":2,"minecraft:crouch_one_cm":11664,"minecraft:play_time":64906,"minecraft:deaths":3,"minecraft:sneak_time":4524,"minecraft:walk_under_water_one_cm":6667,"minecraft:jump":1335,"minecraft:walk_on_water_one_cm":26580,"minecraft:total_world_time":64906,"minecraft:fall_one_cm":35315},"minecraft:killed":{"minecraft:pig":9,"minecraft:zombie_villager":1,"minecraft:salmon":4,"minecraft:skeleton":3,"minecraft:zombie":8}},"DataVersion":3953}