{"stats":{"minecraft:custom":{"minecraft:animals_bred":1,"minecraft:interact_with_crafting_table":113,"minecraft:bell_ring":19,"minecraft:leave_game":2,"minecraft:time_since_death":405281,"minecraft:sprint_one_cm":1631586,"minecraft:damage_blocked_by_shield":3117,"minecraft:drop":114,"minecraft:talked_to_villager":175,"minecraft:play_time":486825,"minecraft:deaths":7,"minecraft:jump":8473,"minecraft:walk_on_water_one_cm":79073,"minecraft:interact_with_furnace":165,"minecraft:traded_with_villager":231,"minecraft:sleep_in_bed":21,"minecraft:damage_dealt":24763,"minecraft:player_kills":1,"minecraft:crouch_one_cm":92395,"minecraft:interact_with_smoker":3,"minecraft:mob_kills":200,"minecraft:climb_one_cm":19487,"minecraft:walk_one_cm":1215259,"minecraft:sneak_time":28262,"minecraft:walk_under_water_one_cm":13406,"minecraft:boat_one_cm":50375,"minecraft:total_world_time":486825,"minecraft:time_since_rest":57123,"minecraft:damage_taken":7107,"minecraft:swim_one_cm":48342,"minecraft:fly_one_cm":2012057,"minecraft:open_chest":180,"minecraft:fall_one_cm":204567},"minecraft:killed_by":{"minecraft:creeper":1,"minecraft:witch":1,"minecraft:skeleton":4},"minecraft:broken":{"minecraft:iron_shovel":1,"minecraft:stone_pickaxe":2,"minecraft:stone_axe":1,"minecraft:iron_sword":1,"minecraft:shield":1,"minecraft:iron_axe":9,"minecraft:iron_pickaxe":4},"minecraft:used":{"minecraft:iron_shovel":478,"minecraft:ladder":12,"minecraft:shield":48,"minecraft:chest":15,"minecraft:iron_sword":351,"minecraft:bell":3,"minecraft:jungle_planks":400,"minecraft:acacia_sapling":4,"minecraft:tuff":26,"minecraft:bow":35,"minecraft:oak_sapling":5,"minecraft:furnace":17,"minecraft:acacia_fence":20,"minecraft:egg":11,"minecraft:diorite":2,"minecraft:stone_pickaxe":321,"minecraft:oak_planks":352,"minecraft:wooden_pickaxe":10,"minecraft:composter":3,"minecraft:sugar_cane":55,"minecraft:lever":1,"minecraft:acacia_door":3,"minecraft:bread":143,"minecraft:melon_slice":45,"minecraft:lectern":129,"minecraft:gravel":272,"minecraft:andesite":1,"minecraft:bone_meal":16,"minecraft:iron_bars":12,"minecraft:stone_sword":60,"minecraft:acacia_log":105,"minecraft:cooked_salmon":1,"minecraft:oak_door":2,"minecraft:orange_bed":15,"minecraft:torch":203,"minecraft:dirt":89,"minecraft:yellow_carpet":1,"minecraft:granite":1,"minecraft:iron_hoe":76,"minecraft:bookshelf":6,"minecraft:iron_axe":2381,"minecraft:acacia_slab":2,"minecraft:jungle_log":4,"minecraft:iron_boots":1,"minecraft:melon_seeds":4,"minecraft:acacia_planks":927,"minecraft:cobbled_deepslate":54,"minecraft:iron_leggings":1,"minecraft:acacia_boat":15,"minecraft:water_bucket":14,"minecraft:fletching_table":22,"minecraft:crafting_table":14,"minecraft:spruce_log":1,"minecraft:oak_log":8,"minecraft:acacia_stairs":74,"minecraft:diamond_pickaxe":105,"minecraft:iron_pickaxe":1084,"minecraft:jungle_stairs":2,"minecraft:stone_axe":160,"minecraft:cobblestone":318,"minecraft:cooked_porkchop":1,"minecraft:bucket":15,"minecraft:kelp":6},"minecraft:killed":{"minecraft:spider":11,"minecraft:skeleton":21,"minecraft:chicken":32,"minecraft:pig":9,"minecraft:zombie_villager":2,"minecraft:salmon":4,"minecraft:creeper":3,"minecraft:zombie":48,"minecraft:cow":70},"minecraft:mined":{"minecraft:attached_melon_stem":4,"minecraft:white_bed":2,"minecraft:oak_sapling":9,"minecraft:farmland":6,"minecraft:cobblestone_stairs":9,"minecraft:jungle_leaves":19,"minecraft:obsidian":35,"minecraft:granite":1,"minecraft:acacia_log":315,"minecraft:grass_block":126,"minecraft:yellow_carpet":1,"minecraft:jungle_log":115,"minecraft:composter":7,"minecraft:iron_ore":234,"minecraft:cobbled_deepslate":15,"minecraft:fire":23,"minecraft:deepslate_lapis_ore":3,"minecraft:fletching_table":18,"minecraft:iron_bars":5,"minecraft:oak_stairs":1,"minecraft:orange_bed":15,"minecraft:kelp_plant":13,"minecraft:melon_stem":48,"minecraft:torch":6,"minecraft:melon":46,"minecraft:chest":11,"minecraft:cobblestone":271,"minecraft:sugar_cane":139,"minecraft:oak_planks":55,"minecraft:wall_torch":25,"minecraft:seagrass":5,"minecraft:acacia_sapling":1,"minecraft:birch_log":261,"minecraft:wheat":386,"minecraft:oak_log":1025,"minecraft:beetroots":14,"minecraft:acacia_fence":4,"minecraft:sand":3,"minecraft:dirt":30,"minecraft:oak_leaves":97,"minecraft:deepslate":37,"minecraft:diamond_ore":1,"minecraft:tuff":28,"minecraft:mossy_cobblestone":1,"minecraft:deepslate_diamond_ore":27,"minecraft:oak_door":14,"minecraft:ladder":3,"minecraft:jungle_planks":24,"minecraft:cartography_table":1,"minecraft:kelp":5,"minecraft:hay_block":71,"minecraft:furnace":9,"minecraft:carrots":30,"minecraft:acacia_stairs":14,"minecraft:andesite":3,"minecraft:bell":4,"minecraft:bookshelf":6,"minecraft:potatoes":12,"minecraft:deepslate_iron_ore":22,"minecraft:vine":6,"minecraft:stripped_jungle_log":1,"minecraft:stripped_acacia_log":1,"minecraft:stripped_oak_log":17,"minecraft:stone":224,"minecraft:acacia_leaves":47,"minecraft:glass_pane":8,"minecraft:crafting_table":12,"minecraft:short_grass":54,"minecraft:lectern":126,"minecraft:tall_grass":7,"minecraft:copper_ore":13,"minecraft:lapis_ore":10,"minecraft:diorite":7,"minecraft:spruce_log":1,"minecraft:white_carpet":1,"minecraft:birch_leaves":1,"minecraft:yellow_bed":5,"minecraft:coal_ore":530,"minecraft:cocoa":2,"minecraft:gravel":329,"minecraft:acacia_door":1,"minecraft:cobweb":3,"minecraft:acacia_planks":136,"minecraft:fern":1},"minecraft:dropped":{"minecraft:iron_sword":1,"minecraft:lapis_lazuli":13,"minecraft:oak_log":72,"minecraft:diamond":2,"minecraft:crafting_table":1,"minecraft:cooked_porkchop":18,"minecraft:cobblestone_stairs":1,"minecraft:dirt":10,"minecraft:cooked_cod":9,"minecraft:acacia_fence_gate":1,"minecraft:bone_meal":5,"minecraft:iron_pickaxe":2,"minecraft:fishing_rod":1,"minecraft:bone":2,"minecraft:gravel":31,"minecraft:stone_axe":2,"minecraft:golden_chestplate":1,"minecraft:cobbled_deepslate":14,"minecraft:rotten_flesh":61,"minecraft:gunpowder":2,"minecraft:melon_seeds":105,"minecraft:jungle_log":19,"minecraft:acacia_sapling":11,"minecraft:arrow":6,"minecraft:beef":60,"minecraft:egg":16,"minecraft:enchanted_book":2,"minecraft:iron_ingot":9,"minecraft:bread":15,"minecraft:wheat_seeds":544,"minecraft:feather":3,"minecraft:cobblestone":18,"minecraft:tropical_fish":2,"minecraft:acacia_log":57,"minecraft:stick":23,"minecraft:torch":1,"minecraft:melon_slice":47,"minecraft:armadillo_scute":1,"minecraft:iron_axe":1,"minecraft:iron_shovel":1,"minecraft:string":6,"minecraft:acacia_planks":34,"minecraft:redstone":44,"minecraft:stone_sword":2,"minecraft:cocoa_beans":6,"minecraft:tuff":2,"minecraft:raw_iron":43,"minecraft:stone_shovel":1,"minecraft:chicken":30,"minecraft:iron_boots":1,"minecraft:iron_hoe":2,"minecraft:shield":1,"minecraft:iron_chestplate":1,"minecraft:andesite":3,"minecraft:oak_sapling":63,"minecraft:spider_eye":4,"minecraft:stone_pickaxe":1,"minecraft:wooden_pickaxe":1,"minecraft:raw_gold":13},"minecraft:picked_up":{"minecraft:iron_chestplate":4,"minecraft:wheat":278,"minecraft:oak_stairs":1,"minecraft:enchanted_book":1,"minecraft:string":9,"minecraft:raw_copper":294,"minecraft:iron_leggings":3,"minecraft:beetroot":10,"minecraft:cobbled_deepslate":74,"minecraft:bucket":1,"minecraft:acacia_fence_gate":1,"minecraft:iron_pickaxe":9,"minecraft:melon_slice":934,"minecraft:iron_boots":5,"minecraft:furnace":18,"minecraft:stick":88,"minecraft:acacia_fence":4,"minecraft:composter":7,"minecraft:torch":377,"minecraft:acacia_log":466,"minecraft:porkchop":102,"minecraft:diorite":7,"minecraft:golden_chestplate":1,"minecraft:orange_bed":22,"minecraft:rotten_flesh":113,"minecraft:tropical_fish":2,"minecraft:armadillo_scute":2,"minecraft:obsidian":35,"minecraft:iron_bars":5,"minecraft:cobblestone":561,"minecraft:birch_log":256,"minecraft:feather":30,"minecraft:jungle_log":343,"minecraft:water_bucket":4,"minecraft:andesite":6,"minecraft:potato":36,"minecraft:flint":33,"minecraft:tuff":38,"minecraft:acacia_boat":15,"minecraft:dirt":64,"minecraft:lapis_lazuli":201,"minecraft:bone":47,"minecraft:acacia_planks":299,"minecraft:bow":1,"minecraft:wheat_seeds":628,"minecraft:raw_gold":13,"minecraft:bell":10,"minecraft:fletching_table":18,"minecraft:oak_planks":121,"minecraft:cooked_porkchop":10,"minecraft:poisonous_potato":1,"minecraft:jungle_planks":25,"minecraft:sand":3,"minecraft:acacia_stairs":14,"minecraft:mossy_cobblestone":1,"minecraft:iron_hoe":2,"minecraft:stripped_acacia_log":1,"minecraft:yellow_carpet":1,"minecraft:diamond":80,"minecraft:granite":4,"minecraft:emerald":11,"minecraft:bread":173,"minecraft:oak_sapling":80,"minecraft:fishing_rod":1,"minecraft:cocoa_beans":90,"minecraft:crafting_table":15,"minecraft:chicken":30,"minecraft:ladder":4,"minecraft:shield":6,"minecraft:acacia_door":1,"minecraft:iron_axe":6,"minecraft:iron_shovel":3,"minecraft:cartography_table":1,"minecraft:beef":143,"minecraft:jungle_sapling":6,"minecraft:lectern":125,"minecraft:sugar_cane":397,"minecraft:chest":11,"minecraft:egg":28,"minecraft:raw_iron":421,"minecraft:oak_door":14,"minecraft:carrot":62,"minecraft:redstone":44,"minecraft:arrow":59,"minecraft:cooked_cod":9,"minecraft:beetroot_seeds":27,"minecraft:hay_block":71,"minecraft:stripped_oak_log":17,"minecraft:salmon":15,"minecraft:leather":74,"minecraft:oak_log":1228,"minecraft:yellow_bed":5,"minecraft:gunpowder":4,"minecraft:cobblestone_stairs":9,"minecraft:apple":12,"minecraft:kelp":390,"minecraft:iron_ingot":102,"minecraft:acacia_sapling":20,"minecraft:iron_sword":11,"minecraft:book":19,"minecraft:gravel":299,"minecraft:white_bed":2,"minecraft:spruce_log":1,"minecraft:spider_eye":4,"minecraft:stripped_jungle_log":1,"minecraft:stone_axe":1,"minecraft:iron_helmet":2,"minecraft:melon_seeds":105,"minecraft:coal":1399},"minecraft:crafted":{"minecraft:oak_planks":3640,"minecraft:melon":9,"minecraft:lever":1,"minecraft:bookshelf":10,"minecraft:iron_bars":16,"minecraft:glass":6,"minecraft:bow":1,"minecraft:iron_boots":1,"minecraft:melon_seeds":4,"minecraft:chest":4,"minecraft:acacia_fence":57,"minecraft:jungle_stairs":4,"minecraft:raw_iron_block":18,"minecraft:oak_slab":18,"minecraft:emerald":213,"minecraft:arrow":236,"minecraft:cooked_porkchop":9,"minecraft:crafting_table":5,"minecraft:acacia_slab":6,"minecraft:wooden_pickaxe":1,"minecraft:iron_helmet":2,"minecraft:copper_ingot":64,"minecraft:fletching_table":4,"minecraft:lectern":4,"minecraft:book":51,"minecraft:iron_chestplate":1,"minecraft:paper":144,"minecraft:diamond_pickaxe":1,"minecraft:shield":1,"minecraft:stick":6981,"minecraft:iron_ingot":253,"minecraft:iron_pickaxe":5,"minecraft:iron_block":16,"minecraft:stone_sword":2,"minecraft:acacia_door":3,"minecraft:raw_iron":162,"minecraft:stone_shovel":1,"minecraft:furnace":7,"minecraft:bone_meal":21,"minecraft:iron_axe":11,"minecraft:ladder":12,"minecraft:iron_hoe":1,"minecraft:stone_pickaxe":3,"minecraft:wheat":198,"minecraft:coal_block":45,"minecraft:enchanting_table":1,"minecraft:iron_sword":2,"minecraft:cooked_salmon":1,"minecraft:bucket":1,"minecraft:acacia_stairs":88,"minecraft:stone_axe":2,"minecraft:enchanted_book":6,"minecraft:bread":152,"minecraft:acacia_boat":4,"minecraft:air":0,"minecraft:jungle_planks":572,"minecraft:iron_shovel":3,"minecraft:iron_leggings":2,"minecraft:acacia_planks":1132,"minecraft:torch":128,"minecraft:lapis_block":8}},"DataVersion":3953}