{"stats":{"minecraft:killed_by":{"minecraft:creeper":1,"minecraft:witch":1,"minecraft:player":1,"minecraft:skeleton":4},"minecraft:crafted":{"minecraft:ender_chest":5,"minecraft:smooth_stone":2,"minecraft:oak_planks":4288,"minecraft:melon":9,"minecraft:blaze_powder":6,"minecraft:cooked_chicken":29,"minecraft:lever":1,"minecraft:diamond_shovel":2,"minecraft:bookshelf":27,"minecraft:iron_bars":16,"minecraft:glass":6,"minecraft:diamond_helmet":1,"minecraft:bow":2,"minecraft:diamond_leggings":1,"minecraft:iron_boots":2,"minecraft:melon_seeds":4,"minecraft:chest":6,"minecraft:acacia_fence":57,"minecraft:jungle_stairs":12,"minecraft:ender_eye":4,"minecraft:golden_boots":1,"minecraft:raw_iron_block":43,"minecraft:golden_axe":1,"minecraft:glass_bottle":3,"minecraft:oak_slab":18,"minecraft:deepslate":56,"minecraft:arrow":428,"minecraft:emerald":1044,"minecraft:cooked_porkchop":9,"minecraft:diamond_axe":3,"minecraft:crafting_table":12,"minecraft:spruce_planks":8832,"minecraft:acacia_slab":84,"minecraft:wooden_pickaxe":1,"minecraft:iron_helmet":3,"minecraft:copper_ingot":64,"minecraft:fletching_table":4,"minecraft:birch_planks":1508,"minecraft:lectern":6,"minecraft:iron_chestplate":2,"minecraft:book":107,"minecraft:paper":312,"minecraft:diamond_pickaxe":5,"minecraft:emerald_block":44,"minecraft:shield":3,"minecraft:stick":28848,"minecraft:iron_ingot":580,"minecraft:iron_pickaxe":5,"minecraft:iron_block":47,"minecraft:stone_sword":2,"minecraft:snow_block":113,"minecraft:acacia_door":3,"minecraft:gold_ingot":20,"minecraft:shears":1,"minecraft:stone_shovel":1,"minecraft:raw_iron":387,"minecraft:coal":261,"minecraft:furnace":11,"minecraft:bone_meal":24,"minecraft:diamond_block":8,"minecraft:flint_and_steel":4,"minecraft:iron_axe":11,"minecraft:ladder":12,"minecraft:iron_hoe":2,"minecraft:stone_pickaxe":3,"minecraft:diamond_boots":1,"minecraft:spruce_boat":2,"minecraft:wheat":551,"minecraft:cooked_beef":86,"minecraft:coal_block":106,"minecraft:diamond_sword":2,"minecraft:enchanting_table":1,"minecraft:iron_sword":2,"minecraft:cooked_salmon":1,"minecraft:bucket":1,"minecraft:acacia_stairs":88,"minecraft:stone_axe":2,"minecraft:enchanted_book":19,"minecraft:air":0,"minecraft:jungle_slab":66,"minecraft:acacia_boat":6,"minecraft:bread":278,"minecraft:jungle_planks":572,"minecraft:golden_apple":3,"minecraft:iron_shovel":3,"minecraft:iron_leggings":3,"minecraft:anvil":1,"minecraft:acacia_planks":1228,"minecraft:torch":1832,"minecraft:lapis_lazuli":54,"minecraft:lapis_block":25,"minecraft:diamond_chestplate":1},"minecraft:broken":{"minecraft:iron_shovel":1,"minecraft:stone_pickaxe":2,"minecraft:stone_axe":1,"minecraft:iron_sword":1,"minecraft:shield":1,"minecraft:iron_axe":10,"minecraft:iron_pickaxe":4},"minecraft:used":{"minecraft:iron_shovel":478,"minecraft:ladder":12,"minecraft:chest":17,"minecraft:shield":73,"minecraft:nether_wart":26,"minecraft:stone":85,"minecraft:iron_sword":386,"minecraft:bell":3,"minecraft:soul_sand":20,"minecraft:jungle_planks":404,"minecraft:jungle_slab":12,"minecraft:acacia_sapling":4,"minecraft:tuff":27,"minecraft:obsidian":45,"minecraft:spruce_boat":3,"minecraft:packed_ice":3,"minecraft:coal_ore":206,"minecraft:grass_block":1,"minecraft:bow":418,"minecraft:oak_sapling":5,"minecraft:furnace":21,"minecraft:acacia_fence":20,"minecraft:egg":40,"minecraft:diorite":15,"minecraft:oak_planks":488,"minecraft:stone_pickaxe":321,"minecraft:ender_pearl":13,"minecraft:wooden_pickaxe":10,"minecraft:composter":3,"minecraft:sugar_cane":55,"minecraft:diamond_axe":2800,"minecraft:golden_apple":3,"minecraft:yellow_terracotta":1,"minecraft:shears":12,"minecraft:deepslate_tiles":1,"minecraft:lever":2,"minecraft:deepslate_iron_ore":5,"minecraft:melon_slice":45,"minecraft:acacia_door":5,"minecraft:bread":270,"minecraft:lectern":134,"minecraft:red_terracotta":1,"minecraft:gravel":278,"minecraft:diamond_sword":602,"minecraft:andesite":4,"minecraft:birch_log":15,"minecraft:bone_meal":19,"minecraft:iron_bars":12,"minecraft:acacia_log":105,"minecraft:stone_sword":60,"minecraft:flint_and_steel":77,"minecraft:enchanting_table":2,"minecraft:carved_pumpkin":16,"minecraft:spruce_planks":3,"minecraft:ender_chest":23,"minecraft:cooked_salmon":1,"minecraft:cooked_chicken":44,"minecraft:netherrack":420,"minecraft:oak_door":2,"minecraft:orange_bed":15,"minecraft:torch":1907,"minecraft:dirt":167,"minecraft:anvil":5,"minecraft:yellow_carpet":1,"minecraft:granite":2,"minecraft:iron_hoe":76,"minecraft:chipped_anvil":1,"minecraft:bookshelf":37,"minecraft:iron_axe":2588,"minecraft:acacia_slab":2,"minecraft:jungle_log":4,"minecraft:iron_boots":1,"minecraft:melon_seeds":4,"minecraft:basalt":1,"minecraft:acacia_wood":1,"minecraft:cooked_beef":76,"minecraft:cobbled_deepslate":538,"minecraft:acacia_planks":991,"minecraft:pumpkin":24,"minecraft:iron_leggings":1,"minecraft:acacia_boat":32,"minecraft:water_bucket":38,"minecraft:iron_ore":106,"minecraft:snow_block":113,"minecraft:glass_bottle":3,"minecraft:fletching_table":22,"minecraft:mossy_cobblestone":4,"minecraft:rail":1,"minecraft:crafting_table":26,"minecraft:brown_banner":1,"minecraft:red_bed":1,"minecraft:white_bed":2,"minecraft:spruce_log":8,"minecraft:oak_log":8,"minecraft:diamond_pickaxe":4994,"minecraft:acacia_stairs":95,"minecraft:apple":1,"minecraft:diamond_shovel":297,"minecraft:iron_pickaxe":1084,"minecraft:jungle_stairs":23,"minecraft:spruce_sapling":112,"minecraft:stone_axe":160,"minecraft:cobblestone":572,"minecraft:cooked_porkchop":1,"minecraft:bucket":39,"minecraft:yellow_bed":1,"minecraft:kelp":6},"minecraft:mined":{"minecraft:attached_melon_stem":4,"minecraft:white_bed":4,"minecraft:oak_sapling":9,"minecraft:farmland":7,"minecraft:jungle_slab":10,"minecraft:cobblestone_stairs":9,"minecraft:jungle_leaves":19,"minecraft:carved_pumpkin":16,"minecraft:obsidian":84,"minecraft:granite":17,"minecraft:acacia_log":354,"minecraft:grass_block":196,"minecraft:yellow_carpet":1,"minecraft:jungle_log":115,"minecraft:soul_soil":16,"minecraft:composter":7,"minecraft:nether_wart":12,"minecraft:spawner":3,"minecraft:glowstone":70,"minecraft:iron_ore":438,"minecraft:fire":94,"minecraft:cobbled_deepslate":76,"minecraft:pumpkin":33,"minecraft:anvil":3,"minecraft:deepslate_lapis_ore":17,"minecraft:fletching_table":18,"minecraft:enchanting_table":1,"minecraft:oak_stairs":1,"minecraft:iron_bars":5,"minecraft:orange_bed":19,"minecraft:deepslate_redstone_ore":20,"minecraft:red_bed":1,"minecraft:blackstone":55,"minecraft:kelp_plant":13,"minecraft:melon_stem":48,"minecraft:crimson_nylium":13,"minecraft:torch":11,"minecraft:jungle_stairs":16,"minecraft:calcite":11,"minecraft:melon":55,"minecraft:chest":11,"minecraft:nether_quartz_ore":36,"minecraft:cobblestone":276,"minecraft:oak_planks":200,"minecraft:sugar_cane":271,"minecraft:wall_torch":32,"minecraft:seagrass":5,"minecraft:repeater":1,"minecraft:warped_nylium":7,"minecraft:acacia_sapling":1,"minecraft:birch_log":393,"minecraft:wheat":386,"minecraft:oak_log":1050,"minecraft:beetroots":14,"minecraft:acacia_fence":11,"minecraft:sand":4,"minecraft:dirt":53,"minecraft:smooth_basalt":14,"minecraft:yellow_terracotta":1,"minecraft:netherrack":2138,"minecraft:oak_leaves":97,"minecraft:deepslate":835,"minecraft:nether_gold_ore":8,"minecraft:deepslate_tiles":1,"minecraft:diamond_ore":1,"minecraft:tuff":33,"minecraft:mossy_cobblestone":2,"minecraft:deepslate_diamond_ore":77,"minecraft:oak_door":14,"minecraft:nether_bricks":17,"minecraft:lever":1,"minecraft:ladder":3,"minecraft:jungle_planks":29,"minecraft:crimson_roots":1,"minecraft:redstone_wire":1,"minecraft:acacia_slab":1,"minecraft:spruce_leaves":61,"minecraft:kelp":5,"minecraft:cartography_table":1,"minecraft:large_fern":3,"minecraft:hay_block":71,"minecraft:furnace":13,"minecraft:carrots":30,"minecraft:acacia_wood":2,"minecraft:acacia_stairs":49,"minecraft:andesite":17,"minecraft:bell":4,"minecraft:bookshelf":22,"minecraft:potatoes":12,"minecraft:deepslate_iron_ore":54,"minecraft:vine":6,"minecraft:rail":1,"minecraft:stripped_oak_log":17,"minecraft:stripped_acacia_log":1,"minecraft:stripped_jungle_log":1,"minecraft:packed_ice":70,"minecraft:stone":542,"minecraft:ender_chest":21,"minecraft:acacia_leaves":47,"minecraft:glass_pane":10,"minecraft:soul_sand":43,"minecraft:snow_block":137,"minecraft:basalt":125,"minecraft:crafting_table":19,"minecraft:short_grass":71,"minecraft:lectern":132,"minecraft:copper_ore":20,"minecraft:tall_grass":11,"minecraft:deepslate_coal_ore":1,"minecraft:lapis_ore":10,"minecraft:deepslate_gold_ore":19,"minecraft:diorite":31,"minecraft:red_terracotta":1,"minecraft:white_carpet":1,"minecraft:spruce_log":2357,"minecraft:birch_leaves":1,"minecraft:yellow_bed":6,"minecraft:cocoa":2,"minecraft:coal_ore":1140,"minecraft:acacia_door":1,"minecraft:gravel":352,"minecraft:cobweb":8,"minecraft:acacia_planks":211,"minecraft:chipped_anvil":1,"minecraft:fern":1},"minecraft:custom":{"minecraft:animals_bred":1,"minecraft:interact_with_crafting_table":223,"minecraft:bell_ring":28,"minecraft:leave_game":8,"minecraft:time_since_death":87463,"minecraft:sprint_one_cm":4591114,"minecraft:damage_blocked_by_shield":4414,"minecraft:drop":307,"minecraft:talked_to_villager":423,"minecraft:play_time":1225789,"minecraft:deaths":10,"minecraft:jump":22164,"minecraft:interact_with_brewingstand":8,"minecraft:walk_on_water_one_cm":172511,"minecraft:enchant_item":7,"minecraft:interact_with_furnace":359,"minecraft:traded_with_villager":880,"minecraft:sleep_in_bed":25,"minecraft:open_enderchest":83,"minecraft:damage_dealt":57432,"minecraft:player_kills":1,"minecraft:crouch_one_cm":260726,"minecraft:interact_with_smoker":18,"minecraft:horse_one_cm":9963,"minecraft:interact_with_anvil":8,"minecraft:mob_kills":502,"minecraft:climb_one_cm":37732,"minecraft:walk_one_cm":2626219,"minecraft:sneak_time":79996,"minecraft:walk_under_water_one_cm":32660,"minecraft:boat_one_cm":715946,"minecraft:total_world_time":1225789,"minecraft:interact_with_grindstone":3,"minecraft:time_since_rest":26134,"minecraft:damage_absorbed":79,"minecraft:damage_taken":18654,"minecraft:swim_one_cm":132639,"minecraft:fly_one_cm":5007718,"minecraft:open_chest":572,"minecraft:fall_one_cm":514934},"minecraft:dropped":{"minecraft:iron_sword":2,"minecraft:piston":1,"minecraft:ominous_bottle":1,"minecraft:diamond_axe":1,"minecraft:lapis_lazuli":62,"minecraft:oak_log":72,"minecraft:ender_pearl":1,"minecraft:diamond":5,"minecraft:crafting_table":2,"minecraft:cooked_porkchop":18,"minecraft:warped_roots":1,"minecraft:rail":4,"minecraft:flint":3,"minecraft:cobblestone_stairs":1,"minecraft:dirt":15,"minecraft:melon":15,"minecraft:crimson_roots":1,"minecraft:cooked_cod":9,"minecraft:snowball":16,"minecraft:acacia_fence_gate":1,"minecraft:bone_meal":6,"minecraft:iron_pickaxe":2,"minecraft:birch_log":64,"minecraft:fishing_rod":1,"minecraft:gold_ingot":27,"minecraft:bone":21,"minecraft:gravel":44,"minecraft:stone_axe":2,"minecraft:cooked_chicken":36,"minecraft:golden_chestplate":1,"minecraft:cobbled_deepslate":32,"minecraft:birch_sapling":3,"minecraft:rotten_flesh":141,"minecraft:diamond_shovel":1,"minecraft:gunpowder":4,"minecraft:glowstone":13,"minecraft:melon_seeds":105,"minecraft:jungle_log":19,"minecraft:acacia_sapling":11,"minecraft:leather_leggings":1,"minecraft:arrow":7,"minecraft:beef":67,"minecraft:netherrack":332,"minecraft:egg":16,"minecraft:enchanted_book":3,"minecraft:iron_ingot":23,"minecraft:bread":15,"minecraft:wheat_seeds":570,"minecraft:cobblestone":155,"minecraft:iron_helmet":1,"minecraft:feather":5,"minecraft:granite":4,"minecraft:tropical_fish":2,"minecraft:acacia_log":57,"minecraft:coal":10,"minecraft:stick":1230,"minecraft:iron_block":2,"minecraft:diorite":9,"minecraft:torch":19,"minecraft:melon_slice":47,"minecraft:rib_armor_trim_smithing_template":1,"minecraft:iron_leggings":1,"minecraft:pumpkin":9,"minecraft:armadillo_scute":1,"minecraft:iron_axe":1,"minecraft:iron_shovel":1,"minecraft:string":20,"minecraft:acacia_planks":35,"minecraft:redstone":48,"minecraft:kelp":65,"minecraft:warped_nylium":1,"minecraft:stone_sword":2,"minecraft:cocoa_beans":6,"minecraft:tuff":8,"minecraft:raw_iron":45,"minecraft:stone_shovel":1,"minecraft:chicken":30,"minecraft:iron_boots":3,"minecraft:iron_hoe":2,"minecraft:diamond_sword":3,"minecraft:hay_block":9,"minecraft:spruce_boat":1,"minecraft:stone":11,"minecraft:shield":1,"minecraft:spruce_planks":7,"minecraft:diamond_pickaxe":4,"minecraft:iron_chestplate":2,"minecraft:andesite":7,"minecraft:oak_sapling":63,"minecraft:spider_eye":12,"minecraft:spruce_log":4,"minecraft:slime_ball":19,"minecraft:bow":4,"minecraft:stone_pickaxe":1,"minecraft:wooden_pickaxe":1,"minecraft:raw_gold":13,"minecraft:magma_cream":2},"minecraft:picked_up":{"minecraft:iron_chestplate":5,"minecraft:wheat":289,"minecraft:ender_chest":24,"minecraft:anvil":4,"minecraft:diamond_sword":5,"minecraft:oak_stairs":1,"minecraft:enchanted_book":2,"minecraft:lapis_block":4,"minecraft:string":45,"minecraft:raw_copper":344,"minecraft:iron_leggings":4,"minecraft:beetroot":10,"minecraft:diamond_leggings":2,"minecraft:deepslate_tiles":1,"minecraft:cobbled_deepslate":1274,"minecraft:bucket":2,"minecraft:spruce_planks":29,"minecraft:acacia_fence_gate":1,"minecraft:iron_pickaxe":9,"minecraft:melon_slice":934,"minecraft:coal_block":48,"minecraft:deepslate_iron_ore":5,"minecraft:iron_boots":7,"minecraft:furnace":26,"minecraft:stick":1282,"minecraft:acacia_fence":5,"minecraft:composter":7,"minecraft:torch":552,"minecraft:acacia_log":490,"minecraft:porkchop":102,"minecraft:golden_axe":1,"minecraft:diorite":29,"minecraft:golden_chestplate":1,"minecraft:orange_bed":22,"minecraft:rotten_flesh":266,"minecraft:tropical_fish":2,"minecraft:iron_block":12,"minecraft:armadillo_scute":2,"minecraft:carved_pumpkin":16,"minecraft:glowstone":70,"minecraft:bookshelf":16,"minecraft:blaze_rod":13,"minecraft:obsidian":130,"minecraft:iron_bars":5,"minecraft:snowball":468,"minecraft:cobblestone":996,"minecraft:birch_log":456,"minecraft:enchanting_table":1,"minecraft:feather":53,"minecraft:cooked_beef":91,"minecraft:magma_cream":11,"minecraft:water_bucket":6,"minecraft:andesite":13,"minecraft:jungle_log":343,"minecraft:potato":36,"minecraft:flint":37,"minecraft:tuff":45,"minecraft:acacia_boat":31,"minecraft:wither_skeleton_skull":3,"minecraft:lapis_lazuli":391,"minecraft:dirt":147,"minecraft:bone":128,"minecraft:chipped_anvil":2,"minecraft:acacia_planks":368,"minecraft:bow":8,"minecraft:wheat_seeds":666,"minecraft:raw_gold":63,"minecraft:bell":10,"minecraft:diamond_helmet":2,"minecraft:fletching_table":18,"minecraft:oak_planks":265,"minecraft:cooked_porkchop":10,"minecraft:poisonous_potato":1,"minecraft:sand":4,"minecraft:jungle_planks":29,"minecraft:melon":24,"minecraft:grass_block":1,"minecraft:acacia_stairs":48,"minecraft:red_terracotta":1,"minecraft:jungle_slab":11,"minecraft:mossy_cobblestone":5,"minecraft:iron_hoe":2,"minecraft:stripped_acacia_log":1,"minecraft:sugar":1,"minecraft:yellow_carpet":1,"minecraft:diamond":193,"minecraft:spruce_boat":3,"minecraft:lever":1,"minecraft:granite":9,"minecraft:bone_meal":1,"minecraft:golden_apple":5,"minecraft:emerald":12,"minecraft:bread":234,"minecraft:spruce_leaves":4,"minecraft:oak_sapling":80,"minecraft:netherrack":880,"minecraft:ominous_bottle":2,"minecraft:crimson_roots":1,"minecraft:diamond_pickaxe":8,"minecraft:fishing_rod":1,"minecraft:cocoa_beans":90,"minecraft:crafting_table":24,"minecraft:ladder":4,"minecraft:chicken":48,"minecraft:nether_wart":31,"minecraft:leather_leggings":1,"minecraft:packed_ice":67,"minecraft:shield":10,"minecraft:red_bed":1,"minecraft:iron_axe":6,"minecraft:acacia_door":1,"minecraft:flint_and_steel":2,"minecraft:iron_shovel":3,"minecraft:cartography_table":1,"minecraft:beef":143,"minecraft:jungle_sapling":6,"minecraft:lectern":131,"minecraft:sugar_cane":566,"minecraft:chest":11,"minecraft:birch_sapling":6,"minecraft:piston":1,"minecraft:phantom_membrane":64,"minecraft:egg":77,"minecraft:raw_iron":730,"minecraft:stone":96,"minecraft:oak_door":14,"minecraft:carrot":63,"minecraft:redstone":104,"minecraft:diamond_chestplate":2,"minecraft:arrow":234,"minecraft:cooked_cod":9,"minecraft:beetroot_seeds":27,"minecraft:jungle_stairs":16,"minecraft:nether_bricks":13,"minecraft:diamond_boots":2,"minecraft:hay_block":71,"minecraft:yellow_terracotta":1,"minecraft:rail":5,"minecraft:stripped_oak_log":17,"minecraft:basalt":1,"minecraft:salmon":16,"minecraft:leather":96,"minecraft:acacia_wood":2,"minecraft:birch_planks":50,"minecraft:oak_log":1252,"minecraft:yellow_bed":5,"minecraft:gunpowder":14,"minecraft:cobblestone_stairs":9,"minecraft:apple":42,"minecraft:kelp":455,"minecraft:iron_ingot":110,"minecraft:cooked_chicken":34,"minecraft:iron_ore":106,"minecraft:iron_sword":12,"minecraft:acacia_sapling":20,"minecraft:soul_sand":39,"minecraft:book":34,"minecraft:emerald_block":16,"minecraft:pumpkin":33,"minecraft:quartz":70,"minecraft:gravel":318,"minecraft:spruce_sapling":321,"minecraft:white_bed":2,"minecraft:spruce_log":2500,"minecraft:spider_eye":27,"minecraft:leather_helmet":1,"minecraft:stripped_jungle_log":1,"minecraft:pumpkin_seeds":48,"minecraft:diamond_shovel":3,"minecraft:coal_ore":270,"minecraft:slime_ball":48,"minecraft:stone_axe":1,"minecraft:rib_armor_trim_smithing_template":1,"minecraft:iron_helmet":3,"minecraft:diamond_axe":3,"minecraft:warped_roots":1,"minecraft:brown_banner":1,"minecraft:acacia_slab":1,"minecraft:melon_seeds":105,"minecraft:warped_nylium":1,"minecraft:coal":2162,"minecraft:ender_pearl":62},"minecraft:killed":{"minecraft:cave_spider":1,"minecraft:spider":28,"minecraft:skeleton":54,"minecraft:chicken":54,"minecraft:magma_cube":22,"minecraft:pig":9,"minecraft:zombie_villager":4,"minecraft:salmon":4,"minecraft:creeper":16,"minecraft:pillager":7,"minecraft:zombie":129,"minecraft:ghast":3,"minecraft:blaze":21,"minecraft:cow":73,"minecraft:slime":17,"minecraft:phantom":28,"minecraft:horse":6,"minecraft:drowned":1,"minecraft:bat":1,"minecraft:wither_skeleton":6,"minecraft:enderman":11}},"DataVersion":3953}