{"stats":{"minecraft:killed":{"minecraft:spider":26,"minecraft:skeleton":41,"minecraft:chicken":54,"minecraft:pig":9,"minecraft:zombie_villager":3,"minecraft:salmon":4,"minecraft:creeper":15,"minecraft:pillager":7,"minecraft:zombie":111,"minecraft:cow":73,"minecraft:slime":17,"minecraft:phantom":15,"minecraft:horse":6,"minecraft:bat":1,"minecraft:enderman":9},"minecraft:picked_up":{"minecraft:iron_chestplate":5,"minecraft:wheat":285,"minecraft:anvil":4,"minecraft:diamond_sword":3,"minecraft:oak_stairs":1,"minecraft:enchanted_book":1,"minecraft:lapis_block":4,"minecraft:string":38,"minecraft:raw_copper":344,"minecraft:iron_leggings":4,"minecraft:beetroot":10,"minecraft:deepslate_tiles":1,"minecraft:cobbled_deepslate":308,"minecraft:bucket":2,"minecraft:spruce_planks":20,"minecraft:acacia_fence_gate":1,"minecraft:iron_pickaxe":9,"minecraft:melon_slice":934,"minecraft:coal_block":48,"minecraft:iron_boots":7,"minecraft:furnace":18,"minecraft:stick":546,"minecraft:acacia_fence":5,"minecraft:composter":7,"minecraft:torch":473,"minecraft:acacia_log":476,"minecraft:porkchop":102,"minecraft:diorite":27,"minecraft:golden_chestplate":1,"minecraft:orange_bed":22,"minecraft:rotten_flesh":211,"minecraft:tropical_fish":2,"minecraft:iron_block":12,"minecraft:armadillo_scute":2,"minecraft:glowstone":13,"minecraft:bookshelf":16,"minecraft:obsidian":80,"minecraft:iron_bars":5,"minecraft:cobblestone":982,"minecraft:birch_log":456,"minecraft:enchanting_table":1,"minecraft:feather":51,"minecraft:cooked_beef":16,"minecraft:water_bucket":4,"minecraft:andesite":9,"minecraft:jungle_log":343,"minecraft:potato":36,"minecraft:flint":33,"minecraft:tuff":39,"minecraft:acacia_boat":30,"minecraft:lapis_lazuli":391,"minecraft:dirt":143,"minecraft:bone":84,"minecraft:chipped_anvil":2,"minecraft:acacia_planks":366,"minecraft:bow":3,"minecraft:wheat_seeds":631,"minecraft:raw_gold":63,"minecraft:bell":10,"minecraft:fletching_table":18,"minecraft:oak_planks":265,"minecraft:cooked_porkchop":10,"minecraft:poisonous_potato":1,"minecraft:sand":4,"minecraft:jungle_planks":28,"minecraft:melon":21,"minecraft:grass_block":1,"minecraft:acacia_stairs":48,"minecraft:jungle_slab":11,"minecraft:mossy_cobblestone":5,"minecraft:iron_hoe":2,"minecraft:stripped_acacia_log":1,"minecraft:yellow_carpet":1,"minecraft:diamond":158,"minecraft:lever":1,"minecraft:granite":6,"minecraft:emerald":12,"minecraft:bread":234,"minecraft:oak_sapling":80,"minecraft:netherrack":280,"minecraft:crimson_roots":1,"minecraft:diamond_pickaxe":3,"minecraft:fishing_rod":1,"minecraft:cocoa_beans":90,"minecraft:crafting_table":18,"minecraft:chicken":48,"minecraft:ladder":4,"minecraft:leather_leggings":1,"minecraft:shield":7,"minecraft:red_bed":1,"minecraft:iron_axe":6,"minecraft:acacia_door":1,"minecraft:iron_shovel":3,"minecraft:cartography_table":1,"minecraft:beef":143,"minecraft:jungle_sapling":6,"minecraft:lectern":125,"minecraft:sugar_cane":473,"minecraft:chest":11,"minecraft:birch_sapling":6,"minecraft:piston":1,"minecraft:phantom_membrane":42,"minecraft:egg":76,"minecraft:raw_iron":548,"minecraft:stone":11,"minecraft:oak_door":14,"minecraft:carrot":63,"minecraft:redstone":104,"minecraft:arrow":209,"minecraft:cooked_cod":9,"minecraft:beetroot_seeds":27,"minecraft:jungle_stairs":16,"minecraft:hay_block":71,"minecraft:stripped_oak_log":17,"minecraft:salmon":15,"minecraft:leather":96,"minecraft:birch_planks":50,"minecraft:oak_log":1252,"minecraft:yellow_bed":5,"minecraft:gunpowder":12,"minecraft:cobblestone_stairs":9,"minecraft:apple":42,"minecraft:kelp":454,"minecraft:iron_ingot":110,"minecraft:cooked_chicken":31,"minecraft:iron_sword":12,"minecraft:acacia_sapling":20,"minecraft:book":34,"minecraft:emerald_block":16,"minecraft:quartz":23,"minecraft:gravel":299,"minecraft:spruce_sapling":197,"minecraft:white_bed":2,"minecraft:spruce_log":1240,"minecraft:spider_eye":24,"minecraft:leather_helmet":1,"minecraft:stripped_jungle_log":1,"minecraft:diamond_shovel":1,"minecraft:slime_ball":48,"minecraft:stone_axe":1,"minecraft:iron_helmet":3,"minecraft:diamond_axe":1,"minecraft:acacia_slab":1,"minecraft:melon_seeds":105,"minecraft:coal":1636,"minecraft:ender_pearl":31},"minecraft:broken":{"minecraft:iron_shovel":1,"minecraft:stone_pickaxe":2,"minecraft:stone_axe":1,"minecraft:iron_sword":1,"minecraft:shield":1,"minecraft:iron_axe":10,"minecraft:iron_pickaxe":4},"minecraft:custom":{"minecraft:animals_bred":1,"minecraft:interact_with_crafting_table":175,"minecraft:bell_ring":28,"minecraft:leave_game":6,"minecraft:time_since_death":224682,"minecraft:sprint_one_cm":3308630,"minecraft:damage_blocked_by_shield":4279,"minecraft:drop":207,"minecraft:talked_to_villager":340,"minecraft:play_time":872755,"minecraft:deaths":8,"minecraft:jump":15697,"minecraft:walk_on_water_one_cm":116913,"minecraft:enchant_item":6,"minecraft:interact_with_furnace":241,"minecraft:traded_with_villager":607,"minecraft:sleep_in_bed":23,"minecraft:damage_dealt":46200,"minecraft:player_kills":1,"minecraft:crouch_one_cm":164245,"minecraft:interact_with_smoker":4,"minecraft:interact_with_anvil":6,"minecraft:mob_kills":395,"minecraft:climb_one_cm":32483,"minecraft:walk_one_cm":2017163,"minecraft:sneak_time":50208,"minecraft:walk_under_water_one_cm":20501,"minecraft:boat_one_cm":290988,"minecraft:total_world_time":872755,"minecraft:interact_with_grindstone":2,"minecraft:time_since_rest":224711,"minecraft:damage_taken":12984,"minecraft:swim_one_cm":65040,"minecraft:fly_one_cm":3650970,"minecraft:open_chest":418,"minecraft:fall_one_cm":370731},"minecraft:used":{"minecraft:iron_shovel":478,"minecraft:ladder":12,"minecraft:chest":17,"minecraft:shield":69,"minecraft:iron_sword":386,"minecraft:bell":3,"minecraft:jungle_planks":403,"minecraft:jungle_slab":12,"minecraft:acacia_sapling":4,"minecraft:tuff":27,"minecraft:obsidian":19,"minecraft:grass_block":1,"minecraft:bow":265,"minecraft:oak_sapling":5,"minecraft:furnace":17,"minecraft:acacia_fence":20,"minecraft:egg":39,"minecraft:diorite":15,"minecraft:oak_planks":488,"minecraft:stone_pickaxe":321,"minecraft:ender_pearl":7,"minecraft:wooden_pickaxe":10,"minecraft:composter":3,"minecraft:sugar_cane":55,"minecraft:diamond_axe":1526,"minecraft:deepslate_tiles":1,"minecraft:lever":2,"minecraft:melon_slice":45,"minecraft:acacia_door":5,"minecraft:bread":270,"minecraft:lectern":129,"minecraft:gravel":272,"minecraft:diamond_sword":372,"minecraft:andesite":4,"minecraft:birch_log":15,"minecraft:bone_meal":19,"minecraft:iron_bars":12,"minecraft:acacia_log":105,"minecraft:stone_sword":60,"minecraft:enchanting_table":2,"minecraft:flint_and_steel":26,"minecraft:cooked_salmon":1,"minecraft:cooked_chicken":15,"minecraft:netherrack":281,"minecraft:oak_door":2,"minecraft:orange_bed":15,"minecraft:torch":1519,"minecraft:dirt":167,"minecraft:anvil":5,"minecraft:yellow_carpet":1,"minecraft:granite":2,"minecraft:iron_hoe":76,"minecraft:chipped_anvil":1,"minecraft:bookshelf":37,"minecraft:iron_axe":2588,"minecraft:acacia_slab":2,"minecraft:jungle_log":4,"minecraft:iron_boots":1,"minecraft:melon_seeds":4,"minecraft:cooked_beef":12,"minecraft:cobbled_deepslate":197,"minecraft:acacia_planks":989,"minecraft:iron_leggings":1,"minecraft:acacia_boat":30,"minecraft:water_bucket":30,"minecraft:fletching_table":22,"minecraft:mossy_cobblestone":4,"minecraft:crafting_table":18,"minecraft:red_bed":1,"minecraft:white_bed":2,"minecraft:spruce_log":3,"minecraft:oak_log":8,"minecraft:diamond_pickaxe":1351,"minecraft:acacia_stairs":95,"minecraft:apple":1,"minecraft:diamond_shovel":72,"minecraft:iron_pickaxe":1084,"minecraft:jungle_stairs":23,"minecraft:spruce_sapling":64,"minecraft:stone_axe":160,"minecraft:cobblestone":570,"minecraft:cooked_porkchop":1,"minecraft:bucket":31,"minecraft:yellow_bed":1,"minecraft:kelp":6},"minecraft:dropped":{"minecraft:iron_sword":2,"minecraft:piston":1,"minecraft:diamond_axe":1,"minecraft:lapis_lazuli":60,"minecraft:oak_log":72,"minecraft:ender_pearl":1,"minecraft:diamond":5,"minecraft:crafting_table":2,"minecraft:cooked_porkchop":18,"minecraft:cobblestone_stairs":1,"minecraft:dirt":11,"minecraft:crimson_roots":1,"minecraft:cooked_cod":9,"minecraft:acacia_fence_gate":1,"minecraft:bone_meal":5,"minecraft:iron_pickaxe":2,"minecraft:birch_log":64,"minecraft:fishing_rod":1,"minecraft:bone":2,"minecraft:gravel":31,"minecraft:stone_axe":2,"minecraft:cooked_chicken":32,"minecraft:golden_chestplate":1,"minecraft:cobbled_deepslate":14,"minecraft:birch_sapling":3,"minecraft:rotten_flesh":111,"minecraft:diamond_shovel":1,"minecraft:gunpowder":3,"minecraft:glowstone":13,"minecraft:melon_seeds":105,"minecraft:jungle_log":19,"minecraft:acacia_sapling":11,"minecraft:leather_leggings":1,"minecraft:arrow":7,"minecraft:beef":67,"minecraft:egg":16,"minecraft:bread":15,"minecraft:enchanted_book":2,"minecraft:iron_ingot":15,"minecraft:wheat_seeds":546,"minecraft:cobblestone":144,"minecraft:iron_helmet":1,"minecraft:feather":3,"minecraft:granite":1,"minecraft:tropical_fish":2,"minecraft:acacia_log":57,"minecraft:coal":1,"minecraft:stick":378,"minecraft:iron_block":2,"minecraft:diorite":7,"minecraft:torch":19,"minecraft:melon_slice":47,"minecraft:iron_leggings":1,"minecraft:armadillo_scute":1,"minecraft:iron_axe":1,"minecraft:iron_shovel":1,"minecraft:string":15,"minecraft:acacia_planks":35,"minecraft:redstone":48,"minecraft:kelp":64,"minecraft:stone_sword":2,"minecraft:cocoa_beans":6,"minecraft:tuff":2,"minecraft:raw_iron":43,"minecraft:stone_shovel":1,"minecraft:chicken":30,"minecraft:iron_boots":3,"minecraft:iron_hoe":2,"minecraft:diamond_sword":3,"minecraft:hay_block":9,"minecraft:stone":11,"minecraft:shield":1,"minecraft:diamond_pickaxe":2,"minecraft:iron_chestplate":2,"minecraft:andesite":3,"minecraft:oak_sapling":63,"minecraft:spider_eye":12,"minecraft:spruce_log":4,"minecraft:slime_ball":19,"minecraft:bow":1,"minecraft:stone_pickaxe":1,"minecraft:wooden_pickaxe":1,"minecraft:raw_gold":13},"minecraft:crafted":{"minecraft:oak_planks":4288,"minecraft:melon":9,"minecraft:cooked_chicken":29,"minecraft:lever":1,"minecraft:diamond_shovel":2,"minecraft:bookshelf":25,"minecraft:iron_bars":16,"minecraft:glass":6,"minecraft:diamond_helmet":1,"minecraft:bow":1,"minecraft:diamond_leggings":1,"minecraft:iron_boots":2,"minecraft:melon_seeds":4,"minecraft:chest":6,"minecraft:acacia_fence":57,"minecraft:jungle_stairs":12,"minecraft:golden_boots":1,"minecraft:raw_iron_block":18,"minecraft:golden_axe":1,"minecraft:oak_slab":18,"minecraft:arrow":428,"minecraft:emerald":711,"minecraft:cooked_porkchop":9,"minecraft:diamond_axe":3,"minecraft:crafting_table":8,"minecraft:spruce_planks":4312,"minecraft:acacia_slab":6,"minecraft:wooden_pickaxe":1,"minecraft:iron_helmet":3,"minecraft:copper_ingot":64,"minecraft:fletching_table":4,"minecraft:birch_planks":1508,"minecraft:lectern":4,"minecraft:iron_chestplate":2,"minecraft:book":76,"minecraft:paper":219,"minecraft:diamond_pickaxe":5,"minecraft:emerald_block":16,"minecraft:shield":2,"minecraft:stick":19878,"minecraft:iron_ingot":352,"minecraft:iron_pickaxe":5,"minecraft:iron_block":23,"minecraft:stone_sword":2,"minecraft:acacia_door":3,"minecraft:gold_ingot":20,"minecraft:raw_iron":162,"minecraft:coal":153,"minecraft:stone_shovel":1,"minecraft:furnace":7,"minecraft:bone_meal":24,"minecraft:flint_and_steel":1,"minecraft:iron_axe":11,"minecraft:ladder":12,"minecraft:iron_hoe":1,"minecraft:stone_pickaxe":3,"minecraft:diamond_boots":1,"minecraft:wheat":551,"minecraft:coal_block":54,"minecraft:diamond_sword":2,"minecraft:enchanting_table":1,"minecraft:iron_sword":2,"minecraft:cooked_salmon":1,"minecraft:bucket":1,"minecraft:acacia_stairs":88,"minecraft:stone_axe":2,"minecraft:enchanted_book":16,"minecraft:jungle_slab":66,"minecraft:acacia_boat":5,"minecraft:bread":278,"minecraft:air":0,"minecraft:jungle_planks":572,"minecraft:iron_shovel":3,"minecraft:iron_leggings":3,"minecraft:anvil":1,"minecraft:acacia_planks":1172,"minecraft:torch":1472,"minecraft:lapis_block":25,"minecraft:lapis_lazuli":54,"minecraft:diamond_chestplate":1},"minecraft:mined":{"minecraft:attached_melon_stem":4,"minecraft:white_bed":2,"minecraft:oak_sapling":9,"minecraft:farmland":7,"minecraft:jungle_slab":10,"minecraft:cobblestone_stairs":9,"minecraft:jungle_leaves":19,"minecraft:obsidian":49,"minecraft:granite":14,"minecraft:acacia_log":338,"minecraft:grass_block":192,"minecraft:yellow_carpet":1,"minecraft:jungle_log":115,"minecraft:composter":7,"minecraft:glowstone":13,"minecraft:iron_ore":260,"minecraft:cobbled_deepslate":56,"minecraft:fire":67,"minecraft:anvil":3,"minecraft:deepslate_lapis_ore":17,"minecraft:fletching_table":18,"minecraft:enchanting_table":1,"minecraft:oak_stairs":1,"minecraft:iron_bars":5,"minecraft:orange_bed":15,"minecraft:deepslate_redstone_ore":20,"minecraft:red_bed":1,"minecraft:kelp_plant":13,"minecraft:melon_stem":48,"minecraft:crimson_nylium":13,"minecraft:torch":10,"minecraft:jungle_stairs":16,"minecraft:melon":52,"minecraft:chest":11,"minecraft:nether_quartz_ore":13,"minecraft:cobblestone":276,"minecraft:oak_planks":200,"minecraft:sugar_cane":217,"minecraft:wall_torch":30,"minecraft:seagrass":5,"minecraft:repeater":1,"minecraft:acacia_sapling":1,"minecraft:birch_log":393,"minecraft:wheat":386,"minecraft:oak_log":1050,"minecraft:beetroots":14,"minecraft:acacia_fence":11,"minecraft:sand":4,"minecraft:dirt":44,"minecraft:netherrack":452,"minecraft:oak_leaves":97,"minecraft:deepslate":168,"minecraft:deepslate_tiles":1,"minecraft:diamond_ore":1,"minecraft:tuff":29,"minecraft:mossy_cobblestone":2,"minecraft:deepslate_diamond_ore":60,"minecraft:oak_door":14,"minecraft:lever":1,"minecraft:ladder":3,"minecraft:jungle_planks":27,"minecraft:crimson_roots":1,"minecraft:redstone_wire":1,"minecraft:acacia_slab":1,"minecraft:spruce_leaves":57,"minecraft:kelp":5,"minecraft:cartography_table":1,"minecraft:large_fern":3,"minecraft:hay_block":71,"minecraft:furnace":9,"minecraft:carrots":30,"minecraft:acacia_stairs":49,"minecraft:andesite":17,"minecraft:bell":4,"minecraft:bookshelf":22,"minecraft:potatoes":12,"minecraft:deepslate_iron_ore":49,"minecraft:vine":6,"minecraft:stripped_oak_log":17,"minecraft:stripped_acacia_log":1,"minecraft:stripped_jungle_log":1,"minecraft:stone":451,"minecraft:acacia_leaves":47,"minecraft:glass_pane":10,"minecraft:crafting_table":15,"minecraft:short_grass":59,"minecraft:lectern":126,"minecraft:copper_ore":20,"minecraft:tall_grass":11,"minecraft:deepslate_coal_ore":1,"minecraft:lapis_ore":10,"minecraft:deepslate_gold_ore":19,"minecraft:diorite":29,"minecraft:white_carpet":1,"minecraft:spruce_log":1185,"minecraft:birch_leaves":1,"minecraft:yellow_bed":5,"minecraft:coal_ore":636,"minecraft:cocoa":2,"minecraft:acacia_door":1,"minecraft:gravel":329,"minecraft:cobweb":3,"minecraft:acacia_planks":209,"minecraft:chipped_anvil":1,"minecraft:fern":1},"minecraft:killed_by":{"minecraft:creeper":1,"minecraft:witch":1,"minecraft:skeleton":4}},"DataVersion":3953}