{"stats":{"minecraft:crafted":{"minecraft:oak_planks":304,"minecraft:raw_iron":27,"minecraft:stone_shovel":1,"minecraft:melon":9,"minecraft:furnace":3,"minecraft:bone_meal":12,"minecraft:lever":1,"minecraft:iron_bars":16,"minecraft:glass":6,"minecraft:bow":1,"minecraft:iron_boots":1,"minecraft:iron_axe":3,"minecraft:melon_seeds":4,"minecraft:iron_hoe":1,"minecraft:stone_pickaxe":3,"minecraft:chest":1,"minecraft:acacia_fence":57,"minecraft:jungle_stairs":4,"minecraft:wheat":198,"minecraft:raw_iron_block":18,"minecraft:coal_block":24,"minecraft:arrow":20,"minecraft:cooked_porkchop":9,"minecraft:crafting_table":4,"minecraft:enchanting_table":1,"minecraft:acacia_slab":6,"minecraft:iron_helmet":2,"minecraft:wooden_pickaxe":1,"minecraft:iron_sword":2,"minecraft:cooked_salmon":1,"minecraft:acacia_stairs":88,"minecraft:bucket":1,"minecraft:stone_axe":2,"minecraft:bread":152,"minecraft:air":0,"minecraft:jungle_planks":572,"minecraft:book":1,"minecraft:paper":3,"minecraft:iron_chestplate":1,"minecraft:diamond_pickaxe":1,"minecraft:shield":1,"minecraft:stick":168,"minecraft:iron_ingot":100,"minecraft:iron_pickaxe":5,"minecraft:stone_sword":2,"minecraft:iron_shovel":2,"minecraft:acacia_door":3,"minecraft:iron_leggings":2,"minecraft:acacia_planks":924,"minecraft:torch":128,"minecraft:lapis_block":8},"minecraft:mined":{"minecraft:diamond_ore":1,"minecraft:tuff":28,"minecraft:attached_melon_stem":4,"minecraft:deepslate_diamond_ore":27,"minecraft:oak_door":1,"minecraft:jungle_leaves":18,"minecraft:obsidian":35,"minecraft:granite":1,"minecraft:acacia_log":315,"minecraft:grass_block":126,"minecraft:jungle_planks":23,"minecraft:jungle_log":115,"minecraft:kelp":5,"minecraft:hay_block":22,"minecraft:furnace":5,"minecraft:iron_ore":234,"minecraft:fire":6,"minecraft:cobbled_deepslate":15,"minecraft:acacia_stairs":14,"minecraft:andesite":3,"minecraft:deepslate_lapis_ore":3,"minecraft:bell":3,"minecraft:deepslate_iron_ore":22,"minecraft:vine":6,"minecraft:iron_bars":5,"minecraft:stripped_acacia_log":1,"minecraft:stripped_oak_log":1,"minecraft:stripped_jungle_log":1,"minecraft:stone":165,"minecraft:orange_bed":14,"minecraft:acacia_leaves":47,"minecraft:glass_pane":8,"minecraft:kelp_plant":13,"minecraft:melon_stem":48,"minecraft:crafting_table":10,"minecraft:torch":5,"minecraft:short_grass":45,"minecraft:melon":46,"minecraft:chest":10,"minecraft:copper_ore":13,"minecraft:tall_grass":1,"minecraft:cobblestone":35,"minecraft:lapis_ore":10,"minecraft:oak_planks":54,"minecraft:sugar_cane":15,"minecraft:wall_torch":10,"minecraft:diorite":7,"minecraft:seagrass":5,"minecraft:acacia_sapling":1,"minecraft:wheat":334,"minecraft:oak_log":63,"minecraft:coal_ore":300,"minecraft:cocoa":2,"minecraft:acacia_fence":4,"minecraft:gravel":49,"minecraft:dirt":29,"minecraft:acacia_door":1,"minecraft:cobweb":3,"minecraft:acacia_planks":136,"minecraft:oak_leaves":11,"minecraft:deepslate":37,"minecraft:fern":1},"minecraft:broken":{"minecraft:stone_pickaxe":2,"minecraft:iron_axe":2,"minecraft:stone_axe":1,"minecraft:iron_pickaxe":2},"minecraft:picked_up":{"minecraft:fishing_rod":1,"minecraft:iron_chestplate":4,"minecraft:cocoa_beans":90,"minecraft:crafting_table":12,"minecraft:wheat":260,"minecraft:chicken":3,"minecraft:enchanted_book":1,"minecraft:shield":6,"minecraft:string":5,"minecraft:raw_copper":294,"minecraft:iron_axe":5,"minecraft:acacia_door":1,"minecraft:iron_leggings":3,"minecraft:iron_shovel":3,"minecraft:cobbled_deepslate":74,"minecraft:bucket":1,"minecraft:acacia_fence_gate":1,"minecraft:jungle_sapling":6,"minecraft:iron_pickaxe":8,"minecraft:melon_slice":934,"minecraft:sugar_cane":231,"minecraft:chest":10,"minecraft:furnace":14,"minecraft:iron_boots":5,"minecraft:egg":11,"minecraft:stick":47,"minecraft:raw_iron":421,"minecraft:acacia_fence":4,"minecraft:oak_door":1,"minecraft:torch":349,"minecraft:acacia_log":466,"minecraft:porkchop":102,"minecraft:diorite":7,"minecraft:redstone":44,"minecraft:orange_bed":20,"minecraft:arrow":51,"minecraft:rotten_flesh":91,"minecraft:cooked_cod":9,"minecraft:tropical_fish":2,"minecraft:hay_block":22,"minecraft:armadillo_scute":2,"minecraft:obsidian":35,"minecraft:iron_bars":5,"minecraft:cobblestone":269,"minecraft:stripped_oak_log":1,"minecraft:feather":3,"minecraft:andesite":6,"minecraft:water_bucket":4,"minecraft:salmon":15,"minecraft:jungle_log":343,"minecraft:flint":4,"minecraft:tuff":38,"minecraft:oak_log":208,"minecraft:gunpowder":3,"minecraft:lapis_lazuli":201,"minecraft:dirt":57,"minecraft:bone":41,"minecraft:acacia_planks":299,"minecraft:kelp":390,"minecraft:wheat_seeds":542,"minecraft:raw_gold":13,"minecraft:bell":9,"minecraft:iron_ingot":102,"minecraft:iron_sword":11,"minecraft:oak_planks":54,"minecraft:acacia_sapling":20,"minecraft:cooked_porkchop":10,"minecraft:gravel":48,"minecraft:jungle_planks":24,"minecraft:acacia_stairs":14,"minecraft:spider_eye":1,"minecraft:stripped_jungle_log":1,"minecraft:stripped_acacia_log":1,"minecraft:diamond":80,"minecraft:stone_axe":1,"minecraft:iron_helmet":2,"minecraft:granite":4,"minecraft:bread":173,"minecraft:melon_seeds":105,"minecraft:coal":1138},"minecraft:killed":{"minecraft:spider":2,"minecraft:skeleton":12,"minecraft:chicken":2,"minecraft:pig":9,"minecraft:zombie_villager":1,"minecraft:salmon":4,"minecraft:creeper":1,"minecraft:zombie":28},"minecraft:used":{"minecraft:iron_bars":12,"minecraft:stone_sword":60,"minecraft:iron_shovel":190,"minecraft:acacia_log":105,"minecraft:chest":11,"minecraft:shield":38,"minecraft:iron_sword":171,"minecraft:cooked_salmon":1,"minecraft:bell":3,"minecraft:oak_door":1,"minecraft:orange_bed":13,"minecraft:torch":185,"minecraft:dirt":82,"minecraft:jungle_planks":400,"minecraft:acacia_sapling":4,"minecraft:tuff":26,"minecraft:granite":1,"minecraft:iron_hoe":17,"minecraft:iron_axe":759,"minecraft:acacia_slab":2,"minecraft:jungle_log":4,"minecraft:iron_boots":1,"minecraft:melon_seeds":4,"minecraft:bow":9,"minecraft:furnace":9,"minecraft:acacia_fence":20,"minecraft:egg":10,"minecraft:cobbled_deepslate":54,"minecraft:acacia_planks":927,"minecraft:iron_leggings":1,"minecraft:water_bucket":13,"minecraft:diorite":2,"minecraft:oak_planks":351,"minecraft:stone_pickaxe":321,"minecraft:wooden_pickaxe":10,"minecraft:crafting_table":11,"minecraft:oak_log":8,"minecraft:lever":1,"minecraft:diamond_pickaxe":35,"minecraft:acacia_stairs":74,"minecraft:acacia_door":3,"minecraft:melon_slice":45,"minecraft:bread":79,"minecraft:iron_pickaxe":603,"minecraft:jungle_stairs":2,"minecraft:gravel":52,"minecraft:stone_axe":160,"minecraft:cobblestone":108,"minecraft:cooked_porkchop":1,"minecraft:andesite":1,"minecraft:bucket":14,"minecraft:kelp":6,"minecraft:bone_meal":7},"minecraft:dropped":{"minecraft:enchanted_book":1,"minecraft:iron_ingot":9,"minecraft:bread":15,"minecraft:iron_sword":1,"minecraft:wheat_seeds":544,"minecraft:lapis_lazuli":13,"minecraft:oak_log":8,"minecraft:diamond":2,"minecraft:cooked_porkchop":18,"minecraft:cobblestone":18,"minecraft:feather":3,"minecraft:tropical_fish":2,"minecraft:acacia_log":57,"minecraft:stick":18,"minecraft:dirt":10,"minecraft:melon_slice":47,"minecraft:cooked_cod":9,"minecraft:acacia_fence_gate":1,"minecraft:armadillo_scute":1,"minecraft:bone_meal":5,"minecraft:iron_pickaxe":1,"minecraft:iron_shovel":1,"minecraft:string":2,"minecraft:fishing_rod":1,"minecraft:acacia_planks":34,"minecraft:bone":2,"minecraft:redstone":44,"minecraft:stone_axe":2,"minecraft:stone_sword":2,"minecraft:cobbled_deepslate":14,"minecraft:cocoa_beans":6,"minecraft:tuff":2,"minecraft:raw_iron":43,"minecraft:stone_shovel":1,"minecraft:chicken":3,"minecraft:rotten_flesh":44,"minecraft:iron_boots":1,"minecraft:shield":1,"minecraft:gunpowder":2,"minecraft:iron_chestplate":1,"minecraft:andesite":3,"minecraft:melon_seeds":105,"minecraft:jungle_log":19,"minecraft:acacia_sapling":11,"minecraft:spider_eye":1,"minecraft:arrow":6,"minecraft:stone_pickaxe":1,"minecraft:wooden_pickaxe":1,"minecraft:raw_gold":13},"minecraft:custom":{"minecraft:mob_kills":59,"minecraft:animals_bred":1,"minecraft:interact_with_crafting_table":66,"minecraft:bell_ring":17,"minecraft:leave_game":2,"minecraft:time_since_death":195478,"minecraft:climb_one_cm":4382,"minecraft:sprint_one_cm":1014451,"minecraft:damage_blocked_by_shield":2547,"minecraft:walk_one_cm":719051,"minecraft:drop":84,"minecraft:play_time":277022,"minecraft:sneak_time":23972,"minecraft:deaths":7,"minecraft:walk_under_water_one_cm":11523,"minecraft:jump":4825,"minecraft:walk_on_water_one_cm":66114,"minecraft:total_world_time":277022,"minecraft:interact_with_furnace":81,"minecraft:sleep_in_bed":14,"minecraft:time_since_rest":10008,"minecraft:damage_taken":5301,"minecraft:damage_dealt":10124,"minecraft:player_kills":1,"minecraft:swim_one_cm":35095,"minecraft:fly_one_cm":1094368,"minecraft:open_chest":75,"minecraft:crouch_one_cm":75837,"minecraft:interact_with_smoker":3,"minecraft:fall_one_cm":103160},"minecraft:killed_by":{"minecraft:creeper":1,"minecraft:skeleton":4,"minecraft:witch":1}},"DataVersion":3953}