{"stats":{"minecraft:used":{"minecraft:oak_log":1,"minecraft:diorite":1,"minecraft:stone_sword":22,"minecraft:melon_slice":21,"minecraft:stone_pickaxe":88,"minecraft:wooden_pickaxe":10,"minecraft:cooked_salmon":1,"minecraft:stone_axe":51,"minecraft:cobblestone":36,"minecraft:dirt":8,"minecraft:crafting_table":2,"minecraft:furnace":1,"minecraft:jungle_planks":3},"minecraft:crafted":{"minecraft:stone_shovel":1,"minecraft:crafting_table":1,"minecraft:stick":12,"minecraft:wooden_pickaxe":1,"minecraft:stone_pickaxe":2,"minecraft:stone_sword":2,"minecraft:cooked_salmon":1,"minecraft:furnace":1,"minecraft:stone_axe":1,"minecraft:air":0,"minecraft:jungle_planks":16},"minecraft:picked_up":{"minecraft:raw_iron":3,"minecraft:crafting_table":2,"minecraft:salmon":5,"minecraft:jungle_log":26,"minecraft:porkchop":1,"minecraft:oak_log":1,"minecraft:diorite":1,"minecraft:dirt":8,"minecraft:raw_copper":49,"minecraft:rotten_flesh":3,"minecraft:wheat_seeds":1,"minecraft:melon_slice":67,"minecraft:coal":17,"minecraft:cobblestone":61,"minecraft:furnace":1},"minecraft:mined":{"minecraft:iron_ore":2,"minecraft:andesite":1,"minecraft:crafting_table":2,"minecraft:short_grass":4,"minecraft:vine":2,"minecraft:coal_ore":8,"minecraft:grass_block":2,"minecraft:oak_log":1,"minecraft:melon":15,"minecraft:jungle_log":30,"minecraft:dirt":6,"minecraft:copper_ore":13,"minecraft:stone":66,"minecraft:diorite":1,"minecraft:fern":1},"minecraft:custom":{"minecraft:time_since_rest":16906,"minecraft:interact_with_furnace":6,"minecraft:sprint_one_cm":45052,"minecraft:damage_taken":495,"minecraft:walk_one_cm":32251,"minecraft:mob_kills":7,"minecraft:damage_dealt":825,"minecraft:swim_one_cm":14533,"minecraft:interact_with_crafting_table":5,"minecraft:fly_one_cm":38193,"minecraft:crouch_one_cm":5440,"minecraft:play_time":16906,"minecraft:sneak_time":1727,"minecraft:walk_under_water_one_cm":2137,"minecraft:jump":335,"minecraft:time_since_death":16906,"minecraft:walk_on_water_one_cm":9071,"minecraft:total_world_time":16906,"minecraft:climb_one_cm":2203,"minecraft:fall_one_cm":9120},"minecraft:killed":{"minecraft:pig":1,"minecraft:zombie":2,"minecraft:salmon":4}},"DataVersion":3953}