{"stats":{"minecraft:dropped":{"minecraft:enchanted_book":1,"minecraft:iron_ingot":5,"minecraft:bread":15,"minecraft:iron_sword":1,"minecraft:wheat_seeds":5,"minecraft:lapis_lazuli":13,"minecraft:oak_log":8,"minecraft:diamond":2,"minecraft:cooked_porkchop":13,"minecraft:feather":3,"minecraft:cobblestone":18,"minecraft:tropical_fish":2,"minecraft:dirt":9,"minecraft:melon_slice":43,"minecraft:cooked_cod":9,"minecraft:acacia_fence_gate":1,"minecraft:armadillo_scute":1,"minecraft:iron_pickaxe":1,"minecraft:iron_shovel":1,"minecraft:string":2,"minecraft:fishing_rod":1,"minecraft:redstone":44,"minecraft:bone":2,"minecraft:stone_axe":2,"minecraft:stone_sword":2,"minecraft:cobbled_deepslate":14,"minecraft:cocoa_beans":6,"minecraft:tuff":2,"minecraft:raw_iron":43,"minecraft:stone_shovel":1,"minecraft:chicken":3,"minecraft:rotten_flesh":32,"minecraft:iron_boots":1,"minecraft:shield":1,"minecraft:gunpowder":2,"minecraft:iron_chestplate":1,"minecraft:andesite":3,"minecraft:jungle_log":19,"minecraft:spider_eye":1,"minecraft:arrow":6,"minecraft:wooden_pickaxe":1,"minecraft:stone_pickaxe":1,"minecraft:raw_gold":13},"minecraft:broken":{"minecraft:stone_pickaxe":2,"minecraft:stone_axe":1,"minecraft:iron_pickaxe":1},"minecraft:used":{"minecraft:stone_sword":60,"minecraft:iron_shovel":4,"minecraft:chest":1,"minecraft:shield":38,"minecraft:iron_sword":160,"minecraft:bell":3,"minecraft:cooked_salmon":1,"minecraft:orange_bed":4,"minecraft:torch":172,"minecraft:dirt":12,"minecraft:jungle_planks":3,"minecraft:tuff":26,"minecraft:granite":1,"minecraft:iron_axe":63,"minecraft:jungle_log":3,"minecraft:iron_boots":1,"minecraft:furnace":8,"minecraft:acacia_planks":2,"minecraft:cobbled_deepslate":54,"minecraft:iron_leggings":1,"minecraft:water_bucket":4,"minecraft:diorite":2,"minecraft:stone_pickaxe":321,"minecraft:wooden_pickaxe":10,"minecraft:crafting_table":8,"minecraft:oak_log":7,"minecraft:lever":1,"minecraft:bread":42,"minecraft:melon_slice":45,"minecraft:iron_pickaxe":566,"minecraft:gravel":3,"minecraft:stone_axe":160,"minecraft:cobblestone":95,"minecraft:andesite":1,"minecraft:bucket":5,"minecraft:kelp":6},"minecraft:killed_by":{"minecraft:creeper":1,"minecraft:skeleton":4,"minecraft:witch":1},"minecraft:crafted":{"minecraft:oak_planks":8,"minecraft:stone_shovel":1,"minecraft:melon":9,"minecraft:furnace":2,"minecraft:lever":1,"minecraft:iron_boots":1,"minecraft:iron_axe":1,"minecraft:stone_pickaxe":3,"minecraft:chest":1,"minecraft:raw_iron_block":18,"minecraft:wheat":198,"minecraft:coal_block":24,"minecraft:cooked_porkchop":9,"minecraft:crafting_table":3,"minecraft:iron_helmet":2,"minecraft:wooden_pickaxe":1,"minecraft:iron_sword":2,"minecraft:cooked_salmon":1,"minecraft:bucket":1,"minecraft:stone_axe":2,"minecraft:bread":66,"minecraft:air":0,"minecraft:jungle_planks":52,"minecraft:iron_chestplate":1,"minecraft:shield":1,"minecraft:stick":72,"minecraft:iron_ingot":68,"minecraft:iron_pickaxe":3,"minecraft:stone_sword":2,"minecraft:iron_shovel":2,"minecraft:iron_leggings":2,"minecraft:torch":128},"minecraft:picked_up":{"minecraft:crafting_table":8,"minecraft:fishing_rod":1,"minecraft:cocoa_beans":90,"minecraft:iron_chestplate":4,"minecraft:chicken":3,"minecraft:enchanted_book":1,"minecraft:shield":6,"minecraft:string":2,"minecraft:raw_copper":294,"minecraft:iron_axe":5,"minecraft:iron_leggings":3,"minecraft:iron_shovel":3,"minecraft:cobbled_deepslate":74,"minecraft:bucket":1,"minecraft:acacia_fence_gate":1,"minecraft:iron_pickaxe":8,"minecraft:melon_slice":901,"minecraft:sugar_cane":231,"minecraft:iron_boots":5,"minecraft:furnace":14,"minecraft:stick":30,"minecraft:raw_iron":421,"minecraft:torch":337,"minecraft:porkchop":102,"minecraft:diorite":7,"minecraft:redstone":44,"minecraft:orange_bed":10,"minecraft:rotten_flesh":85,"minecraft:arrow":51,"minecraft:cooked_cod":9,"minecraft:tropical_fish":2,"minecraft:hay_block":22,"minecraft:armadillo_scute":2,"minecraft:cobblestone":256,"minecraft:feather":3,"minecraft:andesite":6,"minecraft:water_bucket":4,"minecraft:salmon":15,"minecraft:jungle_log":234,"minecraft:tuff":38,"minecraft:oak_log":129,"minecraft:gunpowder":2,"minecraft:lapis_lazuli":201,"minecraft:dirt":29,"minecraft:bone":41,"minecraft:acacia_planks":40,"minecraft:kelp":390,"minecraft:wheat_seeds":5,"minecraft:raw_gold":13,"minecraft:bell":9,"minecraft:iron_ingot":102,"minecraft:iron_sword":11,"minecraft:cooked_porkchop":4,"minecraft:gravel":3,"minecraft:spider_eye":1,"minecraft:diamond":80,"minecraft:stone_axe":1,"minecraft:iron_helmet":2,"minecraft:granite":4,"minecraft:bread":173,"minecraft:coal":1126},"minecraft:mined":{"minecraft:diamond_ore":1,"minecraft:tuff":28,"minecraft:deepslate_diamond_ore":27,"minecraft:granite":1,"minecraft:grass_block":8,"minecraft:jungle_log":48,"minecraft:kelp":5,"minecraft:hay_block":22,"minecraft:furnace":5,"minecraft:cobbled_deepslate":15,"minecraft:iron_ore":234,"minecraft:fire":6,"minecraft:andesite":3,"minecraft:deepslate_lapis_ore":3,"minecraft:bell":3,"minecraft:deepslate_iron_ore":22,"minecraft:vine":3,"minecraft:stone":163,"minecraft:orange_bed":4,"minecraft:kelp_plant":13,"minecraft:crafting_table":6,"minecraft:torch":2,"minecraft:short_grass":30,"minecraft:melon":40,"minecraft:copper_ore":13,"minecraft:cobblestone":24,"minecraft:lapis_ore":10,"minecraft:sugar_cane":15,"minecraft:diorite":7,"minecraft:wall_torch":3,"minecraft:seagrass":1,"minecraft:oak_log":48,"minecraft:coal_ore":288,"minecraft:cocoa":2,"minecraft:dirt":11,"minecraft:acacia_planks":47,"minecraft:oak_leaves":8,"minecraft:deepslate":37,"minecraft:fern":1},"minecraft:custom":{"minecraft:mob_kills":56,"minecraft:interact_with_crafting_table":39,"minecraft:bell_ring":17,"minecraft:leave_game":1,"minecraft:time_since_death":43183,"minecraft:climb_one_cm":2887,"minecraft:sprint_one_cm":385509,"minecraft:walk_one_cm":257094,"minecraft:damage_blocked_by_shield":2547,"minecraft:drop":53,"minecraft:play_time":124727,"minecraft:deaths":7,"minecraft:sneak_time":9429,"minecraft:walk_under_water_one_cm":10186,"minecraft:jump":2463,"minecraft:walk_on_water_one_cm":30937,"minecraft:total_world_time":124727,"minecraft:interact_with_furnace":57,"minecraft:sleep_in_bed":2,"minecraft:time_since_rest":3359,"minecraft:damage_taken":4792,"minecraft:damage_dealt":9900,"minecraft:swim_one_cm":32699,"minecraft:fly_one_cm":484245,"minecraft:open_chest":13,"minecraft:crouch_one_cm":23327,"minecraft:fall_one_cm":65255},"minecraft:killed":{"minecraft:spider":2,"minecraft:skeleton":12,"minecraft:pig":9,"minecraft:zombie_villager":1,"minecraft:salmon":4,"minecraft:zombie":28}},"DataVersion":3953}