{"stats":{"minecraft:killed":{"minecraft:spider":17,"minecraft:skeleton":31,"minecraft:chicken":54,"minecraft:pig":9,"minecraft:zombie_villager":3,"minecraft:salmon":4,"minecraft:creeper":12,"minecraft:pillager":7,"minecraft:zombie":88,"minecraft:cow":73,"minecraft:phantom":12,"minecraft:bat":1,"minecraft:enderman":4},"minecraft:picked_up":{"minecraft:iron_chestplate":5,"minecraft:wheat":285,"minecraft:anvil":4,"minecraft:diamond_sword":1,"minecraft:oak_stairs":1,"minecraft:enchanted_book":1,"minecraft:lapis_block":4,"minecraft:string":15,"minecraft:raw_copper":344,"minecraft:iron_leggings":4,"minecraft:beetroot":10,"minecraft:cobbled_deepslate":207,"minecraft:bucket":2,"minecraft:acacia_fence_gate":1,"minecraft:iron_pickaxe":9,"minecraft:melon_slice":934,"minecraft:coal_block":48,"minecraft:furnace":18,"minecraft:iron_boots":6,"minecraft:stick":134,"minecraft:acacia_fence":5,"minecraft:composter":7,"minecraft:torch":464,"minecraft:acacia_log":476,"minecraft:porkchop":102,"minecraft:diorite":27,"minecraft:golden_chestplate":1,"minecraft:orange_bed":22,"minecraft:rotten_flesh":162,"minecraft:tropical_fish":2,"minecraft:iron_block":12,"minecraft:armadillo_scute":2,"minecraft:bookshelf":16,"minecraft:obsidian":66,"minecraft:iron_bars":5,"minecraft:cobblestone":906,"minecraft:birch_log":352,"minecraft:enchanting_table":1,"minecraft:feather":51,"minecraft:water_bucket":4,"minecraft:andesite":9,"minecraft:jungle_log":343,"minecraft:potato":36,"minecraft:flint":33,"minecraft:tuff":39,"minecraft:acacia_boat":21,"minecraft:lapis_lazuli":337,"minecraft:dirt":77,"minecraft:bone":58,"minecraft:chipped_anvil":2,"minecraft:acacia_planks":302,"minecraft:bow":2,"minecraft:wheat_seeds":629,"minecraft:raw_gold":13,"minecraft:bell":10,"minecraft:fletching_table":18,"minecraft:oak_planks":123,"minecraft:cooked_porkchop":10,"minecraft:sand":3,"minecraft:poisonous_potato":1,"minecraft:jungle_planks":28,"minecraft:melon":21,"minecraft:grass_block":1,"minecraft:acacia_stairs":14,"minecraft:jungle_slab":10,"minecraft:mossy_cobblestone":1,"minecraft:iron_hoe":2,"minecraft:stripped_acacia_log":1,"minecraft:yellow_carpet":1,"minecraft:diamond":112,"minecraft:granite":6,"minecraft:emerald":12,"minecraft:bread":234,"minecraft:oak_sapling":80,"minecraft:diamond_pickaxe":3,"minecraft:fishing_rod":1,"minecraft:cocoa_beans":90,"minecraft:crafting_table":15,"minecraft:chicken":48,"minecraft:ladder":4,"minecraft:shield":7,"minecraft:iron_axe":6,"minecraft:acacia_door":1,"minecraft:iron_shovel":3,"minecraft:cartography_table":1,"minecraft:beef":143,"minecraft:jungle_sapling":6,"minecraft:lectern":125,"minecraft:sugar_cane":430,"minecraft:chest":11,"minecraft:birch_sapling":3,"minecraft:phantom_membrane":33,"minecraft:egg":76,"minecraft:raw_iron":505,"minecraft:stone":11,"minecraft:oak_door":14,"minecraft:carrot":62,"minecraft:redstone":104,"minecraft:arrow":189,"minecraft:cooked_cod":9,"minecraft:beetroot_seeds":27,"minecraft:jungle_stairs":16,"minecraft:hay_block":71,"minecraft:stripped_oak_log":17,"minecraft:salmon":15,"minecraft:leather":80,"minecraft:birch_planks":50,"minecraft:oak_log":1252,"minecraft:yellow_bed":5,"minecraft:gunpowder":5,"minecraft:cobblestone_stairs":9,"minecraft:apple":42,"minecraft:kelp":454,"minecraft:iron_ingot":110,"minecraft:iron_sword":12,"minecraft:acacia_sapling":20,"minecraft:book":34,"minecraft:emerald_block":16,"minecraft:gravel":299,"minecraft:spruce_sapling":63,"minecraft:white_bed":2,"minecraft:spruce_log":287,"minecraft:spider_eye":12,"minecraft:leather_helmet":1,"minecraft:stripped_jungle_log":1,"minecraft:diamond_shovel":1,"minecraft:stone_axe":1,"minecraft:iron_helmet":3,"minecraft:diamond_axe":1,"minecraft:acacia_slab":1,"minecraft:melon_seeds":105,"minecraft:coal":1634,"minecraft:ender_pearl":19},"minecraft:broken":{"minecraft:iron_shovel":1,"minecraft:stone_pickaxe":2,"minecraft:stone_axe":1,"minecraft:iron_sword":1,"minecraft:shield":1,"minecraft:iron_axe":10,"minecraft:iron_pickaxe":4},"minecraft:custom":{"minecraft:animals_bred":1,"minecraft:interact_with_crafting_table":155,"minecraft:bell_ring":28,"minecraft:leave_game":5,"minecraft:time_since_death":15143,"minecraft:sprint_one_cm":2433687,"minecraft:damage_blocked_by_shield":3117,"minecraft:drop":157,"minecraft:talked_to_villager":248,"minecraft:play_time":663216,"minecraft:deaths":8,"minecraft:jump":11415,"minecraft:walk_on_water_one_cm":107448,"minecraft:enchant_item":4,"minecraft:interact_with_furnace":207,"minecraft:traded_with_villager":363,"minecraft:sleep_in_bed":23,"minecraft:damage_dealt":33919,"minecraft:player_kills":1,"minecraft:crouch_one_cm":116561,"minecraft:interact_with_smoker":4,"minecraft:interact_with_anvil":5,"minecraft:mob_kills":318,"minecraft:climb_one_cm":26490,"minecraft:walk_one_cm":1560646,"minecraft:sneak_time":36916,"minecraft:walk_under_water_one_cm":20182,"minecraft:boat_one_cm":54286,"minecraft:total_world_time":663216,"minecraft:time_since_rest":15172,"minecraft:damage_taken":10182,"minecraft:swim_one_cm":61101,"minecraft:fly_one_cm":2693221,"minecraft:open_chest":325,"minecraft:fall_one_cm":263371},"minecraft:used":{"minecraft:iron_shovel":478,"minecraft:ladder":12,"minecraft:chest":17,"minecraft:shield":48,"minecraft:iron_sword":386,"minecraft:bell":3,"minecraft:jungle_planks":403,"minecraft:jungle_slab":12,"minecraft:acacia_sapling":4,"minecraft:tuff":27,"minecraft:grass_block":1,"minecraft:bow":233,"minecraft:oak_sapling":5,"minecraft:furnace":17,"minecraft:acacia_fence":20,"minecraft:egg":39,"minecraft:diorite":15,"minecraft:stone_pickaxe":321,"minecraft:oak_planks":354,"minecraft:ender_pearl":1,"minecraft:wooden_pickaxe":10,"minecraft:composter":3,"minecraft:sugar_cane":55,"minecraft:diamond_axe":168,"minecraft:lever":1,"minecraft:melon_slice":45,"minecraft:acacia_door":5,"minecraft:bread":220,"minecraft:lectern":129,"minecraft:gravel":272,"minecraft:diamond_sword":129,"minecraft:andesite":4,"minecraft:bone_meal":19,"minecraft:iron_bars":12,"minecraft:enchanting_table":2,"minecraft:stone_sword":60,"minecraft:acacia_log":105,"minecraft:cooked_salmon":1,"minecraft:oak_door":2,"minecraft:orange_bed":15,"minecraft:torch":1227,"minecraft:dirt":101,"minecraft:anvil":5,"minecraft:yellow_carpet":1,"minecraft:granite":2,"minecraft:iron_hoe":76,"minecraft:bookshelf":37,"minecraft:iron_axe":2588,"minecraft:acacia_slab":2,"minecraft:jungle_log":4,"minecraft:iron_boots":1,"minecraft:melon_seeds":4,"minecraft:cobbled_deepslate":99,"minecraft:acacia_planks":948,"minecraft:iron_leggings":1,"minecraft:acacia_boat":20,"minecraft:water_bucket":20,"minecraft:fletching_table":22,"minecraft:crafting_table":14,"minecraft:white_bed":2,"minecraft:spruce_log":3,"minecraft:oak_log":8,"minecraft:diamond_pickaxe":701,"minecraft:acacia_stairs":74,"minecraft:apple":1,"minecraft:diamond_shovel":8,"minecraft:iron_pickaxe":1084,"minecraft:jungle_stairs":23,"minecraft:spruce_sapling":4,"minecraft:stone_axe":160,"minecraft:cobblestone":506,"minecraft:cooked_porkchop":1,"minecraft:bucket":20,"minecraft:yellow_bed":1,"minecraft:kelp":6},"minecraft:dropped":{"minecraft:iron_sword":2,"minecraft:lapis_lazuli":60,"minecraft:oak_log":72,"minecraft:diamond":5,"minecraft:crafting_table":1,"minecraft:cooked_porkchop":18,"minecraft:cobblestone_stairs":1,"minecraft:dirt":11,"minecraft:cooked_cod":9,"minecraft:acacia_fence_gate":1,"minecraft:bone_meal":5,"minecraft:iron_pickaxe":2,"minecraft:fishing_rod":1,"minecraft:birch_log":64,"minecraft:bone":2,"minecraft:gravel":31,"minecraft:stone_axe":2,"minecraft:golden_chestplate":1,"minecraft:cobbled_deepslate":14,"minecraft:birch_sapling":3,"minecraft:rotten_flesh":69,"minecraft:gunpowder":3,"minecraft:melon_seeds":105,"minecraft:jungle_log":19,"minecraft:acacia_sapling":11,"minecraft:arrow":7,"minecraft:beef":67,"minecraft:egg":16,"minecraft:enchanted_book":2,"minecraft:iron_ingot":15,"minecraft:bread":15,"minecraft:wheat_seeds":545,"minecraft:cobblestone":18,"minecraft:feather":3,"minecraft:granite":1,"minecraft:tropical_fish":2,"minecraft:acacia_log":57,"minecraft:coal":1,"minecraft:stick":35,"minecraft:iron_block":2,"minecraft:diorite":7,"minecraft:torch":19,"minecraft:melon_slice":47,"minecraft:armadillo_scute":1,"minecraft:iron_axe":1,"minecraft:iron_shovel":1,"minecraft:string":8,"minecraft:acacia_planks":35,"minecraft:redstone":44,"minecraft:kelp":64,"minecraft:stone_sword":2,"minecraft:cocoa_beans":6,"minecraft:tuff":2,"minecraft:raw_iron":43,"minecraft:stone_shovel":1,"minecraft:chicken":30,"minecraft:iron_boots":1,"minecraft:iron_hoe":2,"minecraft:hay_block":9,"minecraft:stone":11,"minecraft:shield":1,"minecraft:diamond_pickaxe":1,"minecraft:iron_chestplate":1,"minecraft:andesite":3,"minecraft:oak_sapling":63,"minecraft:spider_eye":12,"minecraft:spruce_log":4,"minecraft:stone_pickaxe":1,"minecraft:wooden_pickaxe":1,"minecraft:raw_gold":13},"minecraft:crafted":{"minecraft:oak_planks":4288,"minecraft:melon":9,"minecraft:cooked_chicken":29,"minecraft:lever":1,"minecraft:diamond_shovel":1,"minecraft:bookshelf":25,"minecraft:iron_bars":16,"minecraft:glass":6,"minecraft:bow":1,"minecraft:iron_boots":2,"minecraft:melon_seeds":4,"minecraft:chest":6,"minecraft:acacia_fence":57,"minecraft:jungle_stairs":12,"minecraft:raw_iron_block":18,"minecraft:oak_slab":18,"minecraft:emerald":345,"minecraft:arrow":236,"minecraft:cooked_porkchop":9,"minecraft:diamond_axe":1,"minecraft:crafting_table":5,"minecraft:spruce_planks":540,"minecraft:acacia_slab":6,"minecraft:wooden_pickaxe":1,"minecraft:iron_helmet":3,"minecraft:copper_ingot":64,"minecraft:fletching_table":4,"minecraft:birch_planks":1152,"minecraft:lectern":4,"minecraft:iron_chestplate":2,"minecraft:book":62,"minecraft:paper":177,"minecraft:diamond_pickaxe":3,"minecraft:emerald_block":16,"minecraft:shield":2,"minecraft:stick":11639,"minecraft:iron_ingot":352,"minecraft:iron_pickaxe":5,"minecraft:iron_block":23,"minecraft:stone_sword":2,"minecraft:acacia_door":3,"minecraft:raw_iron":162,"minecraft:coal":72,"minecraft:stone_shovel":1,"minecraft:furnace":7,"minecraft:bone_meal":24,"minecraft:iron_axe":11,"minecraft:ladder":12,"minecraft:iron_hoe":1,"minecraft:stone_pickaxe":3,"minecraft:wheat":551,"minecraft:coal_block":54,"minecraft:diamond_sword":1,"minecraft:enchanting_table":1,"minecraft:iron_sword":2,"minecraft:cooked_salmon":1,"minecraft:acacia_stairs":88,"minecraft:bucket":1,"minecraft:stone_axe":2,"minecraft:enchanted_book":6,"minecraft:jungle_slab":66,"minecraft:acacia_boat":5,"minecraft:bread":278,"minecraft:air":0,"minecraft:jungle_planks":572,"minecraft:iron_shovel":3,"minecraft:iron_leggings":3,"minecraft:anvil":1,"minecraft:acacia_planks":1172,"minecraft:torch":1184,"minecraft:lapis_block":9,"minecraft:lapis_lazuli":45},"minecraft:mined":{"minecraft:attached_melon_stem":4,"minecraft:white_bed":2,"minecraft:oak_sapling":9,"minecraft:farmland":7,"minecraft:jungle_slab":10,"minecraft:cobblestone_stairs":9,"minecraft:jungle_leaves":19,"minecraft:obsidian":35,"minecraft:granite":14,"minecraft:acacia_log":325,"minecraft:grass_block":134,"minecraft:yellow_carpet":1,"minecraft:jungle_log":115,"minecraft:composter":7,"minecraft:iron_ore":260,"minecraft:cobbled_deepslate":35,"minecraft:fire":23,"minecraft:fletching_table":18,"minecraft:deepslate_lapis_ore":9,"minecraft:anvil":3,"minecraft:enchanting_table":1,"minecraft:oak_stairs":1,"minecraft:iron_bars":5,"minecraft:orange_bed":15,"minecraft:deepslate_redstone_ore":10,"minecraft:kelp_plant":13,"minecraft:melon_stem":48,"minecraft:torch":7,"minecraft:jungle_stairs":16,"minecraft:melon":52,"minecraft:chest":11,"minecraft:cobblestone":276,"minecraft:sugar_cane":173,"minecraft:oak_planks":57,"minecraft:wall_torch":27,"minecraft:seagrass":5,"minecraft:acacia_sapling":1,"minecraft:birch_log":288,"minecraft:wheat":386,"minecraft:oak_log":1049,"minecraft:beetroots":14,"minecraft:acacia_fence":11,"minecraft:sand":3,"minecraft:dirt":34,"minecraft:oak_leaves":97,"minecraft:deepslate":124,"minecraft:diamond_ore":1,"minecraft:tuff":29,"minecraft:mossy_cobblestone":1,"minecraft:deepslate_diamond_ore":39,"minecraft:oak_door":14,"minecraft:ladder":3,"minecraft:jungle_planks":27,"minecraft:spruce_leaves":28,"minecraft:acacia_slab":1,"minecraft:cartography_table":1,"minecraft:kelp":5,"minecraft:large_fern":3,"minecraft:hay_block":71,"minecraft:furnace":9,"minecraft:carrots":30,"minecraft:acacia_stairs":14,"minecraft:andesite":17,"minecraft:bell":4,"minecraft:bookshelf":22,"minecraft:potatoes":12,"minecraft:deepslate_iron_ore":31,"minecraft:vine":6,"minecraft:stripped_jungle_log":1,"minecraft:stripped_acacia_log":1,"minecraft:stripped_oak_log":17,"minecraft:stone":451,"minecraft:acacia_leaves":47,"minecraft:glass_pane":10,"minecraft:crafting_table":12,"minecraft:short_grass":57,"minecraft:lectern":126,"minecraft:tall_grass":8,"minecraft:copper_ore":20,"minecraft:deepslate_coal_ore":1,"minecraft:lapis_ore":10,"minecraft:diorite":29,"minecraft:white_carpet":1,"minecraft:spruce_log":226,"minecraft:birch_leaves":1,"minecraft:yellow_bed":5,"minecraft:coal_ore":636,"minecraft:cocoa":2,"minecraft:gravel":329,"minecraft:acacia_door":1,"minecraft:cobweb":3,"minecraft:acacia_planks":139,"minecraft:chipped_anvil":1,"minecraft:fern":1},"minecraft:killed_by":{"minecraft:creeper":1,"minecraft:witch":1,"minecraft:skeleton":4}},"DataVersion":3953}