{"stats":{"minecraft:dropped":{"minecraft:leather":5,"minecraft:wooden_sword":1,"minecraft:wooden_pickaxe":1},"minecraft:used":{"minecraft:stone_sword":85,"minecraft:stone_pickaxe":119,"minecraft:wooden_pickaxe":16,"minecraft:cooked_salmon":3,"minecraft:orange_bed":1,"minecraft:torch":4,"minecraft:cocoa_beans":1,"minecraft:crafting_table":4,"minecraft:wooden_axe":1,"minecraft:bread":3,"minecraft:melon_slice":11,"minecraft:fishing_rod":7,"minecraft:stone_axe":6,"minecraft:cobblestone":14,"minecraft:furnace":2,"minecraft:egg":1},"minecraft:killed_by":{"minecraft:creeper":1},"minecraft:crafted":{"minecraft:wooden_sword":1,"minecraft:oak_planks":52,"minecraft:fishing_rod":1,"minecraft:crafting_table":2,"minecraft:wooden_pickaxe":1,"minecraft:furnace":1,"minecraft:cooked_salmon":3,"minecraft:stone_axe":1,"minecraft:air":0,"minecraft:stick":12,"minecraft:stone_pickaxe":1,"minecraft:wooden_axe":1,"minecraft:stone_sword":1},"minecraft:picked_up":{"minecraft:wooden_axe":1,"minecraft:cocoa_beans":23,"minecraft:crafting_table":4,"minecraft:andesite":2,"minecraft:jungle_log":67,"minecraft:salmon":3,"minecraft:leather":5,"minecraft:wooden_pickaxe":2,"minecraft:potion":1,"minecraft:oak_log":13,"minecraft:gunpowder":2,"minecraft:dirt":26,"minecraft:string":5,"minecraft:cooked_salmon":1,"minecraft:pufferfish":3,"minecraft:wheat_seeds":2,"minecraft:beef":7,"minecraft:stone_pickaxe":1,"minecraft:bamboo":12,"minecraft:melon_slice":26,"minecraft:egg":1,"minecraft:furnace":3,"minecraft:stick":7,"minecraft:raw_iron":15,"minecraft:acacia_fence":1,"minecraft:torch":6,"minecraft:gravel":7,"minecraft:orange_bed":2,"minecraft:stone_sword":1,"minecraft:rotten_flesh":10,"minecraft:tropical_fish":7,"minecraft:stone_axe":1,"minecraft:granite":1,"minecraft:armadillo_scute":1,"minecraft:bone_meal":3,"minecraft:bread":21,"minecraft:oak_sapling":6,"minecraft:cod":2,"minecraft:coal":51,"minecraft:cobblestone":69},"minecraft:mined":{"minecraft:jungle_leaves":9,"minecraft:crafting_table":3,"minecraft:granite":1,"minecraft:short_grass":21,"minecraft:grass_block":2,"minecraft:melon":3,"minecraft:jungle_log":6,"minecraft:cobblestone":8,"minecraft:wall_torch":2,"minecraft:furnace":2,"minecraft:iron_ore":12,"minecraft:andesite":3,"minecraft:oak_log":13,"minecraft:coal_ore":37,"minecraft:vine":5,"minecraft:cocoa":11,"minecraft:acacia_fence":1,"minecraft:gravel":7,"minecraft:cobweb":4,"minecraft:stone":60,"minecraft:oak_leaves":1,"minecraft:orange_bed":2},"minecraft:custom":{"minecraft:interact_with_furnace":16,"minecraft:mob_kills":21,"minecraft:interact_with_crafting_table":4,"minecraft:time_since_death":36048,"minecraft:sleep_in_bed":1,"minecraft:climb_one_cm":8955,"minecraft:time_since_rest":25566,"minecraft:sprint_one_cm":127626,"minecraft:damage_taken":539,"minecraft:walk_one_cm":254077,"minecraft:drop":3,"minecraft:damage_dealt":1992,"minecraft:swim_one_cm":55202,"minecraft:fly_one_cm":108470,"minecraft:crouch_one_cm":2424,"minecraft:play_time":57673,"minecraft:deaths":1,"minecraft:sneak_time":873,"minecraft:walk_under_water_one_cm":20122,"minecraft:jump":936,"minecraft:walk_on_water_one_cm":17426,"minecraft:total_world_time":57673,"minecraft:fish_caught":3,"minecraft:fall_one_cm":14301},"minecraft:killed":{"minecraft:armadillo":1,"minecraft:salmon":3,"minecraft:cod":1,"minecraft:creeper":1,"minecraft:pufferfish":1,"minecraft:zombie":4,"minecraft:tropical_fish":7,"minecraft:cow":3}},"DataVersion":3953}