{"stats":{"minecraft:killed":{"minecraft:armadillo":1,"minecraft:spider":4,"minecraft:cod":1,"minecraft:pufferfish":1,"minecraft:skeleton":7,"minecraft:tropical_fish":7,"minecraft:salmon":3,"minecraft:creeper":2,"minecraft:zombie":24,"minecraft:cow":3},"minecraft:picked_up":{"minecraft:wooden_axe":4,"minecraft:fishing_rod":6,"minecraft:cocoa_beans":36,"minecraft:crafting_table":16,"minecraft:wheat":2,"minecraft:chicken":5,"minecraft:wooden_pickaxe":7,"minecraft:potion":7,"minecraft:shield":2,"minecraft:sticky_piston":9,"minecraft:red_bed":1,"minecraft:string":34,"minecraft:raw_copper":5,"minecraft:cooked_salmon":1,"minecraft:flint_and_steel":1,"minecraft:pufferfish":22,"minecraft:cobbled_deepslate":8,"minecraft:beef":52,"minecraft:jungle_sapling":7,"minecraft:iron_pickaxe":1,"minecraft:melon_slice":29,"minecraft:sugar_cane":5,"minecraft:chest":3,"minecraft:piston":45,"minecraft:furnace":9,"minecraft:iron_boots":1,"minecraft:egg":14,"minecraft:stick":39,"minecraft:raw_iron":94,"minecraft:oak_door":6,"minecraft:acacia_fence":8,"minecraft:torch":27,"minecraft:acacia_log":144,"minecraft:stone_button":11,"minecraft:redstone":160,"minecraft:orange_bed":17,"minecraft:rotten_flesh":82,"minecraft:stone_sword":5,"minecraft:arrow":14,"minecraft:tropical_fish":32,"minecraft:shears":3,"minecraft:hay_block":12,"minecraft:armadillo_scute":7,"minecraft:cod":32,"minecraft:cobblestone":380,"minecraft:cooked_beef":7,"minecraft:repeater":12,"minecraft:andesite":12,"minecraft:salmon":3,"minecraft:jungle_log":405,"minecraft:acacia_leaves":327,"minecraft:leather":5,"minecraft:red_mushroom":6,"minecraft:potato":1,"minecraft:oak_log":174,"minecraft:yellow_bed":1,"minecraft:gunpowder":14,"minecraft:dirt":1249,"minecraft:leather_boots":1,"minecraft:cooked_mutton":4,"minecraft:bone":13,"minecraft:acacia_planks":11,"minecraft:apple":2,"minecraft:bow":1,"minecraft:wheat_seeds":76,"minecraft:cooked_chicken":12,"minecraft:stone_pickaxe":8,"minecraft:iron_ingot":4,"minecraft:bamboo":30,"minecraft:acacia_sapling":43,"minecraft:oak_planks":270,"minecraft:gravel":28,"minecraft:jungle_planks":36,"minecraft:sand":128,"minecraft:spruce_sapling":1,"minecraft:white_bed":2,"minecraft:spruce_log":1,"minecraft:acacia_stairs":1,"minecraft:spider_eye":2,"minecraft:mossy_cobblestone":4,"minecraft:slime_ball":10,"minecraft:stone_axe":7,"minecraft:lever":16,"minecraft:short_grass":7,"minecraft:iron_helmet":1,"minecraft:granite":7,"minecraft:painting":16,"minecraft:bone_meal":13,"minecraft:bread":133,"minecraft:oak_sapling":41,"minecraft:dark_oak_fence":6,"minecraft:oak_leaves":75,"minecraft:coal":243},"minecraft:broken":{"minecraft:shears":1,"minecraft:stone_pickaxe":1,"minecraft:stone_axe":7,"minecraft:iron_pickaxe":1,"minecraft:stone_shovel":8},"minecraft:custom":{"minecraft:mob_kills":53,"minecraft:interact_with_crafting_table":60,"minecraft:bell_ring":47,"minecraft:leave_game":3,"minecraft:time_since_death":610859,"minecraft:climb_one_cm":14570,"minecraft:sprint_one_cm":1051352,"minecraft:walk_one_cm":2458386,"minecraft:damage_blocked_by_shield":720,"minecraft:drop":21,"minecraft:talked_to_villager":3,"minecraft:play_time":676487,"minecraft:deaths":7,"minecraft:sneak_time":17211,"minecraft:walk_under_water_one_cm":37754,"minecraft:jump":5077,"minecraft:walk_on_water_one_cm":31717,"minecraft:total_world_time":676487,"minecraft:interact_with_furnace":96,"minecraft:sleep_in_bed":19,"minecraft:time_since_rest":69315,"minecraft:damage_taken":3977,"minecraft:damage_dealt":7048,"minecraft:swim_one_cm":67276,"minecraft:fly_one_cm":837356,"minecraft:open_chest":145,"minecraft:crouch_one_cm":70258,"minecraft:interact_with_smoker":7,"minecraft:fish_caught":3,"minecraft:fall_one_cm":98657},"minecraft:dropped":{"minecraft:wheat_seeds":2,"minecraft:oak_log":64,"minecraft:cobblestone":15,"minecraft:leather":5,"minecraft:granite":1,"minecraft:jungle_planks":65,"minecraft:acacia_log":64,"minecraft:dirt":34,"minecraft:wooden_sword":1,"minecraft:sand":64,"minecraft:acacia_planks":38,"minecraft:wheat":2,"minecraft:chicken":5,"minecraft:jungle_log":42,"minecraft:wooden_pickaxe":2},"minecraft:used":{"minecraft:stone_sword":102,"minecraft:acacia_log":14,"minecraft:flint_and_steel":6,"minecraft:stone_shovel":1247,"minecraft:redstone":103,"minecraft:chest":3,"minecraft:shield":17,"minecraft:cooked_salmon":3,"minecraft:cooked_chicken":12,"minecraft:iron_chestplate":1,"minecraft:oak_door":9,"minecraft:orange_bed":12,"minecraft:torch":10,"minecraft:dirt":699,"minecraft:cocoa_beans":1,"minecraft:jungle_planks":422,"minecraft:acacia_sapling":21,"minecraft:jungle_sapling":5,"minecraft:wooden_axe":1,"minecraft:jungle_log":16,"minecraft:iron_boots":1,"minecraft:red_stained_glass_pane":16,"minecraft:repeater":12,"minecraft:oak_sapling":6,"minecraft:furnace":2,"minecraft:cooked_cod":6,"minecraft:egg":1,"minecraft:cooked_beef":10,"minecraft:acacia_planks":15,"minecraft:iron_leggings":1,"minecraft:cooked_mutton":4,"minecraft:glass_bottle":1,"minecraft:stone_pickaxe":171,"minecraft:oak_planks":304,"minecraft:wooden_pickaxe":36,"minecraft:sugar_cane":4,"minecraft:oak_leaves":70,"minecraft:crafting_table":17,"minecraft:red_bed":1,"minecraft:acacia_leaves":295,"minecraft:white_bed":2,"minecraft:painting":18,"minecraft:shears":429,"minecraft:oak_log":2,"minecraft:sticky_piston":13,"minecraft:piston":45,"minecraft:lever":18,"minecraft:iron_pickaxe":57,"minecraft:bread":27,"minecraft:melon_slice":12,"minecraft:stone_button":11,"minecraft:pufferfish":1,"minecraft:stone_axe":917,"minecraft:fishing_rod":7,"minecraft:cobblestone":35,"minecraft:potion":2,"minecraft:glass_pane":127,"minecraft:yellow_bed":1,"minecraft:bone_meal":21},"minecraft:crafted":{"minecraft:red_stained_glass_pane":16,"minecraft:wooden_sword":1,"minecraft:oak_door":3,"minecraft:oak_planks":432,"minecraft:stone_shovel":9,"minecraft:fishing_rod":1,"minecraft:stone_button":2,"minecraft:furnace":1,"minecraft:piston":10,"minecraft:stone":9,"minecraft:lever":2,"minecraft:bone_meal":21,"minecraft:glass_pane":144,"minecraft:glass":58,"minecraft:repeater":2,"minecraft:stone_pickaxe":3,"minecraft:cooked_beef":11,"minecraft:coal_block":1,"minecraft:red_dye":2,"minecraft:cooked_cod":6,"minecraft:crafting_table":3,"minecraft:wooden_pickaxe":1,"minecraft:cooked_salmon":3,"minecraft:sticky_piston":4,"minecraft:stone_axe":8,"minecraft:painting":2,"minecraft:air":0,"minecraft:jungle_planks":520,"minecraft:red_stained_glass":8,"minecraft:iron_chestplate":1,"minecraft:stick":56,"minecraft:iron_ingot":31,"minecraft:iron_pickaxe":1,"minecraft:wooden_axe":1,"minecraft:stone_sword":2,"minecraft:iron_leggings":1,"minecraft:redstone_torch":4,"minecraft:acacia_planks":56},"minecraft:mined":{"minecraft:white_bed":2,"minecraft:oak_sapling":5,"minecraft:mossy_cobblestone":4,"minecraft:oak_door":6,"minecraft:jungle_leaves":53,"minecraft:stone_button":9,"minecraft:lever":16,"minecraft:granite":1,"minecraft:acacia_log":144,"minecraft:grass_block":931,"minecraft:jungle_planks":31,"minecraft:jungle_log":165,"minecraft:redstone_wire":93,"minecraft:red_mushroom":6,"minecraft:furnace":2,"minecraft:iron_ore":13,"minecraft:sticky_piston":9,"minecraft:fire":4,"minecraft:andesite":3,"minecraft:vine":31,"minecraft:dirt_path":2,"minecraft:stone":106,"minecraft:orange_bed":11,"minecraft:acacia_leaves":421,"minecraft:glass_pane":3,"minecraft:red_bed":2,"minecraft:clay":6,"minecraft:crafting_table":15,"minecraft:torch":6,"minecraft:short_grass":166,"minecraft:melon":3,"minecraft:chest":3,"minecraft:copper_ore":1,"minecraft:tall_grass":3,"minecraft:cobblestone":10,"minecraft:sugar_cane":3,"minecraft:oak_planks":76,"minecraft:wall_torch":4,"minecraft:repeater":11,"minecraft:wheat":1,"minecraft:yellow_bed":1,"minecraft:oak_log":175,"minecraft:coal_ore":50,"minecraft:cocoa":14,"minecraft:acacia_fence":1,"minecraft:gravel":7,"minecraft:sand":128,"minecraft:dirt":129,"minecraft:cobweb":4,"minecraft:acacia_planks":9,"minecraft:piston":45,"minecraft:oak_leaves":210,"minecraft:fern":2},"minecraft:killed_by":{"minecraft:creeper":1,"minecraft:skeleton":5,"minecraft:zombie":1}},"DataVersion":3953}