{"stats":{"minecraft:dropped":{"minecraft:wooden_sword":1,"minecraft:wooden_pickaxe":1},"minecraft:used":{"minecraft:stone_sword":35,"minecraft:stone_pickaxe":76,"minecraft:wooden_pickaxe":16,"minecraft:cooked_salmon":3,"minecraft:orange_bed":1,"minecraft:cocoa_beans":1,"minecraft:crafting_table":4,"minecraft:wooden_axe":1,"minecraft:melon_slice":5,"minecraft:stone_axe":6,"minecraft:cobblestone":3,"minecraft:furnace":1},"minecraft:killed_by":{"minecraft:creeper":1},"minecraft:crafted":{"minecraft:wooden_sword":1,"minecraft:oak_planks":52,"minecraft:crafting_table":2,"minecraft:wooden_pickaxe":1,"minecraft:furnace":1,"minecraft:cooked_salmon":3,"minecraft:stone_axe":1,"minecraft:air":0,"minecraft:stick":12,"minecraft:stone_pickaxe":1,"minecraft:wooden_axe":1,"minecraft:stone_sword":1},"minecraft:picked_up":{"minecraft:wooden_axe":1,"minecraft:cocoa_beans":23,"minecraft:crafting_table":3,"minecraft:jungle_log":67,"minecraft:salmon":3,"minecraft:leather":4,"minecraft:wooden_pickaxe":2,"minecraft:oak_log":13,"minecraft:dirt":26,"minecraft:string":5,"minecraft:cooked_salmon":1,"minecraft:beef":7,"minecraft:stone_pickaxe":1,"minecraft:bamboo":12,"minecraft:melon_slice":26,"minecraft:furnace":2,"minecraft:stick":5,"minecraft:raw_iron":9,"minecraft:acacia_fence":1,"minecraft:gravel":7,"minecraft:orange_bed":2,"minecraft:stone_sword":1,"minecraft:rotten_flesh":5,"minecraft:tropical_fish":5,"minecraft:stone_axe":1,"minecraft:bone_meal":2,"minecraft:oak_sapling":2,"minecraft:coal":36,"minecraft:cobblestone":51},"minecraft:mined":{"minecraft:jungle_leaves":9,"minecraft:crafting_table":2,"minecraft:short_grass":4,"minecraft:grass_block":2,"minecraft:melon":3,"minecraft:jungle_log":6,"minecraft:cobblestone":3,"minecraft:furnace":1,"minecraft:iron_ore":6,"minecraft:oak_log":13,"minecraft:coal_ore":23,"minecraft:vine":5,"minecraft:cocoa":11,"minecraft:acacia_fence":1,"minecraft:gravel":7,"minecraft:cobweb":4,"minecraft:stone":48,"minecraft:oak_leaves":1,"minecraft:orange_bed":2},"minecraft:custom":{"minecraft:interact_with_furnace":11,"minecraft:mob_kills":12,"minecraft:interact_with_crafting_table":4,"minecraft:time_since_death":12048,"minecraft:sleep_in_bed":1,"minecraft:climb_one_cm":8955,"minecraft:time_since_rest":1566,"minecraft:sprint_one_cm":56894,"minecraft:damage_taken":464,"minecraft:walk_one_cm":143134,"minecraft:drop":2,"minecraft:damage_dealt":796,"minecraft:swim_one_cm":31663,"minecraft:fly_one_cm":40507,"minecraft:crouch_one_cm":2191,"minecraft:play_time":33673,"minecraft:deaths":1,"minecraft:sneak_time":716,"minecraft:walk_under_water_one_cm":10170,"minecraft:jump":573,"minecraft:walk_on_water_one_cm":9903,"minecraft:total_world_time":33673,"minecraft:fall_one_cm":8983},"minecraft:killed":{"minecraft:salmon":3,"minecraft:zombie":1,"minecraft:tropical_fish":5,"minecraft:cow":3}},"DataVersion":3953}