{"stats":{"minecraft:dropped":{"minecraft:wheat_seeds":2,"minecraft:leather":5,"minecraft:granite":1,"minecraft:jungle_planks":1,"minecraft:wooden_sword":1,"minecraft:acacia_planks":32,"minecraft:wheat":2,"minecraft:chicken":5,"minecraft:jungle_log":42,"minecraft:wooden_pickaxe":2},"minecraft:broken":{"minecraft:shears":1,"minecraft:stone_pickaxe":1,"minecraft:stone_axe":1,"minecraft:stone_shovel":7},"minecraft:used":{"minecraft:stone_sword":92,"minecraft:flint_and_steel":6,"minecraft:stone_shovel":1111,"minecraft:shield":2,"minecraft:cooked_salmon":3,"minecraft:iron_chestplate":1,"minecraft:oak_door":9,"minecraft:orange_bed":8,"minecraft:torch":5,"minecraft:dirt":633,"minecraft:cocoa_beans":1,"minecraft:jungle_planks":66,"minecraft:jungle_sapling":4,"minecraft:wooden_axe":1,"minecraft:jungle_log":6,"minecraft:iron_boots":1,"minecraft:furnace":2,"minecraft:egg":1,"minecraft:cooked_beef":3,"minecraft:glass_bottle":1,"minecraft:stone_pickaxe":131,"minecraft:wooden_pickaxe":33,"minecraft:oak_leaves":70,"minecraft:crafting_table":8,"minecraft:acacia_leaves":281,"minecraft:shears":423,"minecraft:melon_slice":12,"minecraft:bread":15,"minecraft:stone_axe":162,"minecraft:fishing_rod":7,"minecraft:cobblestone":35,"minecraft:potion":1},"minecraft:killed_by":{"minecraft:creeper":1,"minecraft:skeleton":5,"minecraft:zombie":1},"minecraft:crafted":{"minecraft:wooden_sword":1,"minecraft:oak_door":3,"minecraft:oak_planks":52,"minecraft:stone_shovel":8,"minecraft:fishing_rod":1,"minecraft:furnace":1,"minecraft:stone_pickaxe":2,"minecraft:crafting_table":3,"minecraft:wooden_pickaxe":1,"minecraft:cooked_salmon":3,"minecraft:stone_axe":2,"minecraft:air":0,"minecraft:jungle_planks":120,"minecraft:iron_chestplate":1,"minecraft:stick":32,"minecraft:iron_ingot":8,"minecraft:wooden_axe":1,"minecraft:stone_sword":1,"minecraft:acacia_planks":32},"minecraft:picked_up":{"minecraft:wooden_axe":4,"minecraft:fishing_rod":6,"minecraft:cocoa_beans":30,"minecraft:crafting_table":7,"minecraft:wheat":2,"minecraft:chicken":5,"minecraft:wooden_pickaxe":7,"minecraft:potion":7,"minecraft:shield":2,"minecraft:string":28,"minecraft:cooked_salmon":1,"minecraft:flint_and_steel":1,"minecraft:pufferfish":21,"minecraft:beef":49,"minecraft:jungle_sapling":4,"minecraft:melon_slice":29,"minecraft:furnace":9,"minecraft:iron_boots":1,"minecraft:egg":13,"minecraft:stick":24,"minecraft:raw_iron":93,"minecraft:acacia_fence":7,"minecraft:oak_door":6,"minecraft:torch":19,"minecraft:acacia_log":8,"minecraft:orange_bed":13,"minecraft:rotten_flesh":75,"minecraft:stone_sword":5,"minecraft:arrow":6,"minecraft:tropical_fish":32,"minecraft:shears":3,"minecraft:hay_block":12,"minecraft:armadillo_scute":7,"minecraft:cod":32,"minecraft:cobblestone":312,"minecraft:cooked_beef":4,"minecraft:salmon":3,"minecraft:jungle_log":295,"minecraft:andesite":12,"minecraft:leather":5,"minecraft:acacia_leaves":321,"minecraft:red_mushroom":6,"minecraft:potato":1,"minecraft:oak_log":13,"minecraft:gunpowder":12,"minecraft:dirt":1213,"minecraft:bone":3,"minecraft:wheat_seeds":73,"minecraft:stone_pickaxe":8,"minecraft:bamboo":30,"minecraft:oak_planks":193,"minecraft:acacia_sapling":22,"minecraft:gravel":28,"minecraft:jungle_planks":1,"minecraft:stone_axe":7,"minecraft:short_grass":7,"minecraft:iron_helmet":1,"minecraft:granite":7,"minecraft:bone_meal":13,"minecraft:bread":133,"minecraft:oak_sapling":28,"minecraft:oak_leaves":75,"minecraft:coal":243},"minecraft:mined":{"minecraft:oak_door":6,"minecraft:jungle_leaves":46,"minecraft:granite":1,"minecraft:acacia_log":8,"minecraft:grass_block":926,"minecraft:jungle_planks":1,"minecraft:jungle_log":54,"minecraft:red_mushroom":6,"minecraft:furnace":2,"minecraft:iron_ore":12,"minecraft:fire":3,"minecraft:andesite":3,"minecraft:vine":10,"minecraft:dirt_path":1,"minecraft:stone":74,"minecraft:orange_bed":6,"minecraft:acacia_leaves":343,"minecraft:crafting_table":6,"minecraft:short_grass":146,"minecraft:melon":3,"minecraft:tall_grass":1,"minecraft:cobblestone":10,"minecraft:wall_torch":2,"minecraft:coal_ore":50,"minecraft:oak_log":13,"minecraft:cocoa":14,"minecraft:acacia_fence":1,"minecraft:gravel":7,"minecraft:dirt":124,"minecraft:cobweb":4,"minecraft:oak_leaves":108,"minecraft:fern":1},"minecraft:custom":{"minecraft:mob_kills":33,"minecraft:interact_with_crafting_table":18,"minecraft:time_since_death":112045,"minecraft:climb_one_cm":8955,"minecraft:sprint_one_cm":417855,"minecraft:walk_one_cm":906107,"minecraft:damage_blocked_by_shield":120,"minecraft:drop":12,"minecraft:talked_to_villager":3,"minecraft:play_time":177673,"minecraft:deaths":7,"minecraft:sneak_time":12264,"minecraft:walk_under_water_one_cm":20581,"minecraft:jump":2309,"minecraft:walk_on_water_one_cm":22178,"minecraft:total_world_time":177673,"minecraft:interact_with_furnace":26,"minecraft:sleep_in_bed":8,"minecraft:time_since_rest":11078,"minecraft:damage_taken":2606,"minecraft:damage_dealt":3791,"minecraft:swim_one_cm":55202,"minecraft:fly_one_cm":356723,"minecraft:open_chest":8,"minecraft:crouch_one_cm":55305,"minecraft:fish_caught":3,"minecraft:fall_one_cm":46398},"minecraft:killed":{"minecraft:armadillo":1,"minecraft:cod":1,"minecraft:pufferfish":1,"minecraft:tropical_fish":7,"minecraft:salmon":3,"minecraft:creeper":1,"minecraft:zombie":16,"minecraft:cow":3}},"DataVersion":3953}