{"stats":{"minecraft:custom":{"minecraft:mob_kills":35,"minecraft:interact_with_crafting_table":31,"minecraft:bell_ring":47,"minecraft:leave_game":2,"minecraft:time_since_death":205568,"minecraft:climb_one_cm":12329,"minecraft:sprint_one_cm":664091,"minecraft:walk_one_cm":1408418,"minecraft:damage_blocked_by_shield":120,"minecraft:drop":16,"minecraft:talked_to_villager":3,"minecraft:play_time":271196,"minecraft:deaths":7,"minecraft:sneak_time":13190,"minecraft:walk_under_water_one_cm":37529,"minecraft:jump":3454,"minecraft:walk_on_water_one_cm":30676,"minecraft:total_world_time":271196,"minecraft:interact_with_furnace":61,"minecraft:sleep_in_bed":13,"minecraft:time_since_rest":10315,"minecraft:damage_taken":3170,"minecraft:damage_dealt":4119,"minecraft:swim_one_cm":60233,"minecraft:fly_one_cm":545829,"minecraft:open_chest":21,"minecraft:crouch_one_cm":58148,"minecraft:interact_with_smoker":5,"minecraft:fish_caught":3,"minecraft:fall_one_cm":64409},"minecraft:broken":{"minecraft:shears":1,"minecraft:stone_pickaxe":1,"minecraft:stone_axe":4,"minecraft:stone_shovel":8},"minecraft:killed_by":{"minecraft:creeper":1,"minecraft:skeleton":5,"minecraft:zombie":1},"minecraft:used":{"minecraft:stone_sword":92,"minecraft:flint_and_steel":6,"minecraft:stone_shovel":1247,"minecraft:chest":3,"minecraft:shield":2,"minecraft:cooked_salmon":3,"minecraft:cooked_chicken":2,"minecraft:iron_chestplate":1,"minecraft:oak_door":9,"minecraft:orange_bed":12,"minecraft:torch":5,"minecraft:dirt":633,"minecraft:cocoa_beans":1,"minecraft:jungle_planks":132,"minecraft:jungle_sapling":4,"minecraft:wooden_axe":1,"minecraft:jungle_log":13,"minecraft:iron_boots":1,"minecraft:oak_sapling":5,"minecraft:furnace":2,"minecraft:egg":1,"minecraft:cooked_beef":3,"minecraft:iron_leggings":1,"minecraft:cooked_mutton":4,"minecraft:glass_bottle":1,"minecraft:stone_pickaxe":131,"minecraft:oak_planks":2,"minecraft:wooden_pickaxe":33,"minecraft:oak_leaves":70,"minecraft:crafting_table":12,"minecraft:acacia_leaves":287,"minecraft:shears":423,"minecraft:oak_log":2,"minecraft:bread":26,"minecraft:melon_slice":12,"minecraft:pufferfish":1,"minecraft:stone_axe":579,"minecraft:fishing_rod":7,"minecraft:cobblestone":35,"minecraft:potion":2,"minecraft:glass_pane":127},"minecraft:killed":{"minecraft:armadillo":1,"minecraft:spider":2,"minecraft:cod":1,"minecraft:pufferfish":1,"minecraft:tropical_fish":7,"minecraft:salmon":3,"minecraft:creeper":1,"minecraft:zombie":16,"minecraft:cow":3},"minecraft:mined":{"minecraft:oak_door":6,"minecraft:jungle_leaves":50,"minecraft:granite":1,"minecraft:acacia_log":73,"minecraft:grass_block":929,"minecraft:jungle_planks":17,"minecraft:jungle_log":134,"minecraft:red_mushroom":6,"minecraft:furnace":2,"minecraft:iron_ore":12,"minecraft:fire":3,"minecraft:andesite":3,"minecraft:vine":23,"minecraft:dirt_path":2,"minecraft:stone":74,"minecraft:orange_bed":11,"minecraft:acacia_leaves":353,"minecraft:glass_pane":3,"minecraft:clay":6,"minecraft:crafting_table":10,"minecraft:short_grass":160,"minecraft:melon":3,"minecraft:chest":3,"minecraft:tall_grass":2,"minecraft:cobblestone":10,"minecraft:oak_planks":2,"minecraft:wall_torch":2,"minecraft:oak_log":124,"minecraft:coal_ore":50,"minecraft:cocoa":14,"minecraft:acacia_fence":1,"minecraft:gravel":7,"minecraft:sand":128,"minecraft:dirt":128,"minecraft:cobweb":4,"minecraft:acacia_planks":3,"minecraft:oak_leaves":191,"minecraft:fern":1},"minecraft:dropped":{"minecraft:wheat_seeds":2,"minecraft:oak_log":64,"minecraft:leather":5,"minecraft:granite":1,"minecraft:jungle_planks":1,"minecraft:acacia_log":64,"minecraft:dirt":34,"minecraft:wooden_sword":1,"minecraft:sand":64,"minecraft:acacia_planks":32,"minecraft:wheat":2,"minecraft:chicken":5,"minecraft:jungle_log":42,"minecraft:wooden_pickaxe":2},"minecraft:picked_up":{"minecraft:wooden_axe":4,"minecraft:fishing_rod":6,"minecraft:cocoa_beans":36,"minecraft:crafting_table":11,"minecraft:wheat":2,"minecraft:chicken":5,"minecraft:wooden_pickaxe":7,"minecraft:potion":7,"minecraft:shield":2,"minecraft:string":32,"minecraft:cooked_salmon":1,"minecraft:flint_and_steel":1,"minecraft:pufferfish":22,"minecraft:beef":52,"minecraft:jungle_sapling":4,"minecraft:melon_slice":29,"minecraft:chest":3,"minecraft:furnace":9,"minecraft:iron_boots":1,"minecraft:egg":14,"minecraft:stick":31,"minecraft:raw_iron":93,"minecraft:oak_door":6,"minecraft:acacia_fence":7,"minecraft:torch":19,"minecraft:acacia_log":72,"minecraft:orange_bed":17,"minecraft:rotten_flesh":75,"minecraft:stone_sword":5,"minecraft:arrow":6,"minecraft:tropical_fish":32,"minecraft:shears":3,"minecraft:hay_block":12,"minecraft:armadillo_scute":7,"minecraft:cod":32,"minecraft:cobblestone":312,"minecraft:cooked_beef":4,"minecraft:andesite":12,"minecraft:salmon":3,"minecraft:jungle_log":374,"minecraft:acacia_leaves":321,"minecraft:leather":5,"minecraft:red_mushroom":6,"minecraft:potato":1,"minecraft:oak_log":123,"minecraft:gunpowder":12,"minecraft:dirt":1246,"minecraft:cooked_mutton":4,"minecraft:bone":3,"minecraft:acacia_planks":4,"minecraft:apple":2,"minecraft:wheat_seeds":76,"minecraft:cooked_chicken":12,"minecraft:stone_pickaxe":8,"minecraft:iron_ingot":4,"minecraft:bamboo":30,"minecraft:acacia_sapling":22,"minecraft:oak_planks":195,"minecraft:gravel":28,"minecraft:jungle_planks":17,"minecraft:sand":128,"minecraft:stone_axe":7,"minecraft:short_grass":7,"minecraft:iron_helmet":1,"minecraft:granite":7,"minecraft:bone_meal":13,"minecraft:bread":133,"minecraft:oak_sapling":36,"minecraft:oak_leaves":75,"minecraft:coal":243},"minecraft:crafted":{"minecraft:wooden_sword":1,"minecraft:oak_door":3,"minecraft:oak_planks":228,"minecraft:stone_shovel":9,"minecraft:fishing_rod":1,"minecraft:furnace":1,"minecraft:glass_pane":144,"minecraft:glass":58,"minecraft:stone_pickaxe":2,"minecraft:cooked_beef":1,"minecraft:coal_block":1,"minecraft:crafting_table":3,"minecraft:wooden_pickaxe":1,"minecraft:cooked_salmon":3,"minecraft:stone_axe":5,"minecraft:air":0,"minecraft:jungle_planks":120,"minecraft:iron_chestplate":1,"minecraft:stick":36,"minecraft:iron_ingot":12,"minecraft:wooden_axe":1,"minecraft:stone_sword":1,"minecraft:iron_leggings":1,"minecraft:acacia_planks":32}},"DataVersion":3953}