{"stats":{"minecraft:dropped":{"minecraft:wheat_seeds":2,"minecraft:wheat":2,"minecraft:chicken":5,"minecraft:leather":5,"minecraft:granite":1,"minecraft:jungle_planks":1,"minecraft:wooden_sword":1,"minecraft:wooden_pickaxe":2},"minecraft:broken":{"minecraft:stone_pickaxe":1,"minecraft:shears":1,"minecraft:stone_shovel":7},"minecraft:used":{"minecraft:stone_sword":92,"minecraft:flint_and_steel":6,"minecraft:stone_shovel":1111,"minecraft:stone_pickaxe":131,"minecraft:shield":2,"minecraft:wooden_pickaxe":33,"minecraft:oak_leaves":70,"minecraft:cooked_salmon":3,"minecraft:iron_chestplate":1,"minecraft:oak_door":9,"minecraft:orange_bed":8,"minecraft:torch":5,"minecraft:dirt":633,"minecraft:cocoa_beans":1,"minecraft:crafting_table":7,"minecraft:acacia_leaves":281,"minecraft:shears":416,"minecraft:wooden_axe":1,"minecraft:bread":11,"minecraft:melon_slice":12,"minecraft:fishing_rod":7,"minecraft:stone_axe":58,"minecraft:cobblestone":35,"minecraft:furnace":2,"minecraft:egg":1,"minecraft:cooked_beef":3},"minecraft:killed_by":{"minecraft:skeleton":5,"minecraft:creeper":1,"minecraft:zombie":1},"minecraft:crafted":{"minecraft:wooden_sword":1,"minecraft:stone_shovel":8,"minecraft:oak_door":3,"minecraft:oak_planks":52,"minecraft:fishing_rod":1,"minecraft:crafting_table":3,"minecraft:wooden_pickaxe":1,"minecraft:furnace":1,"minecraft:cooked_salmon":3,"minecraft:stone_axe":1,"minecraft:air":0,"minecraft:jungle_planks":120,"minecraft:iron_chestplate":1,"minecraft:stick":28,"minecraft:iron_ingot":8,"minecraft:stone_pickaxe":2,"minecraft:wooden_axe":1,"minecraft:stone_sword":1},"minecraft:picked_up":{"minecraft:wooden_axe":4,"minecraft:fishing_rod":6,"minecraft:cocoa_beans":23,"minecraft:wheat":2,"minecraft:crafting_table":6,"minecraft:cooked_beef":4,"minecraft:chicken":5,"minecraft:andesite":12,"minecraft:jungle_log":247,"minecraft:salmon":3,"minecraft:acacia_leaves":321,"minecraft:leather":5,"minecraft:wooden_pickaxe":7,"minecraft:red_mushroom":6,"minecraft:potato":1,"minecraft:potion":7,"minecraft:oak_log":13,"minecraft:shield":2,"minecraft:gunpowder":12,"minecraft:dirt":1211,"minecraft:string":28,"minecraft:cooked_salmon":1,"minecraft:flint_and_steel":1,"minecraft:bone":3,"minecraft:pufferfish":21,"minecraft:wheat_seeds":73,"minecraft:beef":49,"minecraft:stone_pickaxe":8,"minecraft:bamboo":30,"minecraft:melon_slice":29,"minecraft:acacia_sapling":11,"minecraft:oak_planks":193,"minecraft:egg":5,"minecraft:furnace":9,"minecraft:stick":22,"minecraft:raw_iron":93,"minecraft:oak_door":6,"minecraft:acacia_fence":7,"minecraft:torch":19,"minecraft:acacia_log":8,"minecraft:gravel":28,"minecraft:arrow":6,"minecraft:orange_bed":13,"minecraft:stone_sword":5,"minecraft:rotten_flesh":75,"minecraft:short_grass":6,"minecraft:tropical_fish":32,"minecraft:stone_axe":7,"minecraft:shears":3,"minecraft:hay_block":12,"minecraft:iron_helmet":1,"minecraft:granite":7,"minecraft:armadillo_scute":7,"minecraft:bone_meal":13,"minecraft:bread":133,"minecraft:oak_sapling":26,"minecraft:cod":32,"minecraft:coal":243,"minecraft:oak_leaves":70,"minecraft:cobblestone":312},"minecraft:mined":{"minecraft:acacia_leaves":343,"minecraft:oak_door":6,"minecraft:jungle_leaves":9,"minecraft:crafting_table":5,"minecraft:granite":1,"minecraft:acacia_log":8,"minecraft:short_grass":144,"minecraft:grass_block":925,"minecraft:melon":3,"minecraft:jungle_log":6,"minecraft:tall_grass":1,"minecraft:cobblestone":10,"minecraft:red_mushroom":6,"minecraft:wall_torch":2,"minecraft:furnace":2,"minecraft:iron_ore":12,"minecraft:fire":3,"minecraft:andesite":3,"minecraft:dirt_path":1,"minecraft:oak_log":13,"minecraft:coal_ore":50,"minecraft:vine":5,"minecraft:cocoa":11,"minecraft:acacia_fence":1,"minecraft:gravel":7,"minecraft:dirt":123,"minecraft:cobweb":4,"minecraft:stone":74,"minecraft:oak_leaves":71,"minecraft:orange_bed":6},"minecraft:custom":{"minecraft:interact_with_furnace":26,"minecraft:mob_kills":33,"minecraft:interact_with_crafting_table":17,"minecraft:time_since_death":88045,"minecraft:sleep_in_bed":7,"minecraft:climb_one_cm":8955,"minecraft:time_since_rest":9548,"minecraft:sprint_one_cm":350845,"minecraft:damage_taken":2556,"minecraft:walk_one_cm":744677,"minecraft:damage_blocked_by_shield":120,"minecraft:drop":10,"minecraft:damage_dealt":3791,"minecraft:talked_to_villager":3,"minecraft:swim_one_cm":55202,"minecraft:fly_one_cm":313652,"minecraft:open_chest":6,"minecraft:crouch_one_cm":55216,"minecraft:play_time":153673,"minecraft:deaths":7,"minecraft:sneak_time":12264,"minecraft:walk_under_water_one_cm":20581,"minecraft:jump":2040,"minecraft:walk_on_water_one_cm":22178,"minecraft:total_world_time":153673,"minecraft:fish_caught":3,"minecraft:fall_one_cm":43242},"minecraft:killed":{"minecraft:armadillo":1,"minecraft:salmon":3,"minecraft:cod":1,"minecraft:creeper":1,"minecraft:pufferfish":1,"minecraft:zombie":16,"minecraft:tropical_fish":7,"minecraft:cow":3}},"DataVersion":3953}