{"stats":{"minecraft:killed_by":{"minecraft:creeper":1,"minecraft:skeleton":5,"minecraft:zombie":1},"minecraft:crafted":{"minecraft:red_stained_glass_pane":16,"minecraft:grindstone":1,"minecraft:wooden_sword":1,"minecraft:oak_door":3,"minecraft:smooth_stone":3,"minecraft:oak_planks":432,"minecraft:stone_shovel":9,"minecraft:fishing_rod":2,"minecraft:cooked_chicken":1,"minecraft:furnace":3,"minecraft:stone_button":2,"minecraft:blast_furnace":1,"minecraft:piston":10,"minecraft:stone":20,"minecraft:bone_meal":21,"minecraft:lever":4,"minecraft:glass_pane":144,"minecraft:glass":58,"minecraft:diamond_helmet":1,"minecraft:repeater":2,"minecraft:diamond_leggings":1,"minecraft:stone_pickaxe":3,"minecraft:diamond_boots":1,"minecraft:jungle_fence":159,"minecraft:cooked_beef":11,"minecraft:coal_block":1,"minecraft:red_dye":2,"minecraft:cooked_cod":12,"minecraft:diamond_sword":1,"minecraft:cooked_porkchop":7,"minecraft:diamond_axe":1,"minecraft:crafting_table":3,"minecraft:wooden_pickaxe":1,"minecraft:cooked_salmon":4,"minecraft:sticky_piston":4,"minecraft:bucket":2,"minecraft:stone_axe":8,"minecraft:painting":2,"minecraft:air":0,"minecraft:jungle_planks":564,"minecraft:red_stained_glass":8,"minecraft:diamond_pickaxe":1,"minecraft:iron_chestplate":1,"minecraft:stick":176,"minecraft:stone_slab":6,"minecraft:iron_ingot":31,"minecraft:iron_pickaxe":1,"minecraft:wooden_axe":1,"minecraft:stone_sword":2,"minecraft:iron_leggings":1,"minecraft:stonecutter":1,"minecraft:redstone_torch":4,"minecraft:acacia_planks":56,"minecraft:diamond_chestplate":1},"minecraft:broken":{"minecraft:shears":1,"minecraft:stone_pickaxe":1,"minecraft:stone_axe":8,"minecraft:iron_pickaxe":1,"minecraft:stone_shovel":9},"minecraft:mined":{"minecraft:white_bed":2,"minecraft:oak_sapling":5,"minecraft:mossy_cobblestone":4,"minecraft:oak_door":6,"minecraft:jungle_leaves":70,"minecraft:lever":19,"minecraft:granite":1,"minecraft:stone_button":9,"minecraft:acacia_log":145,"minecraft:grass_block":968,"minecraft:jungle_planks":32,"minecraft:jungle_log":304,"minecraft:redstone_wire":94,"minecraft:spruce_leaves":6,"minecraft:red_mushroom":6,"minecraft:furnace":2,"minecraft:iron_ore":13,"minecraft:sticky_piston":9,"minecraft:fire":21,"minecraft:andesite":3,"minecraft:anvil":1,"minecraft:dirt_path":2,"minecraft:vine":51,"minecraft:white_banner":1,"minecraft:stone":135,"minecraft:ender_chest":7,"minecraft:orange_bed":11,"minecraft:acacia_leaves":421,"minecraft:glass_pane":3,"minecraft:red_bed":2,"minecraft:clay":6,"minecraft:crafting_table":15,"minecraft:torch":6,"minecraft:short_grass":170,"minecraft:melon":3,"minecraft:chest":3,"minecraft:copper_ore":1,"minecraft:tall_grass":3,"minecraft:cobblestone":10,"minecraft:grindstone":1,"minecraft:oak_planks":111,"minecraft:sugar_cane":7,"minecraft:wall_torch":4,"minecraft:repeater":11,"minecraft:wheat":1,"minecraft:spruce_log":8,"minecraft:yellow_bed":1,"minecraft:oak_log":175,"minecraft:coal_ore":50,"minecraft:cocoa":14,"minecraft:acacia_fence":1,"minecraft:gravel":7,"minecraft:dirt":135,"minecraft:sand":128,"minecraft:cobweb":4,"minecraft:acacia_planks":19,"minecraft:redstone_lamp":8,"minecraft:stonecutter":1,"minecraft:piston":45,"minecraft:oak_leaves":210,"minecraft:fern":2},"minecraft:used":{"minecraft:stone_sword":127,"minecraft:acacia_log":16,"minecraft:flint_and_steel":6,"minecraft:stone_shovel":1260,"minecraft:redstone":103,"minecraft:chest":3,"minecraft:shield":37,"minecraft:ender_chest":6,"minecraft:anvil":1,"minecraft:cooked_salmon":4,"minecraft:orange_bed":13,"minecraft:dirt":768,"minecraft:oak_door":9,"minecraft:cooked_chicken":14,"minecraft:iron_chestplate":1,"minecraft:torch":10,"minecraft:cocoa_beans":1,"minecraft:jungle_planks":422,"minecraft:acacia_sapling":21,"minecraft:jungle_sapling":11,"minecraft:wooden_axe":1,"minecraft:jungle_log":74,"minecraft:iron_boots":1,"minecraft:repeater":12,"minecraft:red_stained_glass_pane":16,"minecraft:redstone_lamp":8,"minecraft:oak_sapling":6,"minecraft:furnace":3,"minecraft:cooked_cod":12,"minecraft:egg":1,"minecraft:cooked_beef":28,"minecraft:acacia_planks":18,"minecraft:iron_leggings":1,"minecraft:cooked_mutton":4,"minecraft:water_bucket":118,"minecraft:glass_bottle":1,"minecraft:stone_pickaxe":171,"minecraft:jungle_fence":155,"minecraft:oak_planks":340,"minecraft:wooden_pickaxe":36,"minecraft:diamond_axe":158,"minecraft:stonecutter":2,"minecraft:sugar_cane":4,"minecraft:oak_leaves":70,"minecraft:salmon":1,"minecraft:red_bed":1,"minecraft:crafting_table":17,"minecraft:acacia_leaves":295,"minecraft:white_bed":3,"minecraft:painting":18,"minecraft:spruce_log":8,"minecraft:shears":429,"minecraft:oak_log":2,"minecraft:sticky_piston":13,"minecraft:piston":45,"minecraft:lever":23,"minecraft:diamond_pickaxe":17,"minecraft:iron_pickaxe":89,"minecraft:melon_slice":12,"minecraft:bread":35,"minecraft:stone_button":11,"minecraft:pufferfish":1,"minecraft:stone_axe":998,"minecraft:diamond_sword":79,"minecraft:white_banner":1,"minecraft:fishing_rod":20,"minecraft:potion":2,"minecraft:cobblestone":35,"minecraft:grindstone":2,"minecraft:bucket":118,"minecraft:glass_pane":127,"minecraft:yellow_bed":1,"minecraft:bone_meal":21},"minecraft:dropped":{"minecraft:acacia_boat":1,"minecraft:wheat_seeds":2,"minecraft:oak_log":64,"minecraft:cobblestone":15,"minecraft:leather":5,"minecraft:granite":1,"minecraft:jungle_planks":65,"minecraft:saddle":1,"minecraft:acacia_log":64,"minecraft:dirt":34,"minecraft:wooden_sword":1,"minecraft:sand":64,"minecraft:bucket":1,"minecraft:acacia_planks":38,"minecraft:stone_axe":1,"minecraft:wheat":2,"minecraft:chicken":5,"minecraft:rotten_flesh":2,"minecraft:blast_furnace":1,"minecraft:diamond_sword":1,"minecraft:diamond_pickaxe":1,"minecraft:jungle_log":42,"minecraft:wooden_pickaxe":2},"minecraft:custom":{"minecraft:interact_with_anvil":1,"minecraft:mob_kills":75,"minecraft:interact_with_crafting_table":99,"minecraft:bell_ring":52,"minecraft:leave_game":4,"minecraft:time_since_death":793912,"minecraft:climb_one_cm":17513,"minecraft:sprint_one_cm":1639235,"minecraft:damage_blocked_by_shield":1470,"minecraft:walk_one_cm":3252655,"minecraft:drop":30,"minecraft:talked_to_villager":21,"minecraft:play_time":859540,"minecraft:sneak_time":23364,"minecraft:deaths":7,"minecraft:walk_under_water_one_cm":40173,"minecraft:interact_with_brewingstand":6,"minecraft:jump":7506,"minecraft:enchant_item":1,"minecraft:walk_on_water_one_cm":86403,"minecraft:total_world_time":859540,"minecraft:interact_with_furnace":127,"minecraft:interact_with_stonecutter":4,"minecraft:interact_with_grindstone":1,"minecraft:sleep_in_bed":21,"minecraft:time_since_rest":51841,"minecraft:open_enderchest":10,"minecraft:damage_taken":5150,"minecraft:damage_dealt":11497,"minecraft:swim_one_cm":72518,"minecraft:fly_one_cm":1385939,"minecraft:open_chest":288,"minecraft:crouch_one_cm":91471,"minecraft:fall_one_cm":135837,"minecraft:interact_with_smoker":28,"minecraft:fish_caught":11},"minecraft:picked_up":{"minecraft:wooden_axe":4,"minecraft:ender_chest":7,"minecraft:fishing_rod":6,"minecraft:cocoa_beans":36,"minecraft:wheat":2,"minecraft:crafting_table":16,"minecraft:packed_ice":1,"minecraft:anvil":1,"minecraft:chicken":5,"minecraft:wooden_pickaxe":7,"minecraft:enchanted_book":2,"minecraft:potion":7,"minecraft:shield":2,"minecraft:string":60,"minecraft:red_bed":1,"minecraft:raw_copper":5,"minecraft:cooked_salmon":1,"minecraft:flint_and_steel":1,"minecraft:sticky_piston":9,"minecraft:pufferfish":22,"minecraft:spruce_planks":2,"minecraft:cobbled_deepslate":12,"minecraft:beef":52,"minecraft:jungle_sapling":13,"minecraft:iron_pickaxe":1,"minecraft:melon_slice":29,"minecraft:sugar_cane":13,"minecraft:chest":3,"minecraft:phantom_membrane":2,"minecraft:piston":45,"minecraft:furnace":9,"minecraft:iron_boots":1,"minecraft:egg":15,"minecraft:golden_helmet":1,"minecraft:stick":46,"minecraft:raw_iron":94,"minecraft:acacia_fence":8,"minecraft:oak_door":6,"minecraft:torch":28,"minecraft:acacia_log":158,"minecraft:stone_button":11,"minecraft:redstone":161,"minecraft:golden_chestplate":2,"minecraft:orange_bed":18,"minecraft:stone_sword":5,"minecraft:arrow":19,"minecraft:rotten_flesh":103,"minecraft:tropical_fish":32,"minecraft:shears":3,"minecraft:hay_block":12,"minecraft:armadillo_scute":7,"minecraft:saddle":1,"minecraft:snowball":11,"minecraft:cod":38,"minecraft:cobblestone":409,"minecraft:cooked_beef":7,"minecraft:repeater":12,"minecraft:salmon":5,"minecraft:andesite":12,"minecraft:jungle_log":544,"minecraft:acacia_leaves":327,"minecraft:leather":5,"minecraft:red_mushroom":6,"minecraft:potato":1,"minecraft:oak_log":174,"minecraft:yellow_bed":1,"minecraft:gunpowder":16,"minecraft:acacia_boat":1,"minecraft:dirt":1309,"minecraft:white_banner":1,"minecraft:cooked_mutton":4,"minecraft:leather_boots":1,"minecraft:bone":13,"minecraft:acacia_planks":26,"minecraft:apple":2,"minecraft:stonecutter":1,"minecraft:bow":1,"minecraft:wheat_seeds":77,"minecraft:grindstone":1,"minecraft:iron_ingot":4,"minecraft:stone_pickaxe":8,"minecraft:cooked_chicken":13,"minecraft:bamboo":30,"minecraft:oak_planks":305,"minecraft:acacia_sapling":43,"minecraft:gravel":28,"minecraft:sand":128,"minecraft:jungle_planks":37,"minecraft:spruce_sapling":1,"minecraft:white_bed":3,"minecraft:spruce_log":9,"minecraft:acacia_stairs":1,"minecraft:spider_eye":2,"minecraft:mossy_cobblestone":4,"minecraft:slime_ball":10,"minecraft:stone_axe":8,"minecraft:lever":19,"minecraft:short_grass":7,"minecraft:iron_helmet":1,"minecraft:lead":5,"minecraft:netherrack":14,"minecraft:granite":7,"minecraft:painting":16,"minecraft:bone_meal":13,"minecraft:redstone_lamp":8,"minecraft:bread":133,"minecraft:oak_sapling":41,"minecraft:oak_leaves":75,"minecraft:dark_oak_fence":6,"minecraft:coal":243,"minecraft:diamond_pickaxe":2,"minecraft:diamond_sword":1,"minecraft:ender_pearl":1},"minecraft:killed":{"minecraft:armadillo":1,"minecraft:spider":6,"minecraft:cod":1,"minecraft:phantom":6,"minecraft:pufferfish":1,"minecraft:skeleton":10,"minecraft:tropical_fish":7,"minecraft:zombie_villager":1,"minecraft:salmon":3,"minecraft:creeper":4,"minecraft:zombie":29,"minecraft:enderman":1,"minecraft:cow":3}},"DataVersion":3953}