{"stats":{"minecraft:killed":{"minecraft:armadillo":1,"minecraft:spider":4,"minecraft:cod":1,"minecraft:pufferfish":1,"minecraft:skeleton":10,"minecraft:tropical_fish":7,"minecraft:salmon":3,"minecraft:creeper":2,"minecraft:zombie":25,"minecraft:enderman":1,"minecraft:cow":3},"minecraft:picked_up":{"minecraft:wooden_axe":4,"minecraft:fishing_rod":6,"minecraft:cocoa_beans":36,"minecraft:crafting_table":16,"minecraft:wheat":2,"minecraft:chicken":5,"minecraft:wooden_pickaxe":7,"minecraft:potion":7,"minecraft:shield":2,"minecraft:sticky_piston":9,"minecraft:red_bed":1,"minecraft:string":57,"minecraft:raw_copper":5,"minecraft:cooked_salmon":1,"minecraft:flint_and_steel":1,"minecraft:pufferfish":22,"minecraft:cobbled_deepslate":9,"minecraft:beef":52,"minecraft:jungle_sapling":7,"minecraft:iron_pickaxe":1,"minecraft:melon_slice":29,"minecraft:sugar_cane":5,"minecraft:chest":3,"minecraft:piston":45,"minecraft:furnace":9,"minecraft:iron_boots":1,"minecraft:egg":14,"minecraft:stick":39,"minecraft:raw_iron":94,"minecraft:oak_door":6,"minecraft:acacia_fence":8,"minecraft:torch":27,"minecraft:acacia_log":158,"minecraft:stone_button":11,"minecraft:redstone":161,"minecraft:orange_bed":17,"minecraft:rotten_flesh":89,"minecraft:stone_sword":5,"minecraft:arrow":19,"minecraft:tropical_fish":32,"minecraft:shears":3,"minecraft:hay_block":12,"minecraft:armadillo_scute":7,"minecraft:cod":38,"minecraft:cobblestone":380,"minecraft:cooked_beef":7,"minecraft:repeater":12,"minecraft:andesite":12,"minecraft:salmon":5,"minecraft:jungle_log":405,"minecraft:acacia_leaves":327,"minecraft:leather":5,"minecraft:red_mushroom":6,"minecraft:potato":1,"minecraft:oak_log":174,"minecraft:yellow_bed":1,"minecraft:gunpowder":14,"minecraft:acacia_boat":1,"minecraft:dirt":1305,"minecraft:leather_boots":1,"minecraft:cooked_mutton":4,"minecraft:bone":13,"minecraft:acacia_planks":21,"minecraft:apple":2,"minecraft:bow":1,"minecraft:wheat_seeds":76,"minecraft:cooked_chicken":13,"minecraft:stone_pickaxe":8,"minecraft:iron_ingot":4,"minecraft:bamboo":30,"minecraft:acacia_sapling":43,"minecraft:oak_planks":304,"minecraft:gravel":28,"minecraft:jungle_planks":36,"minecraft:sand":128,"minecraft:spruce_sapling":1,"minecraft:white_bed":2,"minecraft:spruce_log":8,"minecraft:acacia_stairs":1,"minecraft:spider_eye":2,"minecraft:mossy_cobblestone":4,"minecraft:slime_ball":10,"minecraft:stone_axe":8,"minecraft:lever":16,"minecraft:short_grass":7,"minecraft:iron_helmet":1,"minecraft:granite":7,"minecraft:painting":16,"minecraft:bone_meal":13,"minecraft:bread":133,"minecraft:oak_sapling":41,"minecraft:dark_oak_fence":6,"minecraft:oak_leaves":75,"minecraft:coal":243,"minecraft:ender_pearl":1},"minecraft:broken":{"minecraft:shears":1,"minecraft:stone_pickaxe":1,"minecraft:stone_axe":7,"minecraft:iron_pickaxe":1,"minecraft:stone_shovel":9},"minecraft:custom":{"minecraft:mob_kills":58,"minecraft:interact_with_crafting_table":63,"minecraft:bell_ring":47,"minecraft:leave_game":3,"minecraft:time_since_death":658859,"minecraft:climb_one_cm":14570,"minecraft:sprint_one_cm":1190477,"minecraft:walk_one_cm":2633700,"minecraft:damage_blocked_by_shield":1050,"minecraft:drop":24,"minecraft:talked_to_villager":3,"minecraft:play_time":724487,"minecraft:deaths":7,"minecraft:sneak_time":19704,"minecraft:walk_under_water_one_cm":39895,"minecraft:jump":5694,"minecraft:walk_on_water_one_cm":85668,"minecraft:total_world_time":724487,"minecraft:interact_with_furnace":96,"minecraft:sleep_in_bed":19,"minecraft:time_since_rest":117315,"minecraft:damage_taken":4245,"minecraft:damage_dealt":7878,"minecraft:swim_one_cm":69433,"minecraft:fly_one_cm":981100,"minecraft:open_chest":186,"minecraft:crouch_one_cm":78242,"minecraft:interact_with_smoker":12,"minecraft:fish_caught":11,"minecraft:fall_one_cm":108910},"minecraft:used":{"minecraft:stone_sword":118,"minecraft:acacia_log":16,"minecraft:flint_and_steel":6,"minecraft:stone_shovel":1260,"minecraft:redstone":103,"minecraft:chest":3,"minecraft:shield":22,"minecraft:cooked_salmon":4,"minecraft:cooked_chicken":13,"minecraft:iron_chestplate":1,"minecraft:oak_door":9,"minecraft:orange_bed":12,"minecraft:torch":10,"minecraft:dirt":768,"minecraft:cocoa_beans":1,"minecraft:jungle_planks":422,"minecraft:acacia_sapling":21,"minecraft:jungle_sapling":5,"minecraft:wooden_axe":1,"minecraft:jungle_log":16,"minecraft:iron_boots":1,"minecraft:red_stained_glass_pane":16,"minecraft:repeater":12,"minecraft:oak_sapling":6,"minecraft:furnace":2,"minecraft:cooked_cod":6,"minecraft:egg":1,"minecraft:cooked_beef":15,"minecraft:acacia_planks":17,"minecraft:iron_leggings":1,"minecraft:cooked_mutton":4,"minecraft:water_bucket":118,"minecraft:glass_bottle":1,"minecraft:stone_pickaxe":171,"minecraft:oak_planks":339,"minecraft:wooden_pickaxe":36,"minecraft:sugar_cane":4,"minecraft:oak_leaves":70,"minecraft:crafting_table":17,"minecraft:red_bed":1,"minecraft:acacia_leaves":295,"minecraft:white_bed":2,"minecraft:painting":18,"minecraft:spruce_log":8,"minecraft:shears":429,"minecraft:oak_log":2,"minecraft:sticky_piston":13,"minecraft:piston":45,"minecraft:lever":18,"minecraft:iron_pickaxe":57,"minecraft:bread":27,"minecraft:melon_slice":12,"minecraft:stone_button":11,"minecraft:pufferfish":1,"minecraft:stone_axe":965,"minecraft:fishing_rod":19,"minecraft:cobblestone":35,"minecraft:potion":2,"minecraft:bucket":118,"minecraft:glass_pane":127,"minecraft:yellow_bed":1,"minecraft:bone_meal":21},"minecraft:dropped":{"minecraft:acacia_boat":1,"minecraft:wheat_seeds":2,"minecraft:oak_log":64,"minecraft:cobblestone":15,"minecraft:leather":5,"minecraft:granite":1,"minecraft:jungle_planks":65,"minecraft:acacia_log":64,"minecraft:dirt":34,"minecraft:wooden_sword":1,"minecraft:sand":64,"minecraft:bucket":1,"minecraft:acacia_planks":38,"minecraft:stone_axe":1,"minecraft:wheat":2,"minecraft:chicken":5,"minecraft:jungle_log":42,"minecraft:wooden_pickaxe":2},"minecraft:crafted":{"minecraft:red_stained_glass_pane":16,"minecraft:wooden_sword":1,"minecraft:oak_door":3,"minecraft:oak_planks":432,"minecraft:stone_shovel":9,"minecraft:fishing_rod":2,"minecraft:stone_button":2,"minecraft:furnace":1,"minecraft:piston":10,"minecraft:stone":9,"minecraft:lever":2,"minecraft:bone_meal":21,"minecraft:glass_pane":144,"minecraft:glass":58,"minecraft:repeater":2,"minecraft:stone_pickaxe":3,"minecraft:cooked_beef":11,"minecraft:coal_block":1,"minecraft:red_dye":2,"minecraft:cooked_cod":11,"minecraft:crafting_table":3,"minecraft:wooden_pickaxe":1,"minecraft:cooked_salmon":4,"minecraft:sticky_piston":4,"minecraft:bucket":2,"minecraft:stone_axe":8,"minecraft:painting":2,"minecraft:air":0,"minecraft:jungle_planks":520,"minecraft:red_stained_glass":8,"minecraft:iron_chestplate":1,"minecraft:stick":56,"minecraft:iron_ingot":31,"minecraft:iron_pickaxe":1,"minecraft:wooden_axe":1,"minecraft:stone_sword":2,"minecraft:iron_leggings":1,"minecraft:redstone_torch":4,"minecraft:acacia_planks":56},"minecraft:mined":{"minecraft:white_bed":2,"minecraft:oak_sapling":5,"minecraft:mossy_cobblestone":4,"minecraft:oak_door":6,"minecraft:jungle_leaves":53,"minecraft:stone_button":9,"minecraft:lever":16,"minecraft:granite":1,"minecraft:acacia_log":145,"minecraft:grass_block":967,"minecraft:jungle_planks":31,"minecraft:jungle_log":165,"minecraft:redstone_wire":94,"minecraft:red_mushroom":6,"minecraft:furnace":2,"minecraft:iron_ore":13,"minecraft:sticky_piston":9,"minecraft:fire":4,"minecraft:andesite":3,"minecraft:vine":31,"minecraft:dirt_path":2,"minecraft:stone":106,"minecraft:orange_bed":11,"minecraft:acacia_leaves":421,"minecraft:glass_pane":3,"minecraft:red_bed":2,"minecraft:clay":6,"minecraft:crafting_table":15,"minecraft:torch":6,"minecraft:short_grass":166,"minecraft:melon":3,"minecraft:chest":3,"minecraft:copper_ore":1,"minecraft:tall_grass":3,"minecraft:cobblestone":10,"minecraft:sugar_cane":3,"minecraft:oak_planks":110,"minecraft:wall_torch":4,"minecraft:repeater":11,"minecraft:wheat":1,"minecraft:spruce_log":7,"minecraft:yellow_bed":1,"minecraft:oak_log":175,"minecraft:coal_ore":50,"minecraft:cocoa":14,"minecraft:acacia_fence":1,"minecraft:gravel":7,"minecraft:sand":128,"minecraft:dirt":135,"minecraft:cobweb":4,"minecraft:acacia_planks":14,"minecraft:piston":45,"minecraft:oak_leaves":210,"minecraft:fern":2},"minecraft:killed_by":{"minecraft:creeper":1,"minecraft:skeleton":5,"minecraft:zombie":1}},"DataVersion":3953}