{"stats":{"minecraft:dropped":{"minecraft:wheat_seeds":2,"minecraft:oak_log":64,"minecraft:leather":5,"minecraft:granite":1,"minecraft:jungle_planks":1,"minecraft:acacia_log":64,"minecraft:wooden_sword":1,"minecraft:acacia_planks":32,"minecraft:wheat":2,"minecraft:chicken":5,"minecraft:jungle_log":42,"minecraft:wooden_pickaxe":2},"minecraft:broken":{"minecraft:shears":1,"minecraft:stone_pickaxe":1,"minecraft:stone_axe":2,"minecraft:stone_shovel":8},"minecraft:used":{"minecraft:stone_sword":92,"minecraft:flint_and_steel":6,"minecraft:stone_shovel":1178,"minecraft:shield":2,"minecraft:cooked_salmon":3,"minecraft:iron_chestplate":1,"minecraft:oak_door":9,"minecraft:orange_bed":8,"minecraft:torch":5,"minecraft:dirt":633,"minecraft:cocoa_beans":1,"minecraft:jungle_planks":81,"minecraft:jungle_sapling":4,"minecraft:wooden_axe":1,"minecraft:jungle_log":6,"minecraft:iron_boots":1,"minecraft:furnace":2,"minecraft:egg":1,"minecraft:cooked_beef":3,"minecraft:iron_leggings":1,"minecraft:cooked_mutton":1,"minecraft:glass_bottle":1,"minecraft:stone_pickaxe":131,"minecraft:oak_planks":1,"minecraft:wooden_pickaxe":33,"minecraft:oak_leaves":70,"minecraft:crafting_table":10,"minecraft:acacia_leaves":287,"minecraft:shears":423,"minecraft:melon_slice":12,"minecraft:bread":26,"minecraft:pufferfish":1,"minecraft:stone_axe":352,"minecraft:fishing_rod":7,"minecraft:cobblestone":35,"minecraft:potion":2,"minecraft:glass_pane":126},"minecraft:killed_by":{"minecraft:creeper":1,"minecraft:skeleton":5,"minecraft:zombie":1},"minecraft:crafted":{"minecraft:wooden_sword":1,"minecraft:oak_door":3,"minecraft:oak_planks":56,"minecraft:stone_shovel":9,"minecraft:fishing_rod":1,"minecraft:furnace":1,"minecraft:glass_pane":144,"minecraft:glass":58,"minecraft:stone_pickaxe":2,"minecraft:coal_block":1,"minecraft:crafting_table":3,"minecraft:wooden_pickaxe":1,"minecraft:cooked_salmon":3,"minecraft:stone_axe":3,"minecraft:air":0,"minecraft:jungle_planks":120,"minecraft:iron_chestplate":1,"minecraft:stick":32,"minecraft:iron_ingot":12,"minecraft:wooden_axe":1,"minecraft:stone_sword":1,"minecraft:iron_leggings":1,"minecraft:acacia_planks":32},"minecraft:picked_up":{"minecraft:wooden_axe":4,"minecraft:fishing_rod":6,"minecraft:cocoa_beans":30,"minecraft:crafting_table":9,"minecraft:wheat":2,"minecraft:chicken":5,"minecraft:wooden_pickaxe":7,"minecraft:potion":7,"minecraft:shield":2,"minecraft:string":28,"minecraft:cooked_salmon":1,"minecraft:flint_and_steel":1,"minecraft:pufferfish":22,"minecraft:beef":49,"minecraft:jungle_sapling":4,"minecraft:melon_slice":29,"minecraft:furnace":9,"minecraft:iron_boots":1,"minecraft:egg":13,"minecraft:stick":24,"minecraft:raw_iron":93,"minecraft:acacia_fence":7,"minecraft:oak_door":6,"minecraft:torch":19,"minecraft:acacia_log":72,"minecraft:orange_bed":13,"minecraft:rotten_flesh":75,"minecraft:stone_sword":5,"minecraft:arrow":6,"minecraft:tropical_fish":32,"minecraft:shears":3,"minecraft:hay_block":12,"minecraft:armadillo_scute":7,"minecraft:cod":32,"minecraft:cobblestone":312,"minecraft:cooked_beef":4,"minecraft:salmon":3,"minecraft:jungle_log":295,"minecraft:andesite":12,"minecraft:leather":5,"minecraft:acacia_leaves":321,"minecraft:red_mushroom":6,"minecraft:potato":1,"minecraft:oak_log":79,"minecraft:gunpowder":12,"minecraft:dirt":1220,"minecraft:cooked_mutton":4,"minecraft:bone":3,"minecraft:acacia_planks":4,"minecraft:wheat_seeds":74,"minecraft:iron_ingot":4,"minecraft:stone_pickaxe":8,"minecraft:bamboo":30,"minecraft:oak_planks":194,"minecraft:acacia_sapling":22,"minecraft:gravel":28,"minecraft:sand":64,"minecraft:jungle_planks":14,"minecraft:stone_axe":7,"minecraft:short_grass":7,"minecraft:iron_helmet":1,"minecraft:granite":7,"minecraft:bone_meal":13,"minecraft:bread":133,"minecraft:oak_sapling":31,"minecraft:oak_leaves":75,"minecraft:coal":243},"minecraft:mined":{"minecraft:oak_door":6,"minecraft:jungle_leaves":46,"minecraft:granite":1,"minecraft:acacia_log":73,"minecraft:grass_block":928,"minecraft:jungle_planks":14,"minecraft:jungle_log":54,"minecraft:red_mushroom":6,"minecraft:furnace":2,"minecraft:iron_ore":12,"minecraft:fire":3,"minecraft:andesite":3,"minecraft:vine":10,"minecraft:dirt_path":2,"minecraft:stone":74,"minecraft:orange_bed":6,"minecraft:acacia_leaves":353,"minecraft:glass_pane":2,"minecraft:crafting_table":8,"minecraft:short_grass":152,"minecraft:melon":3,"minecraft:tall_grass":2,"minecraft:cobblestone":10,"minecraft:oak_planks":1,"minecraft:wall_torch":2,"minecraft:coal_ore":50,"minecraft:oak_log":80,"minecraft:cocoa":14,"minecraft:sand":66,"minecraft:acacia_fence":1,"minecraft:gravel":7,"minecraft:dirt":128,"minecraft:cobweb":4,"minecraft:acacia_planks":3,"minecraft:oak_leaves":126,"minecraft:fern":1},"minecraft:custom":{"minecraft:mob_kills":33,"minecraft:interact_with_crafting_table":28,"minecraft:bell_ring":29,"minecraft:time_since_death":160045,"minecraft:climb_one_cm":9487,"minecraft:sprint_one_cm":564744,"minecraft:walk_one_cm":1179491,"minecraft:damage_blocked_by_shield":120,"minecraft:drop":14,"minecraft:talked_to_villager":3,"minecraft:play_time":225673,"minecraft:deaths":7,"minecraft:sneak_time":12523,"minecraft:walk_under_water_one_cm":24369,"minecraft:jump":2713,"minecraft:walk_on_water_one_cm":25083,"minecraft:total_world_time":225673,"minecraft:interact_with_furnace":55,"minecraft:sleep_in_bed":8,"minecraft:time_since_rest":59078,"minecraft:damage_taken":3128,"minecraft:damage_dealt":3799,"minecraft:swim_one_cm":57312,"minecraft:fly_one_cm":436513,"minecraft:open_chest":12,"minecraft:crouch_one_cm":56587,"minecraft:interact_with_smoker":2,"minecraft:fish_caught":3,"minecraft:fall_one_cm":52344},"minecraft:killed":{"minecraft:armadillo":1,"minecraft:cod":1,"minecraft:pufferfish":1,"minecraft:tropical_fish":7,"minecraft:salmon":3,"minecraft:creeper":1,"minecraft:zombie":16,"minecraft:cow":3}},"DataVersion":3953}