{"stats":{"minecraft:killed_by":{"minecraft:creeper":1,"minecraft:zombie":1,"minecraft:skeleton":5},"minecraft:crafted":{"minecraft:red_stained_glass_pane":168,"minecraft:grindstone":1,"minecraft:oak_planks":432,"minecraft:smooth_stone":3,"minecraft:cooked_chicken":1,"minecraft:stone":20,"minecraft:lever":4,"minecraft:glass":58,"minecraft:repeater":2,"minecraft:diamond_helmet":1,"minecraft:diamond_leggings":1,"minecraft:cooked_porkchop":7,"minecraft:diamond_axe":1,"minecraft:crafting_table":3,"minecraft:wooden_pickaxe":1,"minecraft:sticky_piston":4,"minecraft:painting":2,"minecraft:iron_chestplate":1,"minecraft:diamond_pickaxe":1,"minecraft:shield":1,"minecraft:stick":176,"minecraft:stone_slab":6,"minecraft:iron_ingot":40,"minecraft:iron_pickaxe":1,"minecraft:stone_sword":2,"minecraft:redstone_torch":4,"minecraft:wooden_sword":1,"minecraft:oak_door":3,"minecraft:stone_shovel":9,"minecraft:fishing_rod":2,"minecraft:furnace":3,"minecraft:stone_button":2,"minecraft:blast_furnace":1,"minecraft:piston":10,"minecraft:bone_meal":21,"minecraft:glass_pane":272,"minecraft:stone_pickaxe":3,"minecraft:diamond_boots":1,"minecraft:jungle_fence":159,"minecraft:cooked_beef":11,"minecraft:coal_block":1,"minecraft:red_dye":2,"minecraft:cooked_cod":13,"minecraft:diamond_sword":1,"minecraft:cooked_salmon":9,"minecraft:bucket":2,"minecraft:stone_axe":8,"minecraft:jungle_planks":572,"minecraft:air":0,"minecraft:red_stained_glass":8,"minecraft:wooden_axe":1,"minecraft:iron_leggings":1,"minecraft:stonecutter":1,"minecraft:acacia_planks":56,"minecraft:diamond_chestplate":1},"minecraft:broken":{"minecraft:shears":1,"minecraft:stone_pickaxe":1,"minecraft:stone_axe":8,"minecraft:stone_shovel":9,"minecraft:shield":1,"minecraft:iron_pickaxe":1},"minecraft:used":{"minecraft:chest":3,"minecraft:shield":66,"minecraft:iron_chestplate":1,"minecraft:cocoa_beans":1,"minecraft:jungle_planks":422,"minecraft:acacia_sapling":21,"minecraft:jungle_sapling":14,"minecraft:glass":1,"minecraft:item_frame":1,"minecraft:red_stained_glass_pane":18,"minecraft:repeater":12,"minecraft:redstone_lamp":8,"minecraft:furnace":3,"minecraft:oak_sapling":6,"minecraft:cooked_cod":23,"minecraft:egg":1,"minecraft:stone_pickaxe":171,"minecraft:oak_planks":342,"minecraft:jungle_fence":155,"minecraft:wooden_pickaxe":36,"minecraft:diamond_axe":160,"minecraft:sugar_cane":4,"minecraft:oak_leaves":70,"minecraft:acacia_leaves":295,"minecraft:shears":429,"minecraft:sticky_piston":13,"minecraft:lever":23,"minecraft:bread":35,"minecraft:melon_slice":12,"minecraft:stone_button":11,"minecraft:pufferfish":1,"minecraft:diamond_sword":123,"minecraft:grindstone":2,"minecraft:bone_meal":21,"minecraft:stone_sword":127,"minecraft:acacia_log":16,"minecraft:flint_and_steel":6,"minecraft:stone_shovel":1260,"minecraft:redstone":103,"minecraft:ender_chest":7,"minecraft:cooked_salmon":5,"minecraft:cooked_chicken":14,"minecraft:oak_door":9,"minecraft:orange_bed":13,"minecraft:torch":10,"minecraft:dirt":768,"minecraft:anvil":1,"minecraft:wooden_axe":1,"minecraft:jungle_log":74,"minecraft:iron_boots":1,"minecraft:cooked_beef":28,"minecraft:acacia_planks":18,"minecraft:iron_leggings":1,"minecraft:cooked_mutton":4,"minecraft:water_bucket":118,"minecraft:glass_bottle":1,"minecraft:stonecutter":2,"minecraft:salmon":1,"minecraft:crafting_table":17,"minecraft:red_bed":1,"minecraft:white_bed":3,"minecraft:painting":18,"minecraft:spruce_log":8,"minecraft:oak_log":2,"minecraft:piston":45,"minecraft:diamond_pickaxe":75,"minecraft:iron_pickaxe":89,"minecraft:stone_axe":998,"minecraft:fishing_rod":20,"minecraft:cobblestone":35,"minecraft:potion":2,"minecraft:white_banner":1,"minecraft:cooked_porkchop":7,"minecraft:bucket":118,"minecraft:glass_pane":127,"minecraft:yellow_bed":1},"minecraft:mined":{"minecraft:white_bed":2,"minecraft:oak_sapling":5,"minecraft:jungle_leaves":70,"minecraft:granite":1,"minecraft:acacia_log":145,"minecraft:grass_block":968,"minecraft:jungle_log":304,"minecraft:red_stained_glass_pane":2,"minecraft:iron_ore":13,"minecraft:sticky_piston":9,"minecraft:fire":21,"minecraft:anvil":1,"minecraft:dirt_path":2,"minecraft:white_banner":1,"minecraft:orange_bed":11,"minecraft:red_bed":2,"minecraft:clay":6,"minecraft:torch":6,"minecraft:melon":5,"minecraft:chest":3,"minecraft:glass":54,"minecraft:cobblestone":10,"minecraft:grindstone":1,"minecraft:sugar_cane":7,"minecraft:oak_planks":113,"minecraft:wall_torch":4,"minecraft:repeater":11,"minecraft:wheat":1,"minecraft:oak_log":175,"minecraft:acacia_fence":1,"minecraft:sand":128,"minecraft:dirt":135,"minecraft:stonecutter":1,"minecraft:piston":45,"minecraft:oak_leaves":210,"minecraft:redstone_lamp":8,"minecraft:mossy_cobblestone":4,"minecraft:oak_door":6,"minecraft:lever":19,"minecraft:stone_button":9,"minecraft:jungle_planks":32,"minecraft:redstone_wire":94,"minecraft:spruce_leaves":6,"minecraft:red_mushroom":6,"minecraft:furnace":2,"minecraft:jungle_sapling":1,"minecraft:andesite":3,"minecraft:vine":51,"minecraft:stone":135,"minecraft:ender_chest":7,"minecraft:acacia_leaves":421,"minecraft:glass_pane":3,"minecraft:crafting_table":15,"minecraft:short_grass":172,"minecraft:tall_grass":3,"minecraft:copper_ore":1,"minecraft:spruce_log":8,"minecraft:yellow_bed":1,"minecraft:coal_ore":50,"minecraft:cocoa":14,"minecraft:gravel":7,"minecraft:cobweb":4,"minecraft:acacia_planks":19,"minecraft:fern":2},"minecraft:custom":{"minecraft:interact_with_crafting_table":105,"minecraft:bell_ring":52,"minecraft:leave_game":4,"minecraft:time_since_death":853912,"minecraft:sprint_one_cm":1830774,"minecraft:damage_blocked_by_shield":2869,"minecraft:drop":39,"minecraft:talked_to_villager":21,"minecraft:play_time":919540,"minecraft:deaths":7,"minecraft:jump":8598,"minecraft:interact_with_brewingstand":6,"minecraft:walk_on_water_one_cm":96725,"minecraft:enchant_item":1,"minecraft:interact_with_furnace":127,"minecraft:sleep_in_bed":21,"minecraft:open_enderchest":12,"minecraft:damage_dealt":13859,"minecraft:crouch_one_cm":102771,"minecraft:interact_with_smoker":30,"minecraft:mob_kills":87,"minecraft:interact_with_anvil":1,"minecraft:climb_one_cm":20203,"minecraft:walk_one_cm":3492748,"minecraft:sneak_time":26243,"minecraft:walk_under_water_one_cm":47036,"minecraft:total_world_time":919540,"minecraft:interact_with_grindstone":1,"minecraft:interact_with_stonecutter":4,"minecraft:time_since_rest":111841,"minecraft:damage_taken":5954,"minecraft:swim_one_cm":79493,"minecraft:fly_one_cm":1590955,"minecraft:open_chest":303,"minecraft:fish_caught":11,"minecraft:fall_one_cm":155165},"minecraft:dropped":{"minecraft:acacia_boat":1,"minecraft:oak_log":64,"minecraft:leather":5,"minecraft:jungle_planks":65,"minecraft:saddle":1,"minecraft:dirt":34,"minecraft:wooden_sword":1,"minecraft:sand":64,"minecraft:stone_axe":1,"minecraft:wheat":2,"minecraft:rotten_flesh":7,"minecraft:red_stained_glass_pane":128,"minecraft:jungle_log":42,"minecraft:wheat_seeds":2,"minecraft:cobblestone":15,"minecraft:granite":1,"minecraft:acacia_log":64,"minecraft:bucket":1,"minecraft:acacia_planks":38,"minecraft:chicken":5,"minecraft:blast_furnace":1,"minecraft:diamond_sword":2,"minecraft:shield":1,"minecraft:diamond_pickaxe":1,"minecraft:wooden_pickaxe":2},"minecraft:picked_up":{"minecraft:wooden_axe":4,"minecraft:wheat":2,"minecraft:ender_chest":8,"minecraft:anvil":1,"minecraft:lead":5,"minecraft:diamond_sword":2,"minecraft:potion":7,"minecraft:enchanted_book":2,"minecraft:string":60,"minecraft:raw_copper":5,"minecraft:cooked_salmon":1,"minecraft:sticky_piston":9,"minecraft:pufferfish":22,"minecraft:cobbled_deepslate":12,"minecraft:spruce_planks":28,"minecraft:red_dye":32,"minecraft:iron_pickaxe":1,"minecraft:melon_slice":29,"minecraft:iron_boots":1,"minecraft:furnace":9,"minecraft:golden_helmet":1,"minecraft:stick":53,"minecraft:acacia_fence":8,"minecraft:torch":28,"minecraft:acacia_log":158,"minecraft:golden_chestplate":2,"minecraft:orange_bed":18,"minecraft:stone_sword":5,"minecraft:rotten_flesh":108,"minecraft:tropical_fish":32,"minecraft:armadillo_scute":7,"minecraft:cod":39,"minecraft:snowball":11,"minecraft:cobblestone":409,"minecraft:cooked_beef":7,"minecraft:repeater":12,"minecraft:jungle_log":544,"minecraft:andesite":12,"minecraft:acacia_leaves":327,"minecraft:potato":1,"minecraft:acacia_boat":1,"minecraft:dirt":1309,"minecraft:leather_boots":1,"minecraft:glass":54,"minecraft:bone":16,"minecraft:acacia_planks":26,"minecraft:bow":1,"minecraft:stonecutter":1,"minecraft:wheat_seeds":78,"minecraft:grindstone":1,"minecraft:bamboo":30,"minecraft:oak_planks":307,"minecraft:jungle_planks":37,"minecraft:sand":128,"minecraft:melon":2,"minecraft:acacia_stairs":1,"minecraft:mossy_cobblestone":4,"minecraft:lever":19,"minecraft:granite":7,"minecraft:bone_meal":13,"minecraft:bread":133,"minecraft:oak_sapling":41,"minecraft:netherrack":14,"minecraft:dark_oak_fence":6,"minecraft:oak_leaves":75,"minecraft:diamond_pickaxe":2,"minecraft:fishing_rod":6,"minecraft:cocoa_beans":36,"minecraft:crafting_table":16,"minecraft:chicken":5,"minecraft:redstone_lamp":8,"minecraft:packed_ice":1,"minecraft:wooden_pickaxe":7,"minecraft:shield":3,"minecraft:red_bed":1,"minecraft:flint_and_steel":1,"minecraft:item_frame":1,"minecraft:glass_pane":28,"minecraft:beef":52,"minecraft:jungle_sapling":16,"minecraft:poppy":16,"minecraft:spruce_slab":7,"minecraft:sugar_cane":13,"minecraft:chest":3,"minecraft:piston":45,"minecraft:phantom_membrane":2,"minecraft:egg":15,"minecraft:raw_iron":94,"minecraft:oak_door":6,"minecraft:red_stained_glass_pane":1,"minecraft:stone_button":11,"minecraft:redstone":168,"minecraft:arrow":27,"minecraft:shears":3,"minecraft:hay_block":12,"minecraft:saddle":1,"minecraft:salmon":5,"minecraft:leather":5,"minecraft:red_mushroom":6,"minecraft:oak_log":174,"minecraft:yellow_bed":1,"minecraft:gunpowder":16,"minecraft:white_banner":1,"minecraft:cooked_mutton":4,"minecraft:apple":2,"minecraft:stone_pickaxe":8,"minecraft:iron_ingot":4,"minecraft:cooked_chicken":13,"minecraft:acacia_sapling":43,"minecraft:gravel":28,"minecraft:spruce_sapling":1,"minecraft:white_bed":3,"minecraft:spruce_log":13,"minecraft:spider_eye":2,"minecraft:slime_ball":10,"minecraft:stone_axe":8,"minecraft:iron_helmet":1,"minecraft:short_grass":7,"minecraft:painting":16,"minecraft:acacia_slab":2,"minecraft:coal":243,"minecraft:ender_pearl":1},"minecraft:killed":{"minecraft:witch":1,"minecraft:spider":6,"minecraft:cod":1,"minecraft:pufferfish":1,"minecraft:skeleton":16,"minecraft:tropical_fish":7,"minecraft:zombie_villager":1,"minecraft:salmon":3,"minecraft:creeper":4,"minecraft:zombie":34,"minecraft:cow":3,"minecraft:armadillo":1,"minecraft:phantom":6,"minecraft:enderman":1}},"DataVersion":3953}